target,block,model,method,n,n_records,n_dates,n_seeds,coverage,signed_coverage_error,abs_coverage_gap,below_lower_rate,above_upper_rate,lower_miss_rate,upper_miss_rate,avg_width,median_width,interval_score,pinball_lower,pinball_median,pinball_upper,point_loss,nominal_coverage,point_loss_scale,inference,fear,neutral,greed,max_abs_regime_gap,global_undercoverage_penalty,fear_undercoverage_penalty,undercoverage_penalty
gk_future_7,full,gru,cqr,8640,8640,1440,6,0.9512731481481481,0.0012731481481481621,0.0012731481481481621,0.012847222222222222,0.03587962962962963,0.012847222222222222,0.03587962962962963,0.15148494991566544,0.13912561349570746,0.17933963838432088,0.0014682791143397662,0.011931793148507012,0.0030152118452681604,106364.83699592506,0.95,volatility_qlike,descriptive_only,0.015262379896526235,0.0008290451686678857,-0.013628899835796293,0.015262379896526235,0.0,0.0,0.0
gk_future_7,price_only,gru,raw_quantile,8640,8640,1440,6,0.9797453703703703,0.029745370370370394,0.029745370370370394,0.012847222222222222,0.007407407407407408,0.012847222222222222,0.007407407407407408,0.1487349081628357,0.14289034716784949,0.15613728458576212,0.0011815968573365414,0.009133420724741515,0.002721835257307415,-1.7105639210909964,0.95,volatility_qlike,descriptive_only,0.03226164079822624,0.0299885648942253,0.026600985221674867,0.03226164079822624,0.0,0.0,0.0
gk_future_7,price_only,gru,regime_cqr,8640,8640,1440,6,0.9835648148148148,0.03356481481481488,0.03356481481481488,0.009722222222222222,0.006712962962962963,0.009722222222222222,0.006712962962962963,0.15268452794820153,0.14759344358608079,0.15824564562549776,0.001195219507948615,0.009133420724741515,0.002760921632688733,-1.7105639210909964,0.95,volatility_qlike,descriptive_only,0.03300073909830015,0.034562607204116635,0.03275862068965518,0.034562607204116635,0.0,0.0,0.0
gk_future_7,price_only,gru,cqr,8640,8640,1440,6,0.9840277777777777,0.03402777777777777,0.03402777777777777,0.00949074074074074,0.006481481481481481,0.00949074074074074,0.006481481481481481,0.15331726767801637,0.14814987111026706,0.1590006855543798,0.0012040576674609933,0.009133420724741515,0.0027709594713984063,-1.7105639210909964,0.95,volatility_qlike,descriptive_only,0.03373983739837405,0.034562607204116635,0.03357963875205261,0.034562607204116635,0.0,0.0,0.0
gk_future_7,price_only,lstm,raw_quantile,8640,8640,1440,6,0.982175925925926,0.032175925925926,0.032175925925926,0.007407407407407408,0.010416666666666666,0.007407407407407408,0.010416666666666666,0.14908206651900266,0.13821486011147494,0.15593602725532182,0.0011184158415662906,0.009108343145360924,0.0027799848398166586,-1.7125463115250028,0.95,volatility_qlike,descriptive_only,0.02819660014781966,0.0405660377358491,0.024548440065681465,0.0405660377358491,0.0,0.0,0.0
gk_future_7,price_only,lstm,regime_cqr,8640,8640,1440,6,0.9826388888888888,0.032638888888888884,0.032638888888888884,0.007291666666666667,0.010069444444444445,0.007291666666666667,0.010069444444444445,0.15237171206990288,0.14256959781050677,0.15883272406594953,0.0011555209014565554,0.009108343145360924,0.002815297200192087,-1.7125463115250028,0.95,volatility_qlike,descriptive_only,0.028566149297856613,0.04085191538021726,0.025369458128078892,0.04085191538021726,0.0,0.0,0.0
gk_future_7,price_only,lstm,cqr,8640,8640,1440,6,0.9824074074074074,0.03240740740740744,0.03240740740740744,0.007291666666666667,0.010300925925925925,0.007291666666666667,0.010300925925925925,0.1522680272060184,0.142550803720951,0.15903561642098468,0.0011540128630241312,0.009108343145360924,0.002821877547500388,-1.7125463115250028,0.95,volatility_qlike,descriptive_only,0.028566149297856613,0.04085191538021726,0.024548440065681465,0.04085191538021726,0.0,0.0,0.0
gk_future_7,full,ridge,raw_quantile,8640,8640,1440,6,0.98125,0.03125,0.03125,0.01875,0.0,0.01875,0.0,0.16660792498533716,0.16654538051523077,0.17080002777354059,0.0011027105691661806,0.008070648811691165,0.0031672901251722373,-1.7252398102408544,0.95,volatility_qlike,descriptive_only,0.0012195121951219523,0.041423670668953694,0.050000000000000044,0.050000000000000044,0.0,0.0,0.0
gk_future_7,price_onchain,ridge,raw_quantile,8640,8640,1440,6,0.98125,0.03125,0.03125,0.01875,0.0,0.01875,0.0,0.16660792498533716,0.16654538051523077,0.17080002777354059,0.0011027105691661806,0.008280078883407548,0.0031672901251722373,-1.7232357703317893,0.95,volatility_qlike,descriptive_only,0.0012195121951219523,0.041423670668953694,0.050000000000000044,0.050000000000000044,0.0,0.0,0.0
gk_future_7,price_only,ridge,raw_quantile,8640,8640,1440,6,0.98125,0.03125,0.03125,0.01875,0.0,0.01875,0.0,0.16660792498533716,0.16654538051523077,0.17080002777354059,0.0011027105691661806,0.00827731388573301,0.0031672901251722373,-1.7232484618051274,0.95,volatility_qlike,descriptive_only,0.0012195121951219523,0.041423670668953694,0.050000000000000044,0.050000000000000044,0.0,0.0,0.0
gk_future_7,full,ridge,regime_cqr,8640,8640,1440,6,0.98125,0.03125,0.03125,0.01875,0.0,0.01875,0.0,0.16690867406193005,0.16854187857905525,0.17096925501605717,0.0011031818867716836,0.008070648811691165,0.003171049488629649,-1.7252398102408544,0.95,volatility_qlike,descriptive_only,0.0012195121951219523,0.041423670668953694,0.050000000000000044,0.050000000000000044,0.0,0.0,0.0
gk_future_7,price_onchain,ridge,regime_cqr,8640,8640,1440,6,0.98125,0.03125,0.03125,0.01875,0.0,0.01875,0.0,0.16690867406193005,0.16854187857905525,0.17096925501605717,0.0011031818867716836,0.008280078883407548,0.003171049488629649,-1.7232357703317893,0.95,volatility_qlike,descriptive_only,0.0012195121951219523,0.041423670668953694,0.050000000000000044,0.050000000000000044,0.0,0.0,0.0
gk_future_7,price_only,ridge,regime_cqr,8640,8640,1440,6,0.98125,0.03125,0.03125,0.01875,0.0,0.01875,0.0,0.16690867406193005,0.16854187857905525,0.17096925501605717,0.0011031818867716836,0.00827731388573301,0.003171049488629649,-1.7232484618051274,0.95,volatility_qlike,descriptive_only,0.0012195121951219523,0.041423670668953694,0.050000000000000044,0.050000000000000044,0.0,0.0,0.0
gk_future_7,full,ridge,cqr,8640,8640,1440,6,0.98125,0.03125,0.03125,0.01875,0.0,0.01875,0.0,0.1675663928409457,0.16854187857905525,0.1716269737950728,0.0011114033715093794,0.008070648811691165,0.0031792709733673443,-1.7252398102408544,0.95,volatility_qlike,descriptive_only,0.0012195121951219523,0.041423670668953694,0.050000000000000044,0.050000000000000044,0.0,0.0,0.0
gk_future_7,price_onchain,ridge,cqr,8640,8640,1440,6,0.98125,0.03125,0.03125,0.01875,0.0,0.01875,0.0,0.1675663928409457,0.16854187857905525,0.1716269737950728,0.0011114033715093794,0.008280078883407548,0.0031792709733673443,-1.7232357703317893,0.95,volatility_qlike,descriptive_only,0.0012195121951219523,0.041423670668953694,0.050000000000000044,0.050000000000000044,0.0,0.0,0.0
gk_future_7,price_only,ridge,cqr,8640,8640,1440,6,0.98125,0.03125,0.03125,0.01875,0.0,0.01875,0.0,0.1675663928409457,0.16854187857905525,0.1716269737950728,0.0011114033715093794,0.00827731388573301,0.0031792709733673443,-1.7232484618051274,0.95,volatility_qlike,descriptive_only,0.0012195121951219523,0.041423670668953694,0.050000000000000044,0.050000000000000044,0.0,0.0,0.0
gk_future_7,full,gru,regime_cqr,8640,8640,1440,6,0.9478009259259259,-0.0021990740740740478,0.0021990740740740478,0.014351851851851852,0.03784722222222222,0.014351851851851852,0.03784722222222222,0.15155750659082873,0.1396167073398828,0.1826301948710736,0.0014773247641198227,0.011931793148507012,0.003088430107656922,106364.83699592506,0.95,volatility_qlike,descriptive_only,0.011936437546193668,-0.00031446540880497587,-0.020607553366174036,0.020607553366174036,0.0021990740740740478,0.0,0.0021990740740740478
gk_future_7,price_only,gbr,regime_cqr,8640,8640,1440,6,0.9761574074074074,0.026157407407407463,0.026157407407407463,0.022800925925925926,0.0010416666666666667,0.022800925925925926,0.0010416666666666667,0.14525331029696117,0.1439127900471277,0.14971349448880666,0.00099870308381851,0.008899449468829247,0.002744134278401561,-1.7161509743684733,0.95,volatility_qlike,descriptive_only,-0.00506282335550623,0.034276729559748476,0.04917898193760262,0.04917898193760262,0.0,0.00506282335550623,0.00506282335550623
gk_future_7,price_only,gbr,cqr,8640,8640,1440,6,0.9761574074074074,0.026157407407407463,0.026157407407407463,0.022800925925925926,0.0010416666666666667,0.022800925925925926,0.0010416666666666667,0.14583500287673032,0.14423937108092816,0.15029518706857578,0.0010059742410656243,0.008899449468829247,0.002751405435648675,-1.7161509743684733,0.95,volatility_qlike,descriptive_only,-0.00506282335550623,0.034276729559748476,0.04917898193760262,0.04917898193760262,0.0,0.00506282335550623,0.00506282335550623
gk_future_7,price_only,gbr,raw_quantile,8640,8640,1440,6,0.9756944444444444,0.025694444444444464,0.025694444444444464,0.02326388888888889,0.0010416666666666667,0.02326388888888889,0.0010416666666666667,0.14487532871827177,0.1435917414823092,0.14964896006501135,0.001001814492957246,0.008899449468829247,0.0027394095086679428,-1.7161509743684733,0.95,volatility_qlike,descriptive_only,-0.005801921655580133,0.033704974271012045,0.04917898193760262,0.04917898193760262,0.0,0.005801921655580133,0.005801921655580133
gk_future_7,price_onchain,lstm,cqr,8640,8640,1440,6,0.9528935185185186,0.0028935185185186008,0.0028935185185186008,0.02025462962962963,0.026851851851851852,0.02025462962962963,0.026851851851851852,0.15735849991696055,0.1540550860014412,0.18632987247783417,0.0015045173609569572,0.012879861716902072,0.0031537294509888015,122725.62449467814,0.95,volatility_qlike,descriptive_only,-0.011345158906134523,0.017409948542024045,-0.002134646962233089,0.017409948542024045,0.0,0.011345158906134523,0.011345158906134523
gk_future_7,price_onchain,gbr,cqr,8640,8640,1440,6,0.9719907407407408,0.02199074074074081,0.02199074074074081,0.024421296296296295,0.003587962962962963,0.024421296296296295,0.003587962962962963,0.14433790058462942,0.1429544788490528,0.14992880584133758,0.0009930718203329787,0.009167379455716822,0.002755148325700366,-1.7155972099335934,0.95,volatility_qlike,descriptive_only,-0.011345158906134523,0.03170383076043459,0.045073891625615814,0.045073891625615814,0.0,0.011345158906134523,0.011345158906134523
gk_future_7,price_onchain,gbr,regime_cqr,8640,8640,1440,6,0.971875,0.02187500000000009,0.02187500000000009,0.024537037037037038,0.003587962962962963,0.024537037037037038,0.003587962962962963,0.14378199011526727,0.142910357786764,0.14937824600859523,0.0009863553523585006,0.009167379455716822,0.002748100797856285,-1.7155972099335934,0.95,volatility_qlike,descriptive_only,-0.011714708056171474,0.03170383076043459,0.045073891625615814,0.045073891625615814,0.0,0.011714708056171474,0.011714708056171474
gk_future_7,price_onchain,lstm,regime_cqr,8640,8640,1440,6,0.9506944444444444,0.000694444444444442,0.000694444444444442,0.020949074074074075,0.028356481481481483,0.020949074074074075,0.028356481481481483,0.15686917583783652,0.1535415040444839,0.18753111395350835,0.0015037974436840143,0.012879861716902072,0.003184480405153599,122725.62449467814,0.95,volatility_qlike,descriptive_only,-0.012453806356245378,0.016838193253287614,-0.007881773399014746,0.016838193253287614,0.0,0.012453806356245378,0.012453806356245378
gk_future_7,price_onchain,gbr,raw_quantile,8640,8640,1440,6,0.9704861111111112,0.020486111111111205,0.020486111111111205,0.025925925925925925,0.003587962962962963,0.025925925925925925,0.003587962962962963,0.14250170600410095,0.1426805649179484,0.1488802843961438,0.0009856646781148497,0.009167379455716822,0.0027363424317886514,-1.7155972099335934,0.95,volatility_qlike,descriptive_only,-0.013192904656319282,0.02941680960548887,0.045073891625615814,0.045073891625615814,0.0,0.013192904656319282,0.013192904656319282
gk_future_7,price_onchain,gru,regime_cqr,8640,8640,1440,6,0.944212962962963,-0.0057870370370369795,0.0057870370370369795,0.025347222222222222,0.030439814814814815,0.025347222222222222,0.030439814814814815,0.13747215261471538,0.1333673031181189,0.1675878330400512,0.0014123007087186578,0.00980010938603269,0.0027773951172825263,5057.669274893997,0.95,volatility_qlike,descriptive_only,-0.015410199556540993,0.00454545454545463,-0.009934318555008148,0.015410199556540993,0.0057870370370369795,0.015410199556540993,0.015410199556540993
gk_future_7,price_onchain,gru,cqr,8640,8640,1440,6,0.9460648148148149,-0.003935185185185097,0.003935185185185097,0.024189814814814813,0.02974537037037037,0.024189814814814813,0.02974537037037037,0.13817769033481156,0.134078900741009,0.16696556820240832,0.0014132760709388657,0.00980010938603269,0.0027608631341212468,5057.669274893997,0.95,volatility_qlike,descriptive_only,-0.015779748706577945,0.0019725557461407472,0.000738916256157629,0.015779748706577945,0.003935185185185097,0.015779748706577945,0.015779748706577945
gk_future_7,full,gbr,regime_cqr,8640,8640,1440,6,0.969212962962963,0.019212962962963043,0.019212962962963043,0.02962962962962963,0.0011574074074074073,0.02962962962962963,0.0011574074074074073,0.14380145673400618,0.1422791653341732,0.14783356684394944,0.000953410857149327,0.008638918067582664,0.002742428313949313,-1.721811197973825,0.95,volatility_qlike,descriptive_only,-0.01873614190687356,0.02855917667238428,0.04794745484400664,0.04794745484400664,0.0,0.01873614190687356,0.01873614190687356
gk_future_7,full,gbr,cqr,8640,8640,1440,6,0.969212962962963,0.019212962962963043,0.019212962962963043,0.02962962962962963,0.0011574074074074073,0.02962962962962963,0.0011574074074074073,0.14436009994440646,0.143061173863554,0.1483922100543497,0.0009603938972793302,0.008638918067582664,0.0027494113540793164,-1.721811197973825,0.95,volatility_qlike,descriptive_only,-0.01873614190687356,0.02855917667238428,0.04794745484400664,0.04794745484400664,0.0,0.01873614190687356,0.01873614190687356
gk_future_7,price_only,har_ols,regime_cqr,8640,8640,1440,6,0.9597222222222223,0.009722222222222299,0.009722222222222299,0.025694444444444443,0.014583333333333334,0.025694444444444443,0.014583333333333334,0.13420185949843158,0.12760562146282817,0.14870465489999918,0.0009158989475433304,0.008510403122049365,0.002801717424956555,-1.7205885432575034,0.95,volatility_qlike,descriptive_only,-0.023170731707316983,0.02255574614065181,0.027832512315270952,0.027832512315270952,0.0,0.023170731707316983,0.023170731707316983
gk_future_7,full,gbr,raw_quantile,8640,8640,1440,6,0.9668981481481481,0.016898148148148162,0.016898148148148162,0.03194444444444444,0.0011574074074074073,0.03194444444444444,0.0011574074074074073,0.1431574079015677,0.1418624858214355,0.14855010597443088,0.0009793749458168444,0.008638918067582664,0.0027343777035438326,-1.721811197973825,0.95,volatility_qlike,descriptive_only,-0.023909830007390886,0.026843910806174986,0.04794745484400664,0.04794745484400664,0.0,0.023909830007390886,0.023909830007390886
gk_future_7,price_only,har_ols,cqr,8640,8640,1440,6,0.9597222222222223,0.009722222222222299,0.009722222222222299,0.025,0.015277777777777777,0.025,0.015277777777777777,0.13403891853961708,0.12742714606200206,0.1494756350582859,0.0009159074011102664,0.008510403122049365,0.002820983475346787,-1.7205885432575034,0.95,volatility_qlike,descriptive_only,-0.025388026607538805,0.02255574614065181,0.030295566502463123,0.030295566502463123,0.0,0.025388026607538805,0.025388026607538805
gk_future_7,price_only,har_ols,sym_conformal,8640,8640,1440,6,0.9104166666666667,-0.039583333333333304,0.039583333333333304,0.05138888888888889,0.03819444444444445,0.05138888888888889,0.03819444444444445,0.1022691793996151,0.1001836359176539,0.1549363872420248,0.0016820967857753147,0.010145183309182015,0.0021913128952752103,-1.7164942645966088,0.95,volatility_qlike,descriptive_only,-0.04534368070953432,-0.013464837049742662,-0.07068965517241377,0.07068965517241377,0.039583333333333304,0.04534368070953432,0.04534368070953432
gk_future_7,full,lstm,cqr,8640,8640,1440,6,0.9233796296296296,-0.02662037037037035,0.02662037037037035,0.02824074074074074,0.04837962962962963,0.02824074074074074,0.04837962962962963,0.13225480205848153,0.12397520887883726,0.17993068024286188,0.001512215693613189,0.013326391957073488,0.002986051312458262,151294.05379050082,0.95,volatility_qlike,descriptive_only,-0.04571322985957127,-0.004888507718696311,-0.03661740558292281,0.04571322985957127,0.02662037037037035,0.04571322985957127,0.04571322985957127
gk_future_7,full,lstm,regime_cqr,8640,8640,1440,6,0.91875,-0.03125,0.03125,0.029282407407407406,0.05196759259259259,0.029282407407407406,0.05196759259259259,0.13130860022023497,0.12317015826314945,0.18191085804512322,0.0015099163907659455,0.013326391957073488,0.0030378550603620395,151294.05379050082,0.95,volatility_qlike,descriptive_only,-0.04719142645971908,-0.008319039451114896,-0.046469622331691274,0.04719142645971908,0.03125,0.04719142645971908,0.04719142645971908
gk_future_7,price_onchain,har_ols,sym_conformal,8640,8640,1440,6,0.8993055555555556,-0.050694444444444375,0.050694444444444375,0.05,0.050694444444444445,0.05,0.050694444444444445,0.10369021142011342,0.1066109609120907,0.16645298579485496,0.0018310430012756932,0.010125595989227921,0.002330281643595585,-1.6918294027342013,0.95,volatility_qlike,descriptive_only,-0.029822616407982228,-0.0391938250428816,-0.09039408866995069,0.09039408866995069,0.050694444444444375,0.029822616407982228,0.050694444444444375
gk_future_7,price_onchain,gru,sym_conformal,8640,8640,1440,6,0.8981481481481481,-0.051851851851851816,0.051851851851851816,0.04780092592592593,0.054050925925925926,0.04780092592592593,0.054050925925925926,0.10929554911584728,0.1024312525987625,0.17813121026362616,0.0018359334193435804,0.01163416873753598,0.0026173468372469775,24043.342932159798,0.95,volatility_qlike,descriptive_only,-0.044604582409460414,-0.03404802744425384,-0.08546798029556646,0.08546798029556646,0.051851851851851816,0.044604582409460414,0.051851851851851816
gk_future_7,price_only,ridge,sym_conformal,8640,8640,1440,6,0.9173611111111111,-0.032638888888888884,0.032638888888888884,0.03680555555555556,0.04583333333333333,0.03680555555555556,0.04583333333333333,0.0995449712115757,0.094285856608726,0.15262445254261503,0.0015281553287836446,0.009692775487612064,0.002287455984781635,-1.7205875122534493,0.95,volatility_qlike,descriptive_only,-0.05199556541019956,-0.013464837049742662,-0.038669950738916214,0.05199556541019956,0.032638888888888884,0.05199556541019956,0.05199556541019956
gk_future_7,price_onchain,ridge,sym_conformal,8640,8640,1440,6,0.9013888888888889,-0.04861111111111105,0.04861111111111105,0.043055555555555555,0.05555555555555555,0.043055555555555555,0.05555555555555555,0.10266961776990953,0.1050839672712692,0.16399796048044957,0.001696925941484891,0.009459255109266672,0.0024030230705262526,-1.7116813647189282,0.95,volatility_qlike,descriptive_only,-0.05199556541019956,-0.02890222984562607,-0.07315270935960583,0.07315270935960583,0.04861111111111105,0.05199556541019956,0.05199556541019956
gk_future_7,price_only,har_ols,raw_quantile,8640,8640,1440,6,0.9458333333333333,-0.004166666666666652,0.004166666666666652,0.034027777777777775,0.02013888888888889,0.034027777777777775,0.02013888888888889,0.12579099584299488,0.12213331783279355,0.14410887716330775,0.000838746276925658,0.008510403122049365,0.0027639756521569436,-1.7205885432575034,0.95,volatility_qlike,descriptive_only,-0.056430155210642985,0.013979416809605572,0.027832512315270952,0.056430155210642985,0.004166666666666652,0.056430155210642985,0.056430155210642985
gk_future_7,price_onchain,har_ols,regime_sym_conformal,8640,8640,1440,6,0.8923611111111112,-0.057638888888888795,0.057638888888888795,0.05555555555555555,0.052083333333333336,0.05555555555555555,0.052083333333333336,0.10292395522514979,0.1004816584148478,0.16864067198217902,0.0019043679756589485,0.010125595989227921,0.0023116488238954305,-1.6918294027342013,0.95,volatility_qlike,descriptive_only,-0.027605321507760516,-0.0391938250428816,-0.11748768472906401,0.11748768472906401,0.057638888888888795,0.027605321507760516,0.057638888888888795
gk_future_7,full,gru,raw_quantile,8640,8640,1440,6,0.8914351851851852,-0.05856481481481479,0.05856481481481479,0.023148148148148147,0.08541666666666667,0.023148148148148147,0.08541666666666667,0.13607099691926797,0.12318493425846094,0.22523496168790444,0.0014844277651615832,0.011931793148507012,0.004146446277035932,106364.83699592506,0.95,volatility_qlike,descriptive_only,-0.033518107908351746,-0.06320754716981125,-0.0797208538587848,0.0797208538587848,0.05856481481481479,0.033518107908351746,0.05856481481481479
gk_future_7,full,har_ols,sym_conformal,8640,8640,1440,6,0.8895833333333333,-0.060416666666666674,0.060416666666666674,0.06111111111111111,0.049305555555555554,0.06111111111111111,0.049305555555555554,0.10837649586923151,0.0986178269059217,0.1991193649285838,0.0019515246193591758,0.014002249301826275,0.0030264595038553225,48013.934600927685,0.95,volatility_qlike,descriptive_only,-0.058647450110864696,-0.05463121783876501,-0.07068965517241377,0.07068965517241377,0.060416666666666674,0.058647450110864696,0.060416666666666674
gk_future_7,price_only,gru,regime_sym_conformal,8640,8640,1440,6,0.8913194444444444,-0.058680555555555514,0.058680555555555514,0.05416666666666667,0.05451388888888889,0.05416666666666667,0.05451388888888889,0.10056408502956626,0.0975582288057545,0.17059590836050206,0.0018528005236878792,0.01029886360454146,0.0024120971853245784,-1.7003893945451511,0.95,volatility_qlike,descriptive_only,-0.060495195861049456,-0.027472841623784938,-0.10147783251231524,0.10147783251231524,0.058680555555555514,0.060495195861049456,0.060495195861049456
gk_future_7,price_onchain,gru,regime_sym_conformal,8640,8640,1440,6,0.8888888888888888,-0.061111111111111116,0.061111111111111116,0.05277777777777778,0.058333333333333334,0.05277777777777778,0.058333333333333334,0.10794164775483141,0.10189196223361979,0.18216087637266754,0.0018918498867345564,0.01163416873753598,0.0026621720225820365,24043.342932159798,0.95,volatility_qlike,descriptive_only,-0.044974131559497366,-0.042624356775300076,-0.10558292282430204,0.10558292282430204,0.061111111111111116,0.044974131559497366,0.061111111111111116
gk_future_7,price_onchain,ridge,regime_sym_conformal,8640,8640,1440,6,0.8881944444444444,-0.06180555555555556,0.06180555555555556,0.05347222222222222,0.058333333333333334,0.05347222222222222,0.058333333333333334,0.1016725530036448,0.1047895605814189,0.1697253228911987,0.0017772808085453813,0.009459255109266672,0.0024658522637344906,-1.7116813647189282,0.95,volatility_qlike,descriptive_only,-0.056430155210642985,-0.03576329331046313,-0.10517241379310338,0.10517241379310338,0.06180555555555556,0.056430155210642985,0.06180555555555556
gk_future_7,price_only,gru,sym_conformal,8640,8640,1440,6,0.9039351851851852,-0.046064814814814725,0.046064814814814725,0.04479166666666667,0.05127314814814815,0.04479166666666667,0.05127314814814815,0.1025563114868149,0.09808742627501485,0.16867885754942816,0.0018122347289564445,0.01029886360454146,0.0024047367097791636,-1.7003893945451511,0.95,volatility_qlike,descriptive_only,-0.06197339246119726,-0.012893081761006231,-0.07602627257799666,0.07602627257799666,0.046064814814814725,0.06197339246119726,0.06197339246119726
gk_future_7,price_only,ridge,regime_sym_conformal,8640,8640,1440,6,0.9009259259259259,-0.04907407407407405,0.04907407407407405,0.050462962962962966,0.04861111111111111,0.050462962962962966,0.04861111111111111,0.09827626707610701,0.0969027217711405,0.15612875048649072,0.0015955496562793368,0.009692775487612064,0.002307669105882835,-1.7205875122534493,0.95,volatility_qlike,descriptive_only,-0.06456023651145593,-0.015180102915951954,-0.08054187192118223,0.08054187192118223,0.04907407407407405,0.06456023651145593,0.06456023651145593
gk_future_7,full,rf,cqr,8640,8640,1440,6,0.9393518518518519,-0.010648148148148073,0.010648148148148073,0.04791666666666667,0.01273148148148148,0.04791666666666667,0.01273148148148148,0.13864756255181748,0.1324303188514463,0.1616896548425714,0.0012006120095168875,0.011408451733758262,0.002841629361547301,-1.6990347086357864,0.95,volatility_qlike,descriptive_only,-0.06751662971175165,0.009977129788450556,0.02290640394088672,0.06751662971175165,0.010648148148148073,0.06751662971175165,0.06751662971175165
gk_future_7,price_only,har_ols,regime_sym_conformal,8640,8640,1440,6,0.89375,-0.05624999999999991,0.05624999999999991,0.06527777777777778,0.04097222222222222,0.06527777777777778,0.04097222222222222,0.10045594911697227,0.1021525011752136,0.15983024596191142,0.0017889476106919924,0.010145183309182015,0.0022068085383556966,-1.7164942645966088,0.95,volatility_qlike,descriptive_only,-0.06973392461197336,-0.013464837049742662,-0.10270935960591132,0.10270935960591132,0.05624999999999991,0.06973392461197336,0.06973392461197336
gk_future_7,full,har_ols,regime_sym_conformal,8640,8640,1440,6,0.8791666666666667,-0.0708333333333333,0.0708333333333333,0.07569444444444444,0.04513888888888889,0.07569444444444444,0.04513888888888889,0.10681528603681119,0.0994703590538294,0.19254547898111496,0.00216684826550826,0.014002249301826275,0.0026467887090195173,48013.934600927685,0.95,volatility_qlike,descriptive_only,-0.06751662971175165,-0.058061749571183485,-0.09285714285714286,0.09285714285714286,0.0708333333333333,0.06751662971175165,0.0708333333333333
gk_future_7,full,rf,regime_cqr,8640,8640,1440,6,0.9334490740740741,-0.016550925925925886,0.016550925925925886,0.05081018518518519,0.01574074074074074,0.05081018518518519,0.01574074074074074,0.13763232686972754,0.13158944026420222,0.1620570119324746,0.0011995966731279686,0.011408451733758262,0.002851828625183801,-1.6990347086357864,0.95,volatility_qlike,descriptive_only,-0.07232076866223203,0.007975986277873104,0.010180623973727432,0.07232076866223203,0.016550925925925886,0.07232076866223203,0.07232076866223203
gk_future_7,price_only,rf,cqr,8640,8640,1440,6,0.9108796296296297,-0.039120370370370305,0.039120370370370305,0.042708333333333334,0.046412037037037036,0.042708333333333334,0.046412037037037036,0.11169366405479321,0.1006294506394428,0.16084170232948716,0.0012791913881683881,0.009630159781100885,0.0027418511700686952,-1.7159980832278754,0.95,volatility_qlike,descriptive_only,-0.07305986696230593,-0.02975986277873066,-0.014860426929392379,0.07305986696230593,0.039120370370370305,0.07305986696230593,0.07305986696230593
gk_future_7,price_onchain,gru,raw_quantile,8640,8640,1440,6,0.8964120370370371,-0.053587962962962865,0.053587962962962865,0.05486111111111111,0.048726851851851855,0.05486111111111111,0.048726851851851855,0.12346255186154546,0.1178058814257383,0.18120496417066878,0.001542312604839389,0.00980010938603269,0.0029878114994272348,5057.669274893997,0.95,volatility_qlike,descriptive_only,-0.07342941611234288,-0.04605488850771866,-0.04236453201970436,0.07342941611234288,0.053587962962962865,0.07342941611234288,0.07342941611234288
gk_future_7,full,har_ols,cqr,8640,8640,1440,6,0.8756944444444444,-0.07430555555555551,0.07430555555555551,0.06527777777777778,0.059027777777777776,0.06527777777777778,0.059027777777777776,0.13029119244954906,0.12592845216917825,0.19621099783610177,0.0013612849727207901,0.010107661652837961,0.0035439899731816603,-1.6466001663185548,0.95,volatility_qlike,descriptive_only,-0.027605321507760516,-0.15583190394511148,-0.009113300492610832,0.15583190394511148,0.07430555555555551,0.027605321507760516,0.07430555555555551
gk_future_7,price_only,lstm,sym_conformal,8640,8640,1440,6,0.8927083333333333,-0.05729166666666663,0.05729166666666663,0.058680555555555555,0.04861111111111111,0.058680555555555555,0.04861111111111111,0.10392661733699408,0.0960282422602176,0.17698954676241138,0.002011957156201965,0.010481326839772643,0.0024127815128582217,-1.7034234923513172,0.95,volatility_qlike,descriptive_only,-0.07527716186252764,-0.02146941109205258,-0.08875205254515595,0.08875205254515595,0.05729166666666663,0.07527716186252764,0.07527716186252764
gk_future_7,price_onchain,lstm,regime_sym_conformal,8640,8640,1440,6,0.8866898148148148,-0.06331018518518516,0.06331018518518516,0.06296296296296296,0.050347222222222224,0.06296296296296296,0.050347222222222224,0.12167931991362192,0.1173330051326316,0.19726834813450803,0.0022061937635275385,0.01482427643670081,0.0027255149398350666,119568.35355089349,0.95,volatility_qlike,descriptive_only,-0.07527716186252764,-0.026043453401943917,-0.10353037766830864,0.10353037766830864,0.06331018518518516,0.07527716186252764,0.07527716186252764
gk_future_7,price_onchain,lstm,raw_quantile,8640,8640,1440,6,0.8878472222222222,-0.062152777777777724,0.062152777777777724,0.047337962962962964,0.06481481481481481,0.047337962962962964,0.06481481481481481,0.13868148017696783,0.13807080592960114,0.22888016170639924,0.001815511229088864,0.012879861716902072,0.003906492813571021,122725.62449467814,0.95,volatility_qlike,descriptive_only,-0.0756467110125646,-0.041480846197827326,-0.07684729064039408,0.07684729064039408,0.062152777777777724,0.0756467110125646,0.0756467110125646
gk_future_7,price_only,lstm,regime_sym_conformal,8640,8640,1440,6,0.8800925925925925,-0.06990740740740742,0.06990740740740742,0.06655092592592593,0.053356481481481484,0.06655092592592593,0.053356481481481484,0.10204589233664203,0.0964705729470709,0.18103392884964742,0.0020607455981498475,0.010481326839772643,0.002465102623091241,-1.7034234923513172,0.95,volatility_qlike,descriptive_only,-0.07749445676274935,-0.031761006289308114,-0.11625615763546793,0.11625615763546793,0.06990740740740742,0.07749445676274935,0.07749445676274935
gk_future_7,price_onchain,lstm,sym_conformal,8640,8640,1440,6,0.8912037037037037,-0.058796296296296235,0.058796296296296235,0.06076388888888889,0.048032407407407406,0.06076388888888889,0.048032407407407406,0.12280340351086731,0.1164625026285648,0.1957645359872675,0.0021971865741472864,0.01482427643670081,0.0026969268255343038,119568.35355089349,0.95,volatility_qlike,descriptive_only,-0.08045084996304508,-0.02175528873642074,-0.08793103448275863,0.08793103448275863,0.058796296296296235,0.08045084996304508,0.08045084996304508
gk_future_7,price_only,rf,regime_cqr,8640,8640,1440,6,0.9004629629629629,-0.049537037037037046,0.049537037037037046,0.04780092592592593,0.05173611111111111,0.04780092592592593,0.05173611111111111,0.10903576011224819,0.0986260916137111,0.16200498459205792,0.0012662206102799964,0.009630159781100885,0.0027839040045213566,-1.7159980832278754,0.95,volatility_qlike,descriptive_only,-0.08377679231337765,-0.033190394511149135,-0.03497536945812807,0.08377679231337765,0.049537037037037046,0.08377679231337765,0.08377679231337765
gk_future_7,full,ridge,regime_sym_conformal,8640,8640,1440,6,0.9037037037037037,-0.04629629629629628,0.04629629629629628,0.04363425925925926,0.052662037037037035,0.04363425925925926,0.052662037037037035,0.09825880220595586,0.0871974883408321,0.17352505069221447,0.0016351260089693277,0.011318013517460038,0.0027030002583359387,-1.6410235954057517,0.95,volatility_qlike,descriptive_only,-0.08451589061345155,-0.026901086335048507,-0.03169129720853858,0.08451589061345155,0.04629629629629628,0.08451589061345155,0.08451589061345155
gk_future_7,full,har_ols,regime_cqr,8640,8640,1440,6,0.8652777777777778,-0.08472222222222214,0.08472222222222214,0.07569444444444444,0.059027777777777776,0.07569444444444444,0.059027777777777776,0.12929166252551458,0.12497493891911846,0.19634727007139807,0.0013906602491886098,0.010107661652837961,0.0035180215025962486,-1.6466001663185548,0.95,volatility_qlike,descriptive_only,-0.03203991130820394,-0.1541166380789022,-0.043596059113300445,0.1541166380789022,0.08472222222222214,0.03203991130820394,0.08472222222222214
gk_future_7,price_onchain,rf,cqr,8640,8640,1440,6,0.904050925925926,-0.045949074074074,0.045949074074074,0.05243055555555556,0.04351851851851852,0.05243055555555556,0.04351851851851852,0.11491884872108127,0.1019461321343367,0.1597993854068593,0.0013123981825870809,0.0095423572949761,0.0026825864525843062,-1.7174248558325136,0.95,volatility_qlike,descriptive_only,-0.08636363636363631,-0.0351915380217267,-0.016502463054187122,0.08636363636363631,0.045949074074074,0.08636363636363631,0.08636363636363631
gk_future_7,full,ridge,sym_conformal,8640,8640,1440,6,0.9046296296296297,-0.04537037037037028,0.04537037037037028,0.041435185185185186,0.05393518518518518,0.041435185185185186,0.05393518518518518,0.09902681258240498,0.0842248523038661,0.17762174073216105,0.0015590386283386598,0.011318013517460038,0.0028815048899652708,-1.6410235954057517,0.95,volatility_qlike,descriptive_only,-0.08858093126385802,-0.02032590051457972,-0.033333333333333326,0.08858093126385802,0.04537037037037028,0.08858093126385802,0.08858093126385802
gk_future_7,price_onchain,rf,regime_cqr,8640,8640,1440,6,0.8954861111111111,-0.05451388888888886,0.05451388888888886,0.05648148148148148,0.048032407407407406,0.05648148148148148,0.048032407407407406,0.11198598058512392,0.09827020759737445,0.16008588922438405,0.0012987915107820578,0.0095423572949761,0.0027033557198274482,-1.7174248558325136,0.95,volatility_qlike,descriptive_only,-0.09412416851441241,-0.03633504859919945,-0.03661740558292281,0.09412416851441241,0.05451388888888886,0.09412416851441241,0.09412416851441241
gk_future_7,price_only,rf,sym_conformal,8640,8640,1440,6,0.8759259259259259,-0.07407407407407407,0.07407407407407407,0.06412037037037037,0.059953703703703703,0.06412037037037037,0.059953703703703703,0.10091009908133187,0.091274044890821,0.20158428893286567,0.002385081488885642,0.010173673259799622,0.0026545257344359036,-1.7125941665869704,0.95,volatility_qlike,descriptive_only,-0.09560236511456022,-0.04576901086335039,-0.09080459770114935,0.09560236511456022,0.07407407407407407,0.09560236511456022,0.09560236511456022
gk_future_7,price_onchain,rf,sym_conformal,8640,8640,1440,6,0.8795138888888889,-0.07048611111111103,0.07048611111111103,0.05798611111111111,0.0625,0.05798611111111111,0.0625,0.09981598080664202,0.08952009599748639,0.18642824574646094,0.002063541820085957,0.010243213315489878,0.002597164323575472,-1.7136606585770706,0.95,volatility_qlike,descriptive_only,-0.09745011086474498,-0.04291023441966835,-0.08013136288998357,0.09745011086474498,0.07048611111111103,0.09745011086474498,0.09745011086474498
gk_future_7,price_only,rf,regime_sym_conformal,8640,8640,1440,6,0.8553240740740741,-0.09467592592592589,0.09467592592592589,0.07731481481481481,0.06736111111111111,0.07731481481481481,0.06736111111111111,0.09807975344434597,0.0921095855759577,0.20511802749880997,0.002425578072102553,0.010173673259799622,0.002702372615367601,-1.7125941665869704,0.95,volatility_qlike,descriptive_only,-0.09929785661492974,-0.07006861063464831,-0.1248768472906403,0.1248768472906403,0.09467592592592589,0.09929785661492974,0.09929785661492974
gk_future_7,full,lstm,sym_conformal,8640,8640,1440,6,0.8872685185185185,-0.06273148148148144,0.06273148148148144,0.061689814814814815,0.051041666666666666,0.061689814814814815,0.051041666666666666,0.11857679959912609,0.106211319565773,0.18879969219993267,0.0020352310357121648,0.01617675809185209,0.002684761269286056,337445.86746875965,0.95,volatility_qlike,descriptive_only,-0.10077605321507754,-0.033762149799885566,-0.06206896551724128,0.10077605321507754,0.06273148148148144,0.10077605321507754,0.10077605321507754
gk_future_7,full,gru,sym_conformal,8640,8640,1440,6,0.8984953703703704,-0.05150462962962954,0.05150462962962954,0.04652777777777778,0.05497685185185185,0.04652777777777778,0.05497685185185185,0.11239754932100399,0.1037539727985858,0.18696868987050572,0.001873585990535674,0.013935038494866683,0.002800631256226873,166678.28598612492,0.95,volatility_qlike,descriptive_only,-0.10151515151515145,-0.026043453401943917,-0.0325123152709359,0.10151515151515145,0.05150462962962954,0.10151515151515145,0.10151515151515145
gk_future_7,full,lstm,regime_sym_conformal,8640,8640,1440,6,0.8741898148148148,-0.07581018518518512,0.07581018518518512,0.06875,0.057060185185185186,0.06875,0.057060185185185186,0.11720398170643688,0.10591115521303204,0.19880760964378033,0.0021237353636568254,0.01617675809185209,0.002846454877437587,337445.86746875965,0.95,volatility_qlike,descriptive_only,-0.10225424981522535,-0.04462550028587764,-0.09121510673234812,0.10225424981522535,0.07581018518518512,0.10225424981522535,0.10225424981522535
gk_future_7,price_onchain,rf,regime_sym_conformal,8640,8640,1440,6,0.8640046296296297,-0.0859953703703703,0.0859953703703703,0.06759259259259259,0.06840277777777778,0.06759259259259259,0.06840277777777778,0.09779212823791629,0.08978649494084,0.187455512971267,0.0020641796696248957,0.010243213315489878,0.002622208154656684,-1.7136606585770706,0.95,volatility_qlike,descriptive_only,-0.1026237989652623,-0.05291595197255572,-0.11502463054187184,0.11502463054187184,0.0859953703703703,0.1026237989652623,0.1026237989652623
gk_future_7,full,gru,regime_sym_conformal,8640,8640,1440,6,0.8873842592592592,-0.06261574074074072,0.06261574074074072,0.052314814814814814,0.060300925925925924,0.052314814814814814,0.060300925925925924,0.11074647058053988,0.10135293103072565,0.19376797449762803,0.0019714940309482716,0.013935038494866683,0.0028727053314923333,166678.28598612492,0.95,volatility_qlike,descriptive_only,-0.10631929046563193,-0.031189251000571683,-0.059195402298850563,0.10631929046563193,0.06261574074074072,0.10631929046563193,0.10631929046563193
gk_future_7,price_onchain,har_ols,cqr,8640,8640,1440,6,0.9006944444444445,-0.04930555555555549,0.04930555555555549,0.044444444444444446,0.05486111111111111,0.044444444444444446,0.05486111111111111,0.12037830868662672,0.11655892850449434,0.1648400140975661,0.0012426709483556813,0.008954694682500815,0.002878329404083374,-1.7040348294788186,0.95,volatility_qlike,descriptive_only,-0.1096452328159645,-0.03747855917667231,0.000738916256157629,0.1096452328159645,0.04930555555555549,0.1096452328159645,0.1096452328159645
gk_future_7,price_onchain,har_ols,regime_cqr,8640,8640,1440,6,0.8958333333333334,-0.054166666666666585,0.054166666666666585,0.04652777777777778,0.05763888888888889,0.04652777777777778,0.05763888888888889,0.11988719527309999,0.11579817815166446,0.16647889122189974,0.001242963533048063,0.008954694682500815,0.002919008747499334,-1.7040348294788186,0.95,volatility_qlike,descriptive_only,-0.11407982261640792,-0.03747855917667231,-0.011576354679802892,0.11407982261640792,0.054166666666666585,0.11407982261640792,0.11407982261640792
gk_future_7,full,lstm,raw_quantile,8640,8640,1440,6,0.8090277777777778,-0.14097222222222217,0.14097222222222217,0.053356481481481484,0.13761574074074073,0.053356481481481484,0.13761574074074073,0.10557410299902077,0.09676061850041145,0.2647326213726297,0.0016188327967657473,0.013326391957073488,0.0049994827375499,151294.05379050082,0.95,volatility_qlike,descriptive_only,-0.14031781226903173,-0.0977987421383647,-0.2036945812807881,0.2036945812807881,0.14097222222222217,0.14031781226903173,0.14097222222222217
gk_future_7,price_only,gbr,sym_conformal,8640,8640,1440,6,0.8664351851851851,-0.08356481481481481,0.08356481481481481,0.07962962962962963,0.05393518518518518,0.07962962962962963,0.05393518518518518,0.09525201724460645,0.08694294677063545,0.17309031152557244,0.0018125172283048228,0.010638140302844726,0.002514740559834393,-1.709058193931405,0.95,volatility_qlike,descriptive_only,-0.14105691056910563,-0.05291595197255572,-0.06371100164203614,0.14105691056910563,0.08356481481481481,0.14105691056910563,0.14105691056910563
gk_future_7,full,gbr,sym_conformal,8640,8640,1440,6,0.8621527777777778,-0.08784722222222219,0.08784722222222219,0.08032407407407408,0.05752314814814815,0.08032407407407408,0.05752314814814815,0.0924309961473482,0.087086559358963,0.1623034430062485,0.0016627748463315746,0.010164888543355852,0.0023948112288245415,-1.7144020471281203,0.95,volatility_qlike,descriptive_only,-0.14179600886917954,-0.049485420240137135,-0.08300492610837429,0.14179600886917954,0.08784722222222219,0.14179600886917954,0.14179600886917954
gk_future_7,full,gbr,regime_sym_conformal,8640,8640,1440,6,0.8486111111111111,-0.10138888888888886,0.10138888888888886,0.0869212962962963,0.06446759259259259,0.0869212962962963,0.06446759259259259,0.09040760802838117,0.0852578167852168,0.16428154051680408,0.0016745586851853113,0.010164888543355852,0.0024324798277346954,-1.7144020471281203,0.95,volatility_qlike,descriptive_only,-0.1443828529194382,-0.056632361349342464,-0.11789819376026267,0.1443828529194382,0.10138888888888886,0.1443828529194382,0.1443828529194382
gk_future_7,price_onchain,gbr,sym_conformal,8640,8640,1440,6,0.8590277777777777,-0.09097222222222223,0.09097222222222223,0.08217592592592593,0.0587962962962963,0.08217592592592593,0.0587962962962963,0.09635543466119995,0.08850893729078299,0.17691840562890965,0.001877748419276913,0.010814854641326841,0.002545211721445732,-1.7071100143046072,0.95,volatility_qlike,descriptive_only,-0.1451219512195121,-0.05463121783876501,-0.08300492610837429,0.1451219512195121,0.09097222222222223,0.1451219512195121,0.1451219512195121
gk_future_7,price_only,gbr,regime_sym_conformal,8640,8640,1440,6,0.8539351851851852,-0.09606481481481477,0.09606481481481477,0.08773148148148148,0.058333333333333334,0.08773148148148148,0.058333333333333334,0.09308780294777025,0.0831796716064575,0.17493587642460887,0.0018526867362515258,0.010638140302844726,0.002520710174363602,-1.709058193931405,0.95,volatility_qlike,descriptive_only,-0.14623059866962307,-0.06978273299028015,-0.07807881773399006,0.14623059866962307,0.09606481481481477,0.14623059866962307,0.14623059866962307
gk_future_7,price_onchain,gbr,regime_sym_conformal,8640,8640,1440,6,0.8465277777777778,-0.10347222222222219,0.10347222222222219,0.09108796296296297,0.06238425925925926,0.09108796296296297,0.06238425925925926,0.09453907360015217,0.0879395591873004,0.17897939055773643,0.001926586819164408,0.010814854641326841,0.0025478979447789087,-1.7071100143046072,0.95,volatility_qlike,descriptive_only,-0.154360679970436,-0.0677815894797027,-0.09819376026272575,0.154360679970436,0.10347222222222219,0.154360679970436,0.154360679970436
gk_future_7,full,rf,sym_conformal,8640,8640,1440,6,0.8670138888888889,-0.0829861111111111,0.0829861111111111,0.09907407407407408,0.03391203703703704,0.09907407407407408,0.03391203703703704,0.10605747356541058,0.09537367315983306,0.19411060821138268,0.002632259974099007,0.012975483421509946,0.0022205052311854647,-1.6908298195184557,0.95,volatility_qlike,descriptive_only,-0.16101256467110125,-0.01975414522584329,-0.0871100164203612,0.16101256467110125,0.0829861111111111,0.16101256467110125,0.16101256467110125
gk_future_7,full,rf,regime_sym_conformal,8640,8640,1440,6,0.852662037037037,-0.09733796296296293,0.09733796296296293,0.10416666666666667,0.0431712962962963,0.10416666666666667,0.0431712962962963,0.10256282750948269,0.0935612189024546,0.20138472878546995,0.0027040723734583884,0.012975483421509946,0.0023305458461782658,-1.6908298195184557,0.95,volatility_qlike,descriptive_only,-0.16322985957132297,-0.030331618067467092,-0.12036124794745484,0.16322985957132297,0.09733796296296293,0.16322985957132297,0.16322985957132297
gk_future_7,full,rf,raw_quantile,8640,8640,1440,6,0.8545138888888889,-0.09548611111111105,0.09548611111111105,0.12013888888888889,0.025347222222222222,0.12013888888888889,0.025347222222222222,0.11612091455077833,0.10752353250193611,0.17169374671216597,0.001603247854958133,0.011408451733758262,0.002689095812845921,-1.6990347086357864,0.95,volatility_qlike,descriptive_only,-0.18170731707317067,-0.05949113779302451,-0.051395730706075504,0.18170731707317067,0.09548611111111105,0.18170731707317067,0.18170731707317067
gk_future_7,price_onchain,har_ols,raw_quantile,8640,8640,1440,6,0.8097222222222222,-0.14027777777777772,0.14027777777777772,0.08819444444444445,0.10208333333333333,0.08819444444444445,0.10208333333333333,0.09689214956037928,0.0944068398836324,0.19643470017276599,0.0013887897324377264,0.008954694682500815,0.003522077771881328,-1.7040348294788186,0.95,volatility_qlike,descriptive_only,-0.21829268292682924,-0.14039451114922807,-0.053448275862068906,0.21829268292682924,0.14027777777777772,0.21829268292682924,0.21829268292682924
gk_future_7,full,har_ols,raw_quantile,8640,8640,1440,6,0.6361111111111111,-0.3138888888888889,0.3138888888888889,0.20347222222222222,0.16041666666666668,0.20347222222222222,0.16041666666666668,0.08972388389382036,0.08806496698270319,0.3095729854786914,0.002294595218716061,0.010107661652837961,0.005444729418251131,-1.6466001663185548,0.95,volatility_qlike,descriptive_only,-0.2626385809312638,-0.4148370497427101,-0.2258620689655172,0.4148370497427101,0.3138888888888889,0.2626385809312638,0.3138888888888889
gk_future_7,price_only,rf,raw_quantile,8640,8640,1440,6,0.5934027777777777,-0.35659722222222223,0.35659722222222223,0.31030092592592595,0.0962962962962963,0.31030092592592595,0.0962962962962963,0.054636425575168644,0.0388589672177093,0.27047599439155945,0.0030692299611395626,0.009630159781100885,0.003692669898649331,-1.7159980832278754,0.95,volatility_qlike,descriptive_only,-0.3661123429416112,-0.39711263579188105,-0.2878489326765188,0.39711263579188105,0.35659722222222223,0.3661123429416112,0.3661123429416112
gk_future_7,price_onchain,rf,raw_quantile,8640,8640,1440,6,0.5841435185185185,-0.3658564814814814,0.3658564814814814,0.32395833333333335,0.09189814814814815,0.32395833333333335,0.09189814814814815,0.05778382068724713,0.0417952785421508,0.2723787183981448,0.003325886065598571,0.0095423572949761,0.003483581894354958,-1.7174248558325136,0.95,volatility_qlike,descriptive_only,-0.3683296378418329,-0.406546598056032,-0.304679802955665,0.406546598056032,0.3658564814814814,0.3683296378418329,0.3683296378418329
ret_future_1,price_only,har_ols,regime_sym_conformal,8640,8640,1440,6,0.9569444444444445,0.006944444444444531,0.006944444444444531,0.020833333333333332,0.022222222222222223,0.020833333333333332,0.022222222222222223,0.12861587704642277,0.1213729896736634,0.16457519293424988,0.002061374624545923,0.009981401993653499,0.0020530051988102266,0.0008295261803436581,0.95,return_squared_error,descriptive_only,-0.0054323725055431815,0.01891191709844564,0.003658536585365857,0.01891191709844564,0.0,0.0054323725055431815,0.0054323725055431815
ret_future_1,price_only,ridge,sym_conformal,8640,8640,1440,6,0.9556712962962963,0.005671296296296369,0.005671296296296369,0.02025462962962963,0.024074074074074074,0.02025462962962963,0.024074074074074074,0.1313275627571733,0.1264430940006725,0.17099084407863271,0.0021501828567144195,0.009882238753827913,0.0021245882452513016,0.0008175629634290098,0.95,return_squared_error,descriptive_only,-0.005801921655580133,0.020639032815198632,-0.0028455284552845184,0.020639032815198632,0.0,0.005801921655580133,0.005801921655580133
ret_future_1,price_only,ridge,regime_sym_conformal,8640,8640,1440,6,0.9549768518518519,0.004976851851851927,0.004976851851851927,0.021643518518518517,0.02337962962962963,0.021643518518518517,0.02337962962962963,0.127562731884571,0.1226504532679035,0.1648715874021309,0.0020628809534904806,0.009882238753827913,0.002058908731562697,0.0008175629634290098,0.95,return_squared_error,descriptive_only,-0.008019216555801845,0.013730569948186555,0.0069105691056911,0.013730569948186555,0.0,0.008019216555801845,0.008019216555801845
ret_future_1,price_only,rf,sym_conformal,8640,8640,1440,6,0.9538194444444444,0.0038194444444444864,0.0038194444444444864,0.02326388888888889,0.022916666666666665,0.02326388888888889,0.022916666666666665,0.1317299730923903,0.12568131728749982,0.17439550335156645,0.0022121995696671635,0.010161294938290244,0.002147688014121902,0.0008383470008458621,0.95,return_squared_error,descriptive_only,-0.008019216555801845,0.01804835924006909,-0.003252032520325132,0.01804835924006909,0.0,0.008019216555801845,0.008019216555801845
ret_future_1,price_only,gbr,sym_conformal,8640,8640,1440,6,0.9519675925925926,0.001967592592592604,0.001967592592592604,0.02511574074074074,0.022916666666666665,0.02511574074074074,0.022916666666666665,0.13261058836761572,0.12267770870713104,0.17735219990192203,0.002262916628781806,0.01073018847134128,0.002170888368766148,0.0009084160512493944,0.95,return_squared_error,descriptive_only,-0.008388765705838797,0.014594127806563106,-0.004471544715447084,0.014594127806563106,0.0,0.008388765705838797,0.008388765705838797
ret_future_1,price_only,rf,regime_sym_conformal,8640,8640,1440,6,0.9523148148148148,0.0023148148148148806,0.0023148148148148806,0.024074074074074074,0.02361111111111111,0.024074074074074074,0.02361111111111111,0.12683855784581052,0.1185105960563224,0.1684811608713376,0.002116029976143181,0.010161294938290244,0.002095999045640163,0.0008383470008458621,0.95,return_squared_error,descriptive_only,-0.0091278640059127,0.010276338514680572,0.003658536585365857,0.010276338514680572,0.0,0.0091278640059127,0.0091278640059127
ret_future_1,price_only,har_ols,sym_conformal,8640,8640,1440,6,0.9569444444444445,0.006944444444444531,0.006944444444444531,0.01875,0.024305555555555556,0.01875,0.024305555555555556,0.13064789168302698,0.12247964642515835,0.17016818216322832,0.0021360506281823274,0.009981401993653499,0.0021181539258982827,0.0008295261803436581,0.95,return_squared_error,descriptive_only,-0.009866962305986604,0.025820379965457718,-0.0012195121951219523,0.025820379965457718,0.0,0.009866962305986604,0.009866962305986604
ret_future_1,price_only,gbr,regime_sym_conformal,8640,8640,1440,6,0.9460648148148149,-0.003935185185185097,0.003935185185185097,0.027546296296296298,0.02638888888888889,0.027546296296296298,0.02638888888888889,0.12731107293718258,0.12025928250164594,0.17204469351029397,0.0021910289254759153,0.01073018847134128,0.0021100884122813375,0.0009084160512493944,0.95,return_squared_error,descriptive_only,-0.017627494456762705,0.002216465169833093,0.0024390243902439046,0.017627494456762705,0.003935185185185097,0.017627494456762705,0.017627494456762705
rs_future_7,full,gru,cqr,8640,8640,1440,6,0.9528935185185186,0.0028935185185186008,0.0028935185185186008,0.00949074074074074,0.03761574074074074,0.00949074074074074,0.03761574074074074,0.14677852540421613,0.1376858130097389,0.1833332968938697,0.0013961923823481506,0.011954474350769205,0.0031871400399984956,102881.18591994251,0.95,volatility_qlike,descriptive_only,0.008980044345898053,-0.0017438536306459973,0.0027914614121511416,0.008980044345898053,0.0,0.0,0.0
rs_future_7,price_only,lstm,raw_quantile,8640,8640,1440,6,0.960300925925926,0.010300925925926019,0.010300925925926019,0.01990740740740741,0.019791666666666666,0.01990740740740741,0.019791666666666666,0.1356479105943301,0.1249355636537075,0.15828709211090292,0.0012214634716641974,0.009770587370533488,0.002735713831108279,-1.7107225186209827,0.95,volatility_qlike,descriptive_only,0.01045824094604586,0.03027444253859357,-0.018555008210180635,0.03027444253859357,0.0,0.0,0.0
rs_future_7,price_only,lstm,regime_cqr,8640,8640,1440,6,0.9674768518518518,0.017476851851851882,0.017476851851851882,0.017013888888888887,0.015509259259259259,0.017013888888888887,0.015509259259259259,0.1445389553436505,0.13567256368696684,0.16341602768885616,0.001300191197977586,0.009770587370533488,0.0027852094942437213,-1.7107225186209827,0.95,volatility_qlike,descriptive_only,0.01821877309682196,0.034562607204116635,-0.007881773399014746,0.034562607204116635,0.0,0.0,0.0
rs_future_7,price_only,lstm,cqr,8640,8640,1440,6,0.9674768518518518,0.017476851851851882,0.017476851851851882,0.016898148148148148,0.015625,0.016898148148148148,0.015625,0.14452426290611536,0.13635053955406562,0.16349434747392871,0.0012970777410800489,0.009770587370533488,0.0027902809457680724,-1.7107225186209827,0.95,volatility_qlike,descriptive_only,0.01821877309682196,0.034562607204116635,-0.007881773399014746,0.034562607204116635,0.0,0.0,0.0
rs_future_7,price_only,gru,raw_quantile,8640,8640,1440,6,0.9799768518518519,0.02997685185185195,0.02997685185185195,0.012268518518518519,0.0077546296296296295,0.012268518518518519,0.0077546296296296295,0.16554119543829815,0.16096909623593092,0.17361285593444845,0.0013329614197366824,0.009587000070374904,0.0030073599786244326,-1.7086940333243619,0.95,volatility_qlike,descriptive_only,0.036696230598669666,0.033419096626643885,0.017569786535303833,0.036696230598669666,0.0,0.0,0.0
rs_future_7,price_only,gru,regime_cqr,8640,8640,1440,6,0.9832175925925926,0.033217592592592604,0.033217592592592604,0.011226851851851852,0.005555555555555556,0.011226851851851852,0.005555555555555556,0.16998486409072683,0.1645473845514048,0.1770381095640427,0.0013781834866751473,0.009587000070374904,0.0030477692524258247,-1.7086940333243619,0.95,volatility_qlike,descriptive_only,0.03817442719881747,0.0365637507146942,0.02290640394088672,0.03817442719881747,0.0,0.0,0.0
rs_future_7,price_only,gru,cqr,8640,8640,1440,6,0.9833333333333333,0.033333333333333326,0.033333333333333326,0.011226851851851852,0.005439814814814815,0.011226851851851852,0.005439814814814815,0.17027237575386214,0.16465977765619755,0.17728561259117606,0.001381985113882099,0.009587000070374904,0.0030501552008972066,-1.7086940333243619,0.95,volatility_qlike,descriptive_only,0.03817442719881747,0.0365637507146942,0.02331691297208538,0.03817442719881747,0.0,0.0,0.0
rs_future_7,price_onchain,ridge,regime_cqr,8640,8640,1440,6,0.98125,0.03125,0.03125,0.01875,0.0,0.01875,0.0,0.17722984711788697,0.1771483936216242,0.18035655974350684,0.0010803360141122746,0.008438421625942025,0.003428577979475299,-1.7279554192462203,0.95,volatility_qlike,descriptive_only,0.0012195121951219523,0.041423670668953694,0.050000000000000044,0.050000000000000044,0.0,0.0,0.0
rs_future_7,price_only,ridge,regime_cqr,8640,8640,1440,6,0.98125,0.03125,0.03125,0.01875,0.0,0.01875,0.0,0.17722984711788697,0.1771483936216242,0.18035655974350684,0.0010803360141122746,0.008438216745720494,0.003428577979475299,-1.7279566058352769,0.95,volatility_qlike,descriptive_only,0.0012195121951219523,0.041423670668953694,0.050000000000000044,0.050000000000000044,0.0,0.0,0.0
rs_future_7,price_onchain,ridge,raw_quantile,8640,8640,1440,6,0.98125,0.03125,0.03125,0.01875,0.0,0.01875,0.0,0.1769505981366367,0.1760021451244489,0.18068024627710572,0.0010919187897178758,0.008438421625942025,0.003425087367209671,-1.7279554192462203,0.95,volatility_qlike,descriptive_only,0.0012195121951219523,0.041423670668953694,0.050000000000000044,0.050000000000000044,0.0,0.0,0.0
rs_future_7,price_only,ridge,raw_quantile,8640,8640,1440,6,0.98125,0.03125,0.03125,0.01875,0.0,0.01875,0.0,0.1769505981366367,0.1760021451244489,0.18068024627710572,0.0010919187897178758,0.008438216745720494,0.003425087367209671,-1.7279566058352769,0.95,volatility_qlike,descriptive_only,0.0012195121951219523,0.041423670668953694,0.050000000000000044,0.050000000000000044,0.0,0.0,0.0
rs_future_7,price_onchain,ridge,cqr,8640,8640,1440,6,0.98125,0.03125,0.03125,0.01875,0.0,0.01875,0.0,0.17782320309177763,0.17730699394910515,0.1809499157173975,0.0010877529637859076,0.008438421625942025,0.003435994929148932,-1.7279554192462203,0.95,volatility_qlike,descriptive_only,0.0012195121951219523,0.041423670668953694,0.050000000000000044,0.050000000000000044,0.0,0.0,0.0
rs_future_7,price_only,ridge,cqr,8640,8640,1440,6,0.98125,0.03125,0.03125,0.01875,0.0,0.01875,0.0,0.17782320309177763,0.17730699394910515,0.1809499157173975,0.0010877529637859076,0.008438216745720494,0.003435994929148932,-1.7279566058352769,0.95,volatility_qlike,descriptive_only,0.0012195121951219523,0.041423670668953694,0.050000000000000044,0.050000000000000044,0.0,0.0,0.0
rs_future_7,full,gru,regime_cqr,8640,8640,1440,6,0.9495370370370371,-0.0004629629629628873,0.0004629629629628873,0.01087962962962963,0.03958333333333333,0.01087962962962963,0.03958333333333333,0.14647624398733672,0.13733422462020325,0.18301844298944553,0.0014014808264831463,0.011954474350769205,0.003173980248252895,102881.18591994251,0.95,volatility_qlike,descriptive_only,0.0067627494456763415,-0.002601486563750699,-0.005418719211822576,0.0067627494456763415,0.0004629629629628873,0.0,0.0004629629629628873
rs_future_7,price_onchain,gru,regime_cqr,8640,8640,1440,6,0.9451388888888889,-0.004861111111111094,0.004861111111111094,0.023148148148148147,0.031712962962962964,0.023148148148148147,0.031712962962962964,0.15158596891453105,0.14568606768699316,0.18392247132212905,0.0015144256610854247,0.011753252317599957,0.003083636121967705,53041.83807478399,0.95,volatility_qlike,descriptive_only,-0.0054323725055431815,-0.009462550028587757,0.0023809523809523725,0.009462550028587757,0.004861111111111094,0.0054323725055431815,0.0054323725055431815
rs_future_7,price_only,gbr,regime_cqr,8640,8640,1440,6,0.9747685185185185,0.02476851851851858,0.02476851851851858,0.019675925925925927,0.005555555555555556,0.019675925925925927,0.005555555555555556,0.1480464486028777,0.14292631535624,0.1543605073763982,0.00099224805282435,0.008926742627371148,0.0028667646315855117,-1.7224451061793955,0.95,volatility_qlike,descriptive_only,-0.011714708056171474,0.0365637507146942,0.0483579638752053,0.0483579638752053,0.0,0.011714708056171474,0.011714708056171474
rs_future_7,price_only,gbr,cqr,8640,8640,1440,6,0.9747685185185185,0.02476851851851858,0.02476851851851858,0.019675925925925927,0.005555555555555556,0.019675925925925927,0.005555555555555556,0.1485093280839736,0.14342877332625087,0.15482338685749417,0.0009981600409571054,0.008926742627371148,0.0028724246304801544,-1.7224451061793955,0.95,volatility_qlike,descriptive_only,-0.011714708056171474,0.0365637507146942,0.0483579638752053,0.0483579638752053,0.0,0.011714708056171474,0.011714708056171474
rs_future_7,price_onchain,gru,cqr,8640,8640,1440,6,0.9465277777777777,-0.00347222222222221,0.00347222222222221,0.02476851851851852,0.028703703703703703,0.02476851851851852,0.028703703703703703,0.15131872977249156,0.1455290765265333,0.18318948540022997,0.0015188192290540865,0.011753252317599957,0.003060917905951568,53041.83807478399,0.95,volatility_qlike,descriptive_only,-0.012084257206208426,-0.006032018296169173,0.009770114942528774,0.012084257206208426,0.00347222222222221,0.012084257206208426,0.012084257206208426
rs_future_7,price_onchain,gbr,regime_cqr,8640,8640,1440,6,0.9752314814814815,0.025231481481481577,0.025231481481481577,0.020949074074074075,0.0038194444444444443,0.020949074074074075,0.0038194444444444443,0.15638383552004523,0.15225641170265375,0.16051414881508239,0.0010026667445555122,0.009275916741098783,0.0030101869758214516,-1.7213199202043943,0.95,volatility_qlike,descriptive_only,-0.01282335550628233,0.03770726129216695,0.049589490968801386,0.049589490968801386,0.0,0.01282335550628233,0.01282335550628233
rs_future_7,price_onchain,gbr,cqr,8640,8640,1440,6,0.9752314814814815,0.025231481481481577,0.025231481481481577,0.020949074074074075,0.0038194444444444443,0.020949074074074075,0.0038194444444444443,0.1568122091298574,0.15238341444721298,0.1609425224248946,0.001008021414678165,0.009275916741098783,0.0030155416459441042,-1.7213199202043943,0.95,volatility_qlike,descriptive_only,-0.01282335550628233,0.03770726129216695,0.049589490968801386,0.049589490968801386,0.0,0.01282335550628233,0.01282335550628233
rs_future_7,price_onchain,lstm,cqr,8640,8640,1440,6,0.9423611111111111,-0.007638888888888862,0.007638888888888862,0.025,0.03263888888888889,0.025,0.03263888888888889,0.15982950943487592,0.1515509372121158,0.20583246007052713,0.0017191966150776478,0.013619137446065108,0.003426614886685435,148509.7910162609,0.95,volatility_qlike,descriptive_only,-0.01651884700665185,0.00483133218982279,-0.015681444991789806,0.01651884700665185,0.007638888888888862,0.01651884700665185,0.01651884700665185
rs_future_7,price_onchain,lstm,regime_cqr,8640,8640,1440,6,0.9400462962962963,-0.009953703703703631,0.009953703703703631,0.025347222222222222,0.03460648148148148,0.025347222222222222,0.03460648148148148,0.15926889617596174,0.1513037122786045,0.2077968309611277,0.001716936235006203,0.013619137446065108,0.003477984539021893,148509.7910162609,0.95,volatility_qlike,descriptive_only,-0.017257945306725753,0.0065465980560320824,-0.025533661740558267,0.025533661740558267,0.009953703703703631,0.017257945306725753,0.017257945306725753
rs_future_7,full,gbr,cqr,8640,8640,1440,6,0.9681712962962963,0.018171296296296324,0.018171296296296324,0.02476851851851852,0.007060185185185185,0.02476851851851852,0.007060185185185185,0.15191753085744797,0.153907485363589,0.15952739229410468,0.0009918087945598865,0.009561388540706203,0.002996376012792636,-1.7169997684879548,0.95,volatility_qlike,descriptive_only,-0.020214338507021368,0.03027444253859357,0.04343185550082107,0.04343185550082107,0.0,0.020214338507021368,0.020214338507021368
rs_future_7,price_onchain,gbr,raw_quantile,8640,8640,1440,6,0.9726851851851852,0.022685185185185253,0.022685185185185253,0.02349537037037037,0.0038194444444444443,0.02349537037037037,0.0038194444444444443,0.15498869328896403,0.15180438756336812,0.16012706130483997,0.0010104288346879668,0.009275916741098783,0.0029927476979329367,-1.7213199202043943,0.95,volatility_qlike,descriptive_only,-0.020214338507021368,0.03713550600343063,0.049589490968801386,0.049589490968801386,0.0,0.020214338507021368,0.020214338507021368
rs_future_7,price_only,har_ols,regime_cqr,8640,8640,1440,6,0.9548611111111112,0.004861111111111205,0.004861111111111205,0.030555555555555555,0.014583333333333334,0.030555555555555555,0.014583333333333334,0.14110945074987472,0.13507451027614475,0.1542749328663674,0.0009425928257936042,0.008711018076484714,0.0029142804958654867,-1.7227786130855234,0.95,volatility_qlike,descriptive_only,-0.02095343680709527,0.01226415094339628,0.02290640394088672,0.02290640394088672,0.0,0.02095343680709527,0.02095343680709527
rs_future_7,price_only,har_ols,cqr,8640,8640,1440,6,0.9555555555555556,0.005555555555555647,0.005555555555555647,0.029861111111111113,0.014583333333333334,0.029861111111111113,0.014583333333333334,0.142100064330378,0.13549101338712785,0.15518119404851552,0.0009545374696358304,0.008711018076484714,0.0029249923815769623,-1.7227786130855234,0.95,volatility_qlike,descriptive_only,-0.02095343680709527,0.01226415094339628,0.025369458128078892,0.025369458128078892,0.0,0.02095343680709527,0.02095343680709527
rs_future_7,full,gbr,regime_cqr,8640,8640,1440,6,0.9679398148148148,0.01793981481481488,0.01793981481481488,0.025,0.007060185185185185,0.025,0.007060185185185185,0.1514679645079141,0.15373087479297443,0.15906566141095768,0.0009871574803098874,0.009561388540706203,0.0029894840549639606,-1.7169997684879548,0.95,volatility_qlike,descriptive_only,-0.02095343680709527,0.03027444253859357,0.04343185550082107,0.04343185550082107,0.0,0.02095343680709527,0.02095343680709527
rs_future_7,price_only,gbr,raw_quantile,8640,8640,1440,6,0.9707175925925926,0.02071759259259265,0.02071759259259265,0.023726851851851853,0.005555555555555556,0.023726851851851853,0.005555555555555556,0.1454666693864644,0.1417253762266824,0.15288208838577053,0.0009881148214716056,0.008926742627371148,0.002833937388172563,-1.7224451061793955,0.95,volatility_qlike,descriptive_only,-0.02280118255728003,0.035134362492853066,0.0483579638752053,0.0483579638752053,0.0,0.02280118255728003,0.02280118255728003
rs_future_7,full,gbr,raw_quantile,8640,8640,1440,6,0.9587962962962963,0.008796296296296302,0.008796296296296302,0.033796296296296297,0.007407407407407408,0.033796296296296297,0.007407407407407408,0.1483256209722798,0.15292599316889688,0.1590281251728886,0.0010179845896794097,0.009561388540706203,0.0029577185396427114,-1.7169997684879548,0.95,volatility_qlike,descriptive_only,-0.040909090909090895,0.024271012006861103,0.04178981937602633,0.04178981937602633,0.0,0.040909090909090895,0.040909090909090895
rs_future_7,price_only,ridge,sym_conformal,8640,8640,1440,6,0.9202546296296297,-0.029745370370370283,0.029745370370370283,0.03819444444444445,0.04155092592592593,0.03819444444444445,0.04155092592592593,0.10533515689860669,0.09834468223024515,0.1664416675671536,0.001681267749533751,0.009880313606889013,0.002479773939644992,-1.7258853180156943,0.95,volatility_qlike,descriptive_only,-0.040909090909090895,-0.01174957118353337,-0.04318555008210179,0.04318555008210179,0.029745370370370283,0.040909090909090895,0.040909090909090895
rs_future_7,full,lstm,cqr,8640,8640,1440,6,0.9219907407407407,-0.028009259259259234,0.028009259259259234,0.029282407407407406,0.048726851851851855,0.029282407407407406,0.048726851851851855,0.13809847335000489,0.1311158182952114,0.18579717847820656,0.001508303855581883,0.012941265311002216,0.003136625606373186,223331.6047961984,0.95,volatility_qlike,descriptive_only,-0.0423872875092387,-0.005174385363064582,-0.04482758620689653,0.04482758620689653,0.028009259259259234,0.0423872875092387,0.0423872875092387
rs_future_7,full,lstm,regime_cqr,8640,8640,1440,6,0.9152777777777777,-0.03472222222222221,0.03472222222222221,0.03125,0.05347222222222222,0.03125,0.05347222222222222,0.13707966501625082,0.1305634388806005,0.18972562415458935,0.0015210737605663883,0.012941265311002216,0.0032220668432982502,223331.6047961984,0.95,volatility_qlike,descriptive_only,-0.0423872875092387,-0.008604917095483056,-0.06371100164203614,0.06371100164203614,0.03472222222222221,0.0423872875092387,0.0423872875092387
rs_future_7,price_only,gru,sym_conformal,8640,8640,1440,6,0.9063657407407407,-0.043634259259259234,0.043634259259259234,0.04189814814814815,0.05173611111111111,0.04189814814814815,0.05173611111111111,0.10825649622172391,0.10316385142505165,0.17664536155950333,0.001822346800896806,0.010631906397028996,0.00259378723809068,-1.7008181305727708,0.95,volatility_qlike,descriptive_only,-0.044604582409460414,-0.018610634648370428,-0.07848932676518883,0.07848932676518883,0.043634259259259234,0.044604582409460414,0.044604582409460414
rs_future_7,price_onchain,gru,sym_conformal,8640,8640,1440,6,0.9027777777777778,-0.047222222222222165,0.047222222222222165,0.05138888888888889,0.04583333333333333,0.05138888888888889,0.04583333333333333,0.12152042741977817,0.1145407035946846,0.19403779146500125,0.0019929041216916166,0.013730775196449916,0.0028580406649333177,93411.3860068562,0.95,volatility_qlike,descriptive_only,-0.04608277900960822,-0.031475128644939954,-0.07110016420361243,0.07110016420361243,0.047222222222222165,0.04608277900960822,0.047222222222222165
rs_future_7,price_only,har_ols,raw_quantile,8640,8640,1440,6,0.9416666666666667,-0.008333333333333304,0.008333333333333304,0.03611111111111111,0.022222222222222223,0.03611111111111111,0.022222222222222223,0.12923311939694057,0.12414487471022614,0.14942122303535602,0.0008095520559095268,0.008711018076484714,0.002925978519974278,-1.7227786130855234,0.95,volatility_qlike,descriptive_only,-0.04756097560975603,0.0002572898799314549,0.02290640394088672,0.04756097560975603,0.008333333333333304,0.04756097560975603,0.04756097560975603
rs_future_7,price_only,ridge,regime_sym_conformal,8640,8640,1440,6,0.903587962962963,-0.046412037037037,0.046412037037037,0.049305555555555554,0.04710648148148148,0.049305555555555554,0.04710648148148148,0.10394766002669076,0.1007060623926656,0.17004844380284675,0.001729824490714815,0.009880313606889013,0.0025213866043562578,-1.7258853180156943,0.95,volatility_qlike,descriptive_only,-0.04756097560975603,-0.013464837049742662,-0.09244663382594409,0.09244663382594409,0.046412037037037,0.04756097560975603,0.04756097560975603
rs_future_7,price_onchain,har_ols,sym_conformal,8640,8640,1440,6,0.9,-0.04999999999999993,0.04999999999999993,0.049305555555555554,0.050694444444444445,0.049305555555555554,0.050694444444444445,0.1076305482695838,0.1093471583368398,0.17791249921148897,0.001919056127731211,0.010424332975567734,0.002528756352555916,-1.6909614455465731,0.95,volatility_qlike,descriptive_only,-0.027605321507760516,-0.032332761578044544,-0.10024630541871915,0.10024630541871915,0.04999999999999993,0.027605321507760516,0.04999999999999993
rs_future_7,price_onchain,har_ols,regime_sym_conformal,8640,8640,1440,6,0.9,-0.04999999999999993,0.04999999999999993,0.049305555555555554,0.050694444444444445,0.049305555555555554,0.050694444444444445,0.1075478720292403,0.1093296292149345,0.17809123922683656,0.0019521410300728326,0.010424332975567734,0.0025001399505979855,-1.6909614455465731,0.95,volatility_qlike,descriptive_only,-0.01873614190687356,-0.032332761578044544,-0.11009852216748761,0.11009852216748761,0.04999999999999993,0.01873614190687356,0.04999999999999993
rs_future_7,price_only,har_ols,sym_conformal,8640,8640,1440,6,0.8993055555555556,-0.050694444444444375,0.050694444444444375,0.05694444444444444,0.04375,0.05694444444444444,0.04375,0.10690424094783793,0.1042095055273647,0.17237512034165883,0.0018713794041697743,0.01023479997905606,0.0024379986043716016,-1.721735716060133,0.95,volatility_qlike,descriptive_only,-0.04977827050997774,-0.023756432246998194,-0.09039408866995069,0.09039408866995069,0.050694444444444375,0.04977827050997774,0.050694444444444375
rs_future_7,price_onchain,ridge,sym_conformal,8640,8640,1440,6,0.9013888888888889,-0.04861111111111105,0.04861111111111105,0.04652777777777778,0.052083333333333336,0.04652777777777778,0.052083333333333336,0.10638309533234079,0.1042983159533642,0.1767051169193148,0.0018208654996428053,0.009915372182273004,0.0025967624233399684,-1.7115767772683195,0.95,volatility_qlike,descriptive_only,-0.05199556541019956,-0.032332761578044544,-0.0682266009852216,0.0682266009852216,0.04861111111111105,0.05199556541019956,0.05199556541019956
rs_future_7,price_onchain,gru,regime_sym_conformal,8640,8640,1440,6,0.8974537037037037,-0.05254629629629626,0.05254629629629626,0.05416666666666667,0.04837962962962963,0.05416666666666667,0.04837962962962963,0.12070178766354066,0.1145406963788791,0.19544116993119184,0.0020228572740257317,0.013730775196449916,0.0028631719742539677,93411.3860068562,0.95,volatility_qlike,descriptive_only,-0.044604582409460414,-0.03662092624356772,-0.08423645320197037,0.08423645320197037,0.05254629629629626,0.044604582409460414,0.05254629629629626
rs_future_7,price_only,lstm,sym_conformal,8640,8640,1440,6,0.8958333333333334,-0.054166666666666585,0.054166666666666585,0.05023148148148148,0.05393518518518518,0.05023148148148148,0.05393518518518518,0.10886375521443334,0.10082986578345296,0.18959068919416114,0.002139277300837704,0.010351742978511855,0.002600489929016228,-1.7134355433389403,0.95,volatility_qlike,descriptive_only,-0.05199556541019956,-0.023184676958261874,-0.10106732348111658,0.10106732348111658,0.054166666666666585,0.05199556541019956,0.054166666666666585
rs_future_7,price_only,gru,regime_sym_conformal,8640,8640,1440,6,0.8917824074074074,-0.058217592592592515,0.058217592592592515,0.05023148148148148,0.05798611111111111,0.05023148148148148,0.05798611111111111,0.10653770249454983,0.1038934395284577,0.17980914921062655,0.0018661632841527587,0.010631906397028996,0.0026290654461128098,-1.7008181305727708,0.95,volatility_qlike,descriptive_only,-0.04201773835920175,-0.03604917095483129,-0.10804597701149421,0.10804597701149421,0.058217592592592515,0.04201773835920175,0.058217592592592515
rs_future_7,price_only,har_ols,regime_sym_conformal,8640,8640,1440,6,0.8909722222222223,-0.05902777777777768,0.05902777777777768,0.06180555555555556,0.04722222222222222,0.06180555555555556,0.04722222222222222,0.10588154058863763,0.1057381719878912,0.1749379858764589,0.0019142534175772303,0.01023479997905606,0.0024591962293341466,-1.721735716060133,0.95,volatility_qlike,descriptive_only,-0.04977827050997774,-0.023756432246998194,-0.11995073891625607,0.11995073891625607,0.05902777777777768,0.04977827050997774,0.05902777777777768
rs_future_7,full,ridge,cqr,8640,8640,1440,6,0.9310185185185185,-0.018981481481481488,0.018981481481481488,0.04548611111111111,0.02349537037037037,0.04548611111111111,0.02349537037037037,0.12854377413201723,0.12098248770296524,0.15960744930971105,0.0011183256183477524,0.009190487122763677,0.0028718606143949294,-1.713398905820654,0.95,volatility_qlike,descriptive_only,-0.06160384331116031,-0.005174385363064582,0.008538587848932688,0.06160384331116031,0.018981481481481488,0.06160384331116031,0.06160384331116031
rs_future_7,price_onchain,ridge,regime_sym_conformal,8640,8640,1440,6,0.8881944444444444,-0.06180555555555556,0.06180555555555556,0.05625,0.05555555555555555,0.05625,0.05555555555555555,0.10531753869907591,0.1043017039358013,0.1809857301422202,0.001874794119148423,0.009915372182273004,0.002649849134406987,-1.7115767772683195,0.95,volatility_qlike,descriptive_only,-0.04756097560975603,-0.0391938250428816,-0.11009852216748761,0.11009852216748761,0.06180555555555556,0.04756097560975603,0.06180555555555556
rs_future_7,full,rf,cqr,8640,8640,1440,6,0.9298611111111111,-0.020138888888888817,0.020138888888888817,0.049421296296296297,0.020717592592592593,0.049421296296296297,0.020717592592592593,0.1285687770456773,0.11919498279630075,0.16378852512358144,0.001290359956175477,0.011181156540142774,0.002804353171913964,-1.7080324861199057,0.95,volatility_qlike,descriptive_only,-0.06419068736141897,-0.011177815894796939,0.01592775041050909,0.06419068736141897,0.020138888888888817,0.06419068736141897,0.06419068736141897
rs_future_7,full,gru,sym_conformal,8640,8640,1440,6,0.9190972222222222,-0.030902777777777724,0.030902777777777724,0.029861111111111113,0.051041666666666666,0.029861111111111113,0.051041666666666666,0.11553336902806119,0.1023993082344532,0.17681319905300047,0.0015943863753941552,0.013799081687451373,0.00282594360093076,113758.70636581615,0.95,volatility_qlike,descriptive_only,-0.06419068736141897,-0.02175528873642074,-0.007060755336617319,0.06419068736141897,0.030902777777777724,0.06419068736141897,0.06419068736141897
rs_future_7,full,gru,regime_sym_conformal,8640,8640,1440,6,0.9078703703703703,-0.04212962962962963,0.04212962962962963,0.03425925925925926,0.05787037037037037,0.03425925925925926,0.05787037037037037,0.11351344629646984,0.10156943623998715,0.18217933467448305,0.0016249681207960109,0.013799081687451373,0.0029295152460659672,113758.70636581615,0.95,volatility_qlike,descriptive_only,-0.0671470805617147,-0.02718696397941678,-0.035796387520525386,0.0671470805617147,0.04212962962962963,0.0671470805617147,0.0671470805617147
rs_future_7,price_only,lstm,regime_sym_conformal,8640,8640,1440,6,0.882175925925926,-0.06782407407407398,0.06782407407407398,0.05625,0.06157407407407407,0.05625,0.06157407407407407,0.107395383332368,0.1008586445578801,0.1951539481883739,0.0021717825214102406,0.010351742978511855,0.0027070661832990102,-1.7134355433389403,0.95,volatility_qlike,descriptive_only,-0.052365114560236514,-0.03404802744425384,-0.1334975369458128,0.1334975369458128,0.06782407407407398,0.052365114560236514,0.06782407407407398
rs_future_7,price_onchain,lstm,raw_quantile,8640,8640,1440,6,0.8800925925925925,-0.06990740740740742,0.06990740740740742,0.049652777777777775,0.07025462962962963,0.049652777777777775,0.07025462962962963,0.13751927975678915,0.13067424483597273,0.253595063096634,0.0021029682362958394,0.013619137446065108,0.004236908341119914,148509.7910162609,0.95,volatility_qlike,descriptive_only,-0.06160384331116031,-0.05320182961692388,-0.10311986863710998,0.10311986863710998,0.06990740740740742,0.06160384331116031,0.06990740740740742
rs_future_7,full,rf,regime_cqr,8640,8640,1440,6,0.9207175925925926,-0.029282407407407396,0.029282407407407396,0.05347222222222222,0.025810185185185186,0.05347222222222222,0.025810185185185186,0.12651102131651076,0.11770856311032946,0.16462213421388242,0.0012740928424049662,0.011181156540142774,0.002841460512941998,-1.7080324861199057,0.95,volatility_qlike,descriptive_only,-0.07047302291204727,-0.015751858204688385,-0.002955665024630516,0.07047302291204727,0.029282407407407396,0.07047302291204727,0.07047302291204727
rs_future_7,full,ridge,regime_cqr,8640,8640,1440,6,0.9215277777777777,-0.028472222222222232,0.028472222222222232,0.049421296296296297,0.029050925925925924,0.049421296296296297,0.029050925925925924,0.1265770215224675,0.1191079267344104,0.16122752121030656,0.0011149455597058546,0.009190487122763677,0.002915742470551714,-1.713398905820654,0.95,volatility_qlike,descriptive_only,-0.07084257206208422,-0.0031732418524871298,-0.017733990147783207,0.07084257206208422,0.028472222222222232,0.07084257206208422,0.07084257206208422
rs_future_7,full,gru,raw_quantile,8640,8640,1440,6,0.8760416666666667,-0.07395833333333324,0.07395833333333324,0.022800925925925926,0.1011574074074074,0.022800925925925926,0.1011574074074074,0.12874985195315578,0.11906767077744,0.23156908567850823,0.001420932257650486,0.011954474350769205,0.004368294884312123,102881.18591994251,0.95,volatility_qlike,descriptive_only,-0.04830007390982993,-0.10523156089193819,-0.05755336617405582,0.10523156089193819,0.07395833333333324,0.04830007390982993,0.07395833333333324
rs_future_7,price_onchain,gru,raw_quantile,8640,8640,1440,6,0.8738425925925926,-0.0761574074074074,0.0761574074074074,0.047685185185185185,0.07847222222222222,0.047685185185185185,0.07847222222222222,0.13243327444680392,0.1290473872795701,0.2306323370932198,0.0016831260851186824,0.011753252317599957,0.004082682342211716,53041.83807478399,0.95,volatility_qlike,descriptive_only,-0.07490761271249069,-0.07521440823327608,-0.07889983579638749,0.07889983579638749,0.0761574074074074,0.07490761271249069,0.0761574074074074
rs_future_7,full,har_ols,sym_conformal,8640,8640,1440,6,0.8770833333333333,-0.07291666666666663,0.07291666666666663,0.07152777777777777,0.05138888888888889,0.07152777777777777,0.05138888888888889,0.11288607696292219,0.1075384099595816,0.22503108158337673,0.0021490890397110936,0.01529034818673161,0.0034766879998732294,196795.38859498463,0.95,volatility_qlike,descriptive_only,-0.07860310421286032,-0.06149228130360196,-0.08300492610837429,0.08300492610837429,0.07291666666666663,0.07860310421286032,0.07860310421286032
rs_future_7,full,har_ols,regime_sym_conformal,8640,8640,1440,6,0.8701388888888889,-0.07986111111111105,0.07986111111111105,0.08402777777777778,0.04583333333333333,0.08402777777777778,0.04583333333333333,0.11083224289988099,0.1034701498326264,0.21872167250893357,0.002432983453618053,0.01529034818673161,0.003035058359105191,196795.38859498463,0.95,volatility_qlike,descriptive_only,-0.08082039911308203,-0.06492281303602054,-0.10024630541871915,0.10024630541871915,0.07986111111111105,0.08082039911308203,0.08082039911308203
rs_future_7,price_only,rf,regime_cqr,8640,8640,1440,6,0.9006944444444445,-0.04930555555555549,0.04930555555555549,0.04722222222222222,0.052083333333333336,0.04722222222222222,0.052083333333333336,0.10915574713446183,0.09835836249740415,0.170329319394785,0.001368404682093077,0.009570882376251026,0.0028898283027764516,-1.72379686285105,0.95,volatility_qlike,descriptive_only,-0.08118994826311898,-0.0351915380217267,-0.03415435139573064,0.08118994826311898,0.04930555555555549,0.08118994826311898,0.08118994826311898
rs_future_7,price_only,rf,cqr,8640,8640,1440,6,0.9064814814814814,-0.04351851851851851,0.04351851851851851,0.04652777777777778,0.04699074074074074,0.04652777777777778,0.04699074074074074,0.11146187468027993,0.0995506444143967,0.17050258133721596,0.0013887384793410625,0.009570882376251026,0.0028738260540892404,-1.72379686285105,0.95,volatility_qlike,descriptive_only,-0.08266814486326679,-0.03490566037735843,-0.012397372742200319,0.08266814486326679,0.04351851851851851,0.08266814486326679,0.08266814486326679
rs_future_7,full,har_ols,cqr,8640,8640,1440,6,0.8666666666666667,-0.08333333333333326,0.08333333333333326,0.06597222222222222,0.06736111111111111,0.06597222222222222,0.06736111111111111,0.13223814618612473,0.1272384142680355,0.2136373800438356,0.001342106821267068,0.011356032816400493,0.003998827679828727,4695.141655069484,0.95,volatility_qlike,descriptive_only,-0.05199556541019956,-0.14210977701543737,-0.033743842364531984,0.14210977701543737,0.08333333333333326,0.05199556541019956,0.08333333333333326
rs_future_7,full,ridge,sym_conformal,8640,8640,1440,6,0.8828703703703704,-0.06712962962962954,0.06712962962962954,0.06238425925925926,0.05474537037037037,0.06238425925925926,0.05474537037037037,0.10688987971349072,0.0947822960474534,0.21710718818323296,0.0019471494140034934,0.014166054003871891,0.003480530290577234,124628.6175581522,0.95,volatility_qlike,descriptive_only,-0.08636363636363631,-0.04376786735277294,-0.07931034482758614,0.08636363636363631,0.06712962962962954,0.08636363636363631,0.08636363636363631
rs_future_7,price_onchain,har_ols,regime_cqr,8640,8640,1440,6,0.9069444444444444,-0.043055555555555514,0.043055555555555514,0.03263888888888889,0.06041666666666667,0.03263888888888889,0.06041666666666667,0.12520244721345375,0.12234344226066005,0.17471578537905538,0.0012789777640974836,0.00919169397069636,0.003088916870378807,-1.7057998223477304,0.95,volatility_qlike,descriptive_only,-0.08747228381374716,-0.042624356775300076,0.0056650246305419705,0.08747228381374716,0.043055555555555514,0.08747228381374716,0.08747228381374716
rs_future_7,price_onchain,har_ols,cqr,8640,8640,1440,6,0.9069444444444444,-0.043055555555555514,0.043055555555555514,0.03333333333333333,0.059722222222222225,0.03333333333333333,0.059722222222222225,0.12455280631100178,0.12035691526640915,0.1731520777504425,0.0012702962178284304,0.00919169397069636,0.003058505725932537,-1.7057998223477304,0.95,volatility_qlike,descriptive_only,-0.08968957871396888,-0.04433962264150937,0.010591133004926201,0.08968957871396888,0.043055555555555514,0.08968957871396888,0.08968957871396888
rs_future_7,price_only,rf,sym_conformal,8640,8640,1440,6,0.8915509259259259,-0.05844907407407407,0.05844907407407407,0.047453703703703706,0.06099537037037037,0.047453703703703706,0.06099537037037037,0.10467609361671763,0.08562853176606106,0.20318303209755162,0.0021768057104335783,0.00999405431468181,0.0029027700920051156,-1.7218949770062484,0.95,volatility_qlike,descriptive_only,-0.08968957871396888,-0.018038879359633997,-0.08177339901477831,0.08968957871396888,0.05844907407407407,0.08968957871396888,0.08968957871396888
rs_future_7,price_onchain,lstm,regime_sym_conformal,8640,8640,1440,6,0.8761574074074074,-0.07384259259259252,0.07384259259259252,0.0707175925925926,0.053125,0.0707175925925926,0.053125,0.12693335573764042,0.1253621357292302,0.2275395114238065,0.0026590831214098605,0.015847417797761828,0.003029404664185205,156441.54251307223,0.95,volatility_qlike,descriptive_only,-0.09005912786400583,-0.03690680388793588,-0.10886699507389153,0.10886699507389153,0.07384259259259252,0.09005912786400583,0.09005912786400583
rs_future_7,price_only,rf,regime_sym_conformal,8640,8640,1440,6,0.8778935185185185,-0.07210648148148147,0.07210648148148147,0.05648148148148148,0.065625,0.05648148148148148,0.065625,0.1028214235320202,0.0881810068876715,0.20411506464256707,0.002176558626388488,0.00999405431468181,0.002926317989675593,-1.7218949770062484,0.95,volatility_qlike,descriptive_only,-0.09005912786400583,-0.02718696397941678,-0.11666666666666659,0.11666666666666659,0.07210648148148147,0.09005912786400583,0.09005912786400583
rs_future_7,price_onchain,lstm,sym_conformal,8640,8640,1440,6,0.8841435185185185,-0.06585648148148149,0.06585648148148149,0.06863425925925926,0.04722222222222222,0.06863425925925926,0.04722222222222222,0.12851964218037512,0.12547679245471954,0.22436600325852338,0.0026422810597683103,0.015847417797761828,0.0029668690216946786,156441.54251307223,0.95,volatility_qlike,descriptive_only,-0.09079822616407973,-0.033476272155517406,-0.08464696223316903,0.09079822616407973,0.06585648148148149,0.09079822616407973,0.09079822616407973
rs_future_7,full,har_ols,regime_cqr,8640,8640,1440,6,0.8583333333333333,-0.09166666666666667,0.09166666666666667,0.075,0.06666666666666667,0.075,0.06666666666666667,0.13224830629981738,0.1281759511968755,0.21143216438258902,0.0014144709179200318,0.011356032816400493,0.003871333191644599,4695.141655069484,0.95,volatility_qlike,descriptive_only,-0.04977827050997774,-0.1524013722126929,-0.050985221674876846,0.1524013722126929,0.09166666666666667,0.04977827050997774,0.09166666666666667
rs_future_7,price_onchain,rf,cqr,8640,8640,1440,6,0.9023148148148148,-0.047685185185185164,0.047685185185185164,0.05497685185185185,0.042708333333333334,0.05497685185185185,0.042708333333333334,0.11630578184237264,0.1002473733906167,0.16374046390799563,0.0013533165499240972,0.009488443455503993,0.002740195047775699,-1.7251510616385275,0.95,volatility_qlike,descriptive_only,-0.09634146341463412,-0.040909090909090895,-0.003366174055829174,0.09634146341463412,0.047685185185185164,0.09634146341463412,0.09634146341463412
rs_future_7,full,ridge,regime_sym_conformal,8640,8640,1440,6,0.8748842592592593,-0.07511574074074068,0.07511574074074068,0.07118055555555555,0.05393518518518518,0.07118055555555555,0.05393518518518518,0.10519939138711537,0.0937841894813694,0.2193071904478403,0.002090952306919858,0.014166054003871891,0.003391727454276054,124628.6175581522,0.95,volatility_qlike,descriptive_only,-0.09634146341463412,-0.05520297312750133,-0.08013136288998357,0.09634146341463412,0.07511574074074068,0.09634146341463412,0.09634146341463412
rs_future_7,full,lstm,sym_conformal,8640,8640,1440,6,0.8899305555555556,-0.0600694444444444,0.0600694444444444,0.05914351851851852,0.05092592592592592,0.05914351851851852,0.05092592592592592,0.12113137340617228,0.1144508086144924,0.1983419702549299,0.0021331126221327073,0.015835575040342352,0.0028254366342404425,240779.76709407274,0.95,volatility_qlike,descriptive_only,-0.09671101256467107,-0.03662092624356772,-0.05303776683087025,0.09671101256467107,0.0600694444444444,0.09671101256467107,0.09671101256467107
rs_future_7,full,lstm,regime_sym_conformal,8640,8640,1440,6,0.8793981481481481,-0.07060185185185186,0.07060185185185186,0.06446759259259259,0.05613425925925926,0.06446759259259259,0.05613425925925926,0.1201909124011162,0.1138836244445662,0.20652050797384927,0.0022005923146282288,0.015835575040342352,0.002962420384717907,240779.76709407274,0.95,volatility_qlike,descriptive_only,-0.09892830746489278,-0.042624356775300076,-0.07931034482758614,0.09892830746489278,0.07060185185185186,0.09892830746489278,0.09892830746489278
rs_future_7,price_onchain,rf,regime_sym_conformal,8640,8640,1440,6,0.8761574074074074,-0.07384259259259252,0.07384259259259252,0.05717592592592593,0.06666666666666667,0.05717592592592593,0.06666666666666667,0.10138837929499132,0.0866801383910951,0.18501725379228676,0.0018023844440996414,0.010277999063220914,0.002823046900707433,-1.7217127663365386,0.95,volatility_qlike,descriptive_only,-0.10003695491500364,-0.02775871926815321,-0.11091954022988504,0.11091954022988504,0.07384259259259252,0.10003695491500364,0.10003695491500364
rs_future_7,price_onchain,rf,sym_conformal,8640,8640,1440,6,0.8887731481481481,-0.06122685185185184,0.06122685185185184,0.04918981481481482,0.062037037037037036,0.04918981481481482,0.062037037037037036,0.10320981338348,0.08609356392810061,0.1824147749614893,0.0018044637322829167,0.010277999063220914,0.00275590564175422,-1.7217127663365386,0.95,volatility_qlike,descriptive_only,-0.10040650406504059,-0.023184676958261874,-0.07233169129720851,0.10040650406504059,0.06122685185185184,0.10040650406504059,0.10040650406504059
rs_future_7,price_onchain,rf,regime_cqr,8640,8640,1440,6,0.8949074074074074,-0.05509259259259258,0.05509259259259258,0.05787037037037037,0.04722222222222222,0.05787037037037037,0.04722222222222222,0.11391753124017362,0.0983647099374684,0.16505144850166278,0.0013443902910005479,0.009488443455503993,0.002781895921540927,-1.7251510616385275,0.95,volatility_qlike,descriptive_only,-0.10151515151515145,-0.040623213264722624,-0.02430213464696218,0.10151515151515145,0.05509259259259258,0.10151515151515145,0.10151515151515145
rs_future_7,price_only,gbr,sym_conformal,8640,8640,1440,6,0.8746527777777777,-0.07534722222222223,0.07534722222222223,0.06921296296296296,0.05613425925925926,0.06921296296296296,0.05613425925925926,0.09942426626791094,0.0891049992425514,0.17638290709949608,0.0017129792050588385,0.010455664909416896,0.002696593472428467,-1.718275440439017,0.95,volatility_qlike,descriptive_only,-0.12405764966740573,-0.03719268153230415,-0.07602627257799666,0.12405764966740573,0.07534722222222223,0.12405764966740573,0.12405764966740573
rs_future_7,price_only,gbr,regime_sym_conformal,8640,8640,1440,6,0.8618055555555556,-0.08819444444444435,0.08819444444444435,0.07476851851851851,0.06342592592592593,0.07476851851851851,0.06342592592592593,0.09783428916588752,0.0866548593900238,0.1791932509948499,0.0017288650166318806,0.010455664909416896,0.0027509662582392716,-1.718275440439017,0.95,volatility_qlike,descriptive_only,-0.1281226903178122,-0.04291023441966835,-0.10886699507389153,0.1281226903178122,0.08819444444444435,0.1281226903178122,0.1281226903178122
rs_future_7,price_onchain,gbr,sym_conformal,8640,8640,1440,6,0.8726851851851852,-0.07731481481481473,0.07731481481481473,0.0707175925925926,0.05659722222222222,0.0707175925925926,0.05659722222222222,0.10014775591444053,0.0879559632927226,0.179527292892019,0.001732367624783039,0.010895889189368109,0.002755814697517341,-1.7144568969206995,0.95,volatility_qlike,descriptive_only,-0.12923133776792306,-0.03490566037735843,-0.08054187192118223,0.12923133776792306,0.07731481481481473,0.12923133776792306,0.12923133776792306
rs_future_7,price_onchain,gbr,regime_sym_conformal,8640,8640,1440,6,0.8596064814814814,-0.09039351851851851,0.09039351851851851,0.07777777777777778,0.06261574074074074,0.07777777777777778,0.06261574074074074,0.09853459912161527,0.0867486050650632,0.18099106176488164,0.0017561214245777118,0.010895889189368109,0.0027686551195442327,-1.7144568969206995,0.95,volatility_qlike,descriptive_only,-0.13477457501847745,-0.03976558033161803,-0.11379310344827587,0.13477457501847745,0.09039351851851851,0.13477457501847745,0.13477457501847745
rs_future_7,full,gbr,sym_conformal,8640,8640,1440,6,0.8737268518518518,-0.07627314814814812,0.07627314814814812,0.07118055555555555,0.055092592592592596,0.07118055555555555,0.055092592592592596,0.10157920985057721,0.0935090553340015,0.17755643379152258,0.0018202279564842301,0.011306472131519838,0.0026186828883037394,-1.7102514612700157,0.95,volatility_qlike,descriptive_only,-0.13625277161862526,-0.02918810748999423,-0.07725779967159274,0.13625277161862526,0.07627314814814812,0.13625277161862526,0.13625277161862526
rs_future_7,full,gbr,regime_sym_conformal,8640,8640,1440,6,0.8557870370370371,-0.09421296296296289,0.09421296296296289,0.08055555555555556,0.06365740740740741,0.08055555555555556,0.06365740740740741,0.09945308297726138,0.0891201082499456,0.18278660397321214,0.0018865741447153949,0.011306472131519838,0.002683090954614813,-1.7102514612700157,0.95,volatility_qlike,descriptive_only,-0.145861049519586,-0.040909090909090895,-0.1133825944170771,0.145861049519586,0.09421296296296289,0.145861049519586,0.145861049519586
rs_future_7,full,rf,sym_conformal,8640,8640,1440,6,0.8800925925925925,-0.06990740740740742,0.06990740740740742,0.07789351851851851,0.04201388888888889,0.07789351851851851,0.04201388888888889,0.10933389333831735,0.0939153177318481,0.185968767842644,0.0022554484910884335,0.01235348054338392,0.00239377070497757,-1.7036416239650036,0.95,volatility_qlike,descriptive_only,-0.15103473762010344,-0.015465980560320114,-0.05796387520525448,0.15103473762010344,0.06990740740740742,0.15103473762010344,0.15103473762010344
rs_future_7,full,lstm,raw_quantile,8640,8640,1440,6,0.8020833333333334,-0.14791666666666659,0.14791666666666659,0.07037037037037037,0.1275462962962963,0.07037037037037037,0.1275462962962963,0.10973121469194462,0.10246405191719525,0.27841513526085804,0.0018710977027735433,0.012941265311002216,0.005089280678747812,223331.6047961984,0.95,volatility_qlike,descriptive_only,-0.15325203252032515,-0.11323613493424811,-0.19178981937602624,0.19178981937602624,0.14791666666666659,0.15325203252032515,0.15325203252032515
rs_future_7,full,rf,regime_sym_conformal,8640,8640,1440,6,0.8653935185185185,-0.08460648148148142,0.08460648148148142,0.08391203703703703,0.050694444444444445,0.08391203703703703,0.050694444444444445,0.10555787997505593,0.0924786343329507,0.1922747837749722,0.002293535422357014,0.01235348054338392,0.0025133341720171946,-1.7036416239650036,0.95,volatility_qlike,descriptive_only,-0.15879526977087943,-0.025185820468839326,-0.08752052545155986,0.15879526977087943,0.08460648148148142,0.15879526977087943,0.15879526977087943
rs_future_7,full,ridge,raw_quantile,8640,8640,1440,6,0.8704861111111111,-0.07951388888888888,0.07951388888888888,0.07824074074074074,0.05127314814814815,0.07824074074074074,0.05127314814814815,0.11122739974945917,0.09421019795629755,0.17800234226358813,0.0011193224767294316,0.009190487122763677,0.003330736079860178,-1.713398905820654,0.95,volatility_qlike,descriptive_only,-0.17653362897265334,-0.04348198970840478,-0.023481116584564865,0.17653362897265334,0.07951388888888888,0.17653362897265334,0.17653362897265334
rs_future_7,price_onchain,har_ols,raw_quantile,8640,8640,1440,6,0.8173611111111111,-0.13263888888888886,0.13263888888888886,0.08333333333333333,0.09930555555555555,0.08333333333333333,0.09930555555555555,0.10219413463800457,0.09789846200419,0.20369195682907323,0.0013505318700679277,0.00919169397069636,0.0037417670506588114,-1.7057998223477304,0.95,volatility_qlike,descriptive_only,-0.18725055432372506,-0.17126929674099478,-0.016502463054187122,0.18725055432372506,0.13263888888888886,0.18725055432372506,0.18725055432372506
rs_future_7,full,rf,raw_quantile,8640,8640,1440,6,0.7598379629629629,-0.19016203703703705,0.19016203703703705,0.18564814814814815,0.05451388888888889,0.18564814814814815,0.05451388888888889,0.09379645194733649,0.08508996388670151,0.20740010416507265,0.0022036305867197442,0.011181156540142774,0.0029813720174069786,-1.7080324861199057,0.95,volatility_qlike,descriptive_only,-0.2533998521803399,-0.18156089193825042,-0.1322660098522167,0.2533998521803399,0.19016203703703705,0.2533998521803399,0.2533998521803399
rs_future_7,full,har_ols,raw_quantile,8640,8640,1440,6,0.6256944444444444,-0.3243055555555555,0.3243055555555555,0.19583333333333333,0.17847222222222223,0.19583333333333333,0.17847222222222223,0.09283719539247581,0.0945516229871057,0.3363908341360666,0.002264515915436025,0.011356032816400493,0.0061452549379655465,4695.141655069484,0.95,volatility_qlike,descriptive_only,-0.27372505543237247,-0.43713550600343054,-0.2184729064039408,0.43713550600343054,0.3243055555555555,0.27372505543237247,0.3243055555555555
rs_future_7,price_onchain,rf,raw_quantile,8640,8640,1440,6,0.6204861111111111,-0.3295138888888889,0.3295138888888889,0.2899305555555556,0.08958333333333333,0.2899305555555556,0.08958333333333333,0.0609066840889746,0.043441151752903195,0.2565848271700567,0.0029265516411311225,0.009488443455503993,0.003488069038120205,-1.7251510616385275,0.95,volatility_qlike,descriptive_only,-0.334331116038433,-0.38825042881646654,-0.23981937602627257,0.38825042881646654,0.3295138888888889,0.334331116038433,0.334331116038433
rs_future_7,price_only,rf,raw_quantile,8640,8640,1440,6,0.5648148148148148,-0.3851851851851852,0.3851851851851852,0.3209490740740741,0.11423611111111111,0.3209490740740741,0.11423611111111111,0.04779321678472159,0.03648253071848425,0.2855984415436344,0.0031683442814243066,0.009570882376251026,0.003971616757166462,-1.72379686285105,0.95,volatility_qlike,descriptive_only,-0.400110864745011,-0.44199542595769004,-0.28702791461412147,0.44199542595769004,0.3851851851851852,0.400110864745011,0.400110864745011
rv_future_7,price_only,har_ols,cqr,8640,8640,1440,6,0.9541666666666667,0.004166666666666763,0.004166666666666763,0.035416666666666666,0.010416666666666666,0.035416666666666666,0.010416666666666666,0.17515741469312168,0.16946891540669573,0.19021647771839653,0.0013207459001728934,0.012544554316925546,0.0034346660427869258,-1.7096807909978593,0.95,volatility_qlike,descriptive_only,0.01230598669623062,-0.0031732418524871298,0.0056650246305419705,0.01230598669623062,0.0,0.0,0.0
rv_future_7,price_only,ridge,regime_cqr,8640,8640,1440,6,0.959375,0.009375000000000022,0.009375000000000022,0.03599537037037037,0.004629629629629629,0.03599537037037037,0.004629629629629629,0.168535145421039,0.16414944901727335,0.1806546368612316,0.0012559806770546693,0.012367826417449459,0.0032603852444760264,-1.710771885032443,0.95,volatility_qlike,descriptive_only,0.014523281596452331,0.007404230989136673,0.006486042692939287,0.014523281596452331,0.0,0.0,0.0
rv_future_7,price_only,har_ols,regime_cqr,8640,8640,1440,6,0.9541666666666667,0.004166666666666763,0.004166666666666763,0.03611111111111111,0.009722222222222222,0.03611111111111111,0.009722222222222222,0.1755878404486647,0.16873817922876766,0.18919560678022984,0.0013306817341343373,0.012544554316925546,0.003399208435371314,-1.7096807909978593,0.95,volatility_qlike,descriptive_only,0.014523281596452331,0.0002572898799314549,-0.0017241379310344307,0.014523281596452331,0.0,0.0,0.0
rv_future_7,price_only,ridge,cqr,8640,8640,1440,6,0.9609953703703704,0.01099537037037046,0.01099537037037046,0.034375,0.004629629629629629,0.034375,0.004629629629629629,0.16879203029323714,0.1642863314259607,0.18084763040796323,0.0012566219826459079,0.012367826417449459,0.003264568777553079,-1.710771885032443,0.95,volatility_qlike,descriptive_only,0.01600147819660014,0.007404230989136673,0.010591133004926201,0.01600147819660014,0.0,0.0,0.0
rv_future_7,price_only,lstm,cqr,8640,8640,1440,6,0.9618055555555556,0.011805555555555625,0.011805555555555625,0.02662037037037037,0.011574074074074073,0.02662037037037037,0.011574074074074073,0.17914415152664692,0.1732249450208142,0.19665239370067825,0.001423087562588394,0.013495114255554407,0.003493222279928465,-1.697145051870191,0.95,volatility_qlike,descriptive_only,0.0163710273466372,0.023413379073756513,-0.009934318555008148,0.023413379073756513,0.0,0.0,0.0
rv_future_7,price_only,gbr,regime_cqr,8640,8640,1440,6,0.9586805555555555,0.00868055555555558,0.00868055555555558,0.03252314814814815,0.008796296296296297,0.03252314814814815,0.008796296296296297,0.16605070381503936,0.164347605740521,0.18519553158461804,0.0012479871300447457,0.012930941715910069,0.0033819011595706107,-1.7072966661621907,0.95,volatility_qlike,descriptive_only,0.00639320029563939,-0.00031446540880497587,0.024137931034482807,0.024137931034482807,0.0,0.0,0.0
rv_future_7,price_only,lstm,regime_cqr,8640,8640,1440,6,0.9613425925925926,0.011342592592592626,0.011342592592592626,0.027430555555555555,0.011226851851851852,0.027430555555555555,0.011226851851851852,0.17932766040261286,0.17324879191134254,0.1966738218683008,0.00143512753984159,0.013495114255554407,0.003481718006865834,-1.697145051870191,0.95,volatility_qlike,descriptive_only,0.016740576496674153,0.024556889651229263,-0.013628899835796293,0.024556889651229263,0.0,0.0,0.0
rv_future_7,price_onchain,gbr,regime_cqr,8640,8640,1440,6,0.9649305555555555,0.014930555555555558,0.014930555555555558,0.025231481481481483,0.009837962962962963,0.025231481481481483,0.009837962962962963,0.15821335729973499,0.1472318429513993,0.17239998094857678,0.0012127252208618193,0.012492654790961982,0.0030972743028525058,-1.7030066012718588,0.95,volatility_qlike,descriptive_only,0.013045084996304523,0.008261863922241375,0.026600985221674867,0.026600985221674867,0.0,0.0,0.0
rv_future_7,price_onchain,gbr,cqr,8640,8640,1440,6,0.9662037037037037,0.01620370370370372,0.01620370370370372,0.024074074074074074,0.009722222222222222,0.024074074074074074,0.009722222222222222,0.15851555629518585,0.1472949187718428,0.17268266756023692,0.0012080247673352225,0.012492654790961982,0.003109041921670607,-1.7030066012718588,0.95,volatility_qlike,descriptive_only,0.016740576496674153,0.008547741566609535,0.026600985221674867,0.026600985221674867,0.0,0.0,0.0
rv_future_7,price_only,gbr,cqr,8640,8640,1440,6,0.9637731481481482,0.013773148148148229,0.013773148148148229,0.027430555555555555,0.008796296296296297,0.027430555555555555,0.008796296296296297,0.16686051530369014,0.1646251724913363,0.18523572783508235,0.0012344532653654205,0.012930941715910069,0.0033964399305115448,-1.7072966661621907,0.95,volatility_qlike,descriptive_only,0.014892830746489283,0.002544311034877067,0.02865353037766838,0.02865353037766838,0.0,0.0,0.0
rv_future_7,price_only,gru,raw_quantile,8640,8640,1440,6,0.9729166666666667,0.022916666666666696,0.022916666666666696,0.015856481481481482,0.011226851851851852,0.015856481481481482,0.011226851851851852,0.18830666336364596,0.1848380453884601,0.20852545991597335,0.0014009542544785232,0.013057526780042714,0.0038121822434207145,-1.6914200632231522,0.95,volatility_qlike,descriptive_only,0.021544715447154528,0.033133218982275614,0.009770114942528774,0.033133218982275614,0.0,0.0,0.0
rv_future_7,full,gbr,raw_quantile,8640,8640,1440,6,0.9611111111111111,0.011111111111111183,0.011111111111111183,0.03194444444444444,0.006944444444444444,0.03194444444444444,0.006944444444444444,0.1703695117884055,0.1675037768254006,0.17945993582835626,0.00119235390370157,0.012782528683725616,0.0032941444920072433,-1.7128855963001752,0.95,volatility_qlike,descriptive_only,0.0012195121951219523,0.002830188679245338,0.03399014778325127,0.03399014778325127,0.0,0.0,0.0
rv_future_7,price_only,gru,cqr,8640,8640,1440,6,0.9790509259259259,0.029050925925925952,0.029050925925925952,0.013078703703703703,0.00787037037037037,0.013078703703703703,0.00787037037037037,0.19508875337871914,0.1909930408000946,0.2057861549160418,0.0014399051001441135,0.013057526780042714,0.003704748772756835,-1.6914200632231522,0.95,volatility_qlike,descriptive_only,0.031152993348115388,0.03599199542595777,0.016748768472906406,0.03599199542595777,0.0,0.0,0.0
rv_future_7,price_only,gru,regime_cqr,8640,8640,1440,6,0.9787037037037037,0.028703703703703787,0.028703703703703787,0.013425925925925926,0.00787037037037037,0.013425925925925926,0.00787037037037037,0.19504649775411437,0.19122989795072814,0.20534200101743605,0.0014430720190630973,0.013057526780042714,0.0036904780063727076,-1.6914200632231522,0.95,volatility_qlike,descriptive_only,0.03189209164818929,0.0365637507146942,0.013875205254515688,0.0365637507146942,0.0,0.0,0.0
rv_future_7,full,gbr,regime_cqr,8640,8640,1440,6,0.9746527777777778,0.024652777777777857,0.024652777777777857,0.01840277777777778,0.006944444444444444,0.01840277777777778,0.006944444444444444,0.17592155704442458,0.1697614288001012,0.18329937366113674,0.001216760492036088,0.012782528683725616,0.003365723849492236,-1.7128855963001752,0.95,volatility_qlike,descriptive_only,0.023392461197339287,0.016266437964551184,0.03809523809523818,0.03809523809523818,0.0,0.0,0.0
rv_future_7,full,gbr,cqr,8640,8640,1440,6,0.9768518518518519,0.026851851851851904,0.026851851851851904,0.016203703703703703,0.006944444444444444,0.016203703703703703,0.006944444444444444,0.17636897496407739,0.1697614288001012,0.18353443242040648,0.0012167114513893815,0.012782528683725616,0.0033716493591206863,-1.7128855963001752,0.95,volatility_qlike,descriptive_only,0.023392461197339287,0.02169811320754722,0.03809523809523818,0.03809523809523818,0.0,0.0,0.0
rv_future_7,full,ridge,regime_cqr,8640,8640,1440,6,0.9756944444444444,0.025694444444444464,0.025694444444444464,0.018055555555555554,0.00625,0.018055555555555554,0.00625,0.17890988353655876,0.17794261796869795,0.18611919528497595,0.0012445368345595051,0.012246887652059292,0.0034084430475647995,-1.7175067304993359,0.95,volatility_qlike,descriptive_only,0.023392461197339287,0.017409948542024045,0.040147783251231584,0.040147783251231584,0.0,0.0,0.0
rv_future_7,price_onchain,ridge,regime_cqr,8640,8640,1440,6,0.9756944444444444,0.025694444444444464,0.025694444444444464,0.018055555555555554,0.00625,0.018055555555555554,0.00625,0.17890988353655876,0.17794261796869795,0.18611919528497595,0.0012445368345595051,0.012492295804654286,0.0034084430475647995,-1.7162304339508638,0.95,volatility_qlike,descriptive_only,0.023392461197339287,0.017409948542024045,0.040147783251231584,0.040147783251231584,0.0,0.0,0.0
rv_future_7,full,ridge,cqr,8640,8640,1440,6,0.9770833333333333,0.027083333333333348,0.027083333333333348,0.016666666666666666,0.00625,0.016666666666666666,0.00625,0.17967503744849697,0.17794261796869795,0.18677207372960145,0.0012512943717759139,0.012246887652059292,0.003418007471464028,-1.7175067304993359,0.95,volatility_qlike,descriptive_only,0.023392461197339287,0.02084048027444263,0.040147783251231584,0.040147783251231584,0.0,0.0,0.0
rv_future_7,price_onchain,ridge,cqr,8640,8640,1440,6,0.9770833333333333,0.027083333333333348,0.027083333333333348,0.016666666666666666,0.00625,0.016666666666666666,0.00625,0.17967503744849697,0.17794261796869795,0.18677207372960145,0.0012512943717759139,0.012492295804654286,0.003418007471464028,-1.7162304339508638,0.95,volatility_qlike,descriptive_only,0.023392461197339287,0.02084048027444263,0.040147783251231584,0.040147783251231584,0.0,0.0,0.0
rv_future_7,full,ridge,raw_quantile,8640,8640,1440,6,0.9659722222222222,0.015972222222222276,0.015972222222222276,0.027777777777777776,0.00625,0.027777777777777776,0.00625,0.17461500177206413,0.1724681746162673,0.18447974555378843,0.0012572366133359997,0.012246887652059292,0.0033547570255086164,-1.7175067304993359,0.95,volatility_qlike,descriptive_only,-0.000997782705099759,0.01226415094339628,0.040147783251231584,0.040147783251231584,0.0,0.000997782705099759,0.000997782705099759
rv_future_7,price_onchain,ridge,raw_quantile,8640,8640,1440,6,0.9659722222222222,0.015972222222222276,0.015972222222222276,0.027777777777777776,0.00625,0.027777777777777776,0.00625,0.17461500177206413,0.1724681746162673,0.18447974555378843,0.0012572366133359997,0.012492295804654286,0.0033547570255086164,-1.7162304339508638,0.95,volatility_qlike,descriptive_only,-0.000997782705099759,0.01226415094339628,0.040147783251231584,0.040147783251231584,0.0,0.000997782705099759,0.000997782705099759
rv_future_7,price_only,lstm,raw_quantile,8640,8640,1440,6,0.9480324074074075,-0.001967592592592493,0.001967592592592493,0.03877314814814815,0.013194444444444444,0.03877314814814815,0.013194444444444444,0.16890639569472923,0.16476929187774655,0.1974680735500079,0.0014824196274022176,0.013495114255554407,0.0034542822113478823,-1.697145051870191,0.95,volatility_qlike,descriptive_only,-0.000997782705099759,0.008547741566609535,-0.018144499178981865,0.018144499178981865,0.001967592592592493,0.000997782705099759,0.001967592592592493
rv_future_7,price_only,ridge,raw_quantile,8640,8640,1440,6,0.9462962962962963,-0.0037037037037036535,0.0037037037037036535,0.04849537037037037,0.005208333333333333,0.04849537037037037,0.005208333333333333,0.16121626570084233,0.1567862961884036,0.175804139428005,0.001223343347859614,0.012367826417449459,0.0031717601378404166,-1.710771885032443,0.95,volatility_qlike,descriptive_only,0.010088691796008908,-0.014608347627215523,-0.003366174055829174,0.014608347627215523,0.0037037037037036535,0.0,0.0037037037037036535
rv_future_7,price_onchain,gbr,raw_quantile,8640,8640,1440,6,0.9427083333333334,-0.007291666666666585,0.007291666666666585,0.04594907407407407,0.011342592592592593,0.04594907407407407,0.011342592592592593,0.14777090169503923,0.14141752463291085,0.16787667037102216,0.0011724627067894939,0.012492654790961982,0.003024454052485967,-1.7030066012718588,0.95,volatility_qlike,descriptive_only,-0.006910569105690989,-0.016895368782161135,0.006075533661740629,0.016895368782161135,0.007291666666666585,0.006910569105690989,0.007291666666666585
rv_future_7,price_onchain,lstm,regime_cqr,8640,8640,1440,6,0.9452546296296296,-0.004745370370370372,0.004745370370370372,0.021180555555555557,0.03356481481481482,0.021180555555555557,0.03356481481481482,0.14712015690196234,0.14090390687167043,0.19099516390391238,0.0015819917482635122,0.014262287538471363,0.0031928873493342015,3122.7685324980903,0.95,volatility_qlike,descriptive_only,-0.008758314855875748,0.0014008004574043165,-0.009113300492610832,0.009113300492610832,0.004745370370370372,0.008758314855875748,0.008758314855875748
rv_future_7,price_onchain,lstm,cqr,8640,8640,1440,6,0.9456018518518519,-0.0043981481481480955,0.0043981481481480955,0.020023148148148148,0.034375,0.020023148148148148,0.034375,0.1478880638237288,0.1425121503186704,0.19219720647977356,0.0015767911019302966,0.014262287538471363,0.003228139060063947,3122.7685324980903,0.95,volatility_qlike,descriptive_only,-0.011345158906134523,0.002830188679245338,-0.007060755336617319,0.011345158906134523,0.0043981481481480955,0.011345158906134523,0.011345158906134523
rv_future_7,price_onchain,rf,cqr,8640,8640,1440,6,0.9365740740740741,-0.013425925925925841,0.013425925925925841,0.04016203703703704,0.02326388888888889,0.04016203703703704,0.02326388888888889,0.1692832452095029,0.14697440414467094,0.19702809799738416,0.0014171374612666143,0.018566897985048764,0.003508564988667894,-1.647961596655244,0.95,volatility_qlike,descriptive_only,-0.012084257206208426,-0.02032590051457972,-0.005008210180623918,0.02032590051457972,0.013425925925925841,0.012084257206208426,0.013425925925925841
rv_future_7,price_only,har_ols,raw_quantile,8640,8640,1440,6,0.9333333333333333,-0.016666666666666607,0.016666666666666607,0.05555555555555555,0.011111111111111112,0.05555555555555555,0.011111111111111112,0.1634973009093222,0.15762458800499013,0.1851980522934907,0.0012912294684247873,0.012544554316925546,0.0033387218389123855,-1.7096807909978593,0.95,volatility_qlike,descriptive_only,0.007871396895787197,-0.032332761578044544,-0.021428571428571352,0.032332761578044544,0.016666666666666607,0.0,0.016666666666666607
rv_future_7,price_only,gbr,raw_quantile,8640,8640,1440,6,0.9354166666666667,-0.014583333333333282,0.014583333333333282,0.05520833333333333,0.009375,0.05520833333333333,0.009375,0.15638142481764358,0.16205840838056015,0.17977513963675407,0.0012400831114073455,0.012930941715910069,0.003254295379511413,-1.7072966661621907,0.95,volatility_qlike,descriptive_only,-0.01836659275683661,-0.022612921669525443,0.0011494252873563982,0.022612921669525443,0.014583333333333282,0.01836659275683661,0.01836659275683661
rv_future_7,full,gru,cqr,8640,8640,1440,6,0.9412037037037037,-0.008796296296296302,0.008796296296296302,0.01898148148148148,0.03981481481481482,0.01898148148148148,0.03981481481481482,0.1867695756462738,0.17542385668333993,0.23661877133341933,0.0016511349989871288,0.016007185689702566,0.004264334284348259,171805.57766169976,0.95,volatility_qlike,descriptive_only,-0.01836659275683661,0.008547741566609535,-0.023070607553366096,0.023070607553366096,0.008796296296296302,0.01836659275683661,0.01836659275683661
rv_future_7,full,gru,regime_cqr,8640,8640,1440,6,0.9378472222222223,-0.012152777777777679,0.012152777777777679,0.021296296296296296,0.04085648148148148,0.021296296296296296,0.04085648148148148,0.1861035580665342,0.17538224346935746,0.23976917727722238,0.001691955198562889,0.016007185689702566,0.004302274233367575,171805.57766169976,0.95,volatility_qlike,descriptive_only,-0.027605321507760516,0.007690108633504944,-0.023481116584564865,0.027605321507760516,0.012152777777777679,0.027605321507760516,0.027605321507760516
rv_future_7,price_onchain,gru,cqr,8640,8640,1440,6,0.9550925925925926,0.0050925925925926485,0.0050925925925926485,0.013194444444444444,0.031712962962962964,0.013194444444444444,0.031712962962962964,0.1789476741041242,0.1762620522640645,0.22430824752589246,0.0016253530797778128,0.013736915419792304,0.003982353108369402,-1.615565390609509,0.95,volatility_qlike,descriptive_only,-0.027605321507760516,0.012550028587764439,0.03070607553366178,0.03070607553366178,0.0,0.027605321507760516,0.027605321507760516
rv_future_7,price_onchain,gru,regime_cqr,8640,8640,1440,6,0.9539351851851852,0.003935185185185208,0.003935185185185208,0.013541666666666667,0.03252314814814815,0.013541666666666667,0.03252314814814815,0.1787822314334985,0.17610545270144934,0.22389132868045578,0.001622294451232028,0.013736915419792304,0.0039749887657792695,-1.615565390609509,0.95,volatility_qlike,descriptive_only,-0.029453067257945276,0.01226415094339628,0.029064039408867037,0.029453067257945276,0.0,0.029453067257945276,0.029453067257945276
rv_future_7,price_only,rf,cqr,8640,8640,1440,6,0.9209490740740741,-0.02905092592592584,0.02905092592592584,0.04918981481481482,0.029861111111111113,0.04918981481481482,0.029861111111111113,0.17771161949495212,0.14354195210956666,0.22695397350154037,0.0014447454669454917,0.01741988789342634,0.004229103870592922,-1.6640746665513255,0.95,volatility_qlike,descriptive_only,-0.03203991130820394,-0.03004574042309882,-0.02430213464696218,0.03203991130820394,0.02905092592592584,0.03203991130820394,0.03203991130820394
rv_future_7,full,rf,cqr,8640,8640,1440,6,0.9248842592592592,-0.025115740740740744,0.025115740740740744,0.05543981481481482,0.019675925925925927,0.05543981481481482,0.019675925925925927,0.16690186504401414,0.1478581927977728,0.1991437299432174,0.001527928707216012,0.015216599840091237,0.00345066454136433,-1.6872918849579073,0.95,volatility_qlike,descriptive_only,-0.03277900960827784,-0.007461406518010194,-0.0419540229885057,0.0419540229885057,0.025115740740740744,0.03277900960827784,0.03277900960827784
rv_future_7,full,lstm,cqr,8640,8640,1440,6,0.9160879629629629,-0.033912037037037046,0.033912037037037046,0.020717592592592593,0.06319444444444444,0.020717592592592593,0.06319444444444444,0.14382235452210493,0.13483378909456678,0.2273083364584127,0.0016631392730681108,0.016238509404088785,0.004019569138392111,153244.51049094452,0.95,volatility_qlike,descriptive_only,-0.037213599408721265,-0.004602630074328151,-0.07233169129720851,0.07233169129720851,0.033912037037037046,0.037213599408721265,0.037213599408721265
rv_future_7,price_onchain,rf,regime_cqr,8640,8640,1440,6,0.9226851851851852,-0.027314814814814792,0.027314814814814792,0.049305555555555554,0.028009259259259258,0.049305555555555554,0.028009259259259258,0.16632004012613802,0.1456411475963621,0.2004678203188259,0.001478460967083195,0.018566897985048764,0.003533234540887357,-1.647961596655244,0.95,volatility_qlike,descriptive_only,-0.039061345158906136,-0.025757575757575757,-0.016502463054187122,0.039061345158906136,0.027314814814814792,0.039061345158906136,0.039061345158906136
rv_future_7,price_only,rf,regime_cqr,8640,8640,1440,6,0.9106481481481481,-0.03935185185185186,0.03935185185185186,0.05787037037037037,0.03148148148148148,0.05787037037037037,0.03148148148148148,0.17538321765364606,0.1412273744430425,0.22856851904194028,0.0014924963310072796,0.01741988789342634,0.004221716645041132,-1.6640746665513255,0.95,volatility_qlike,descriptive_only,-0.04386548410938651,-0.031189251000571683,-0.046059113300492616,0.046059113300492616,0.03935185185185186,0.04386548410938651,0.04386548410938651
rv_future_7,full,lstm,regime_cqr,8640,8640,1440,6,0.9098379629629629,-0.040162037037037024,0.040162037037037024,0.024652777777777777,0.06550925925925925,0.024652777777777777,0.06550925925925925,0.14205696891940775,0.13316056161208395,0.2268814065769882,0.0016769973287081765,0.016238509404088785,0.003995037835716433,153244.51049094452,0.95,volatility_qlike,descriptive_only,-0.046821877309682125,-0.012607204116638071,-0.07233169129720851,0.07233169129720851,0.040162037037037024,0.046821877309682125,0.046821877309682125
rv_future_7,price_only,har_ols,sym_conformal,8640,8640,1440,6,0.9006944444444445,-0.04930555555555549,0.04930555555555549,0.04791666666666667,0.05138888888888889,0.04791666666666667,0.05138888888888889,0.12390226821380837,0.11511630345449295,0.18361258279630835,0.0015633103547334976,0.01456681932564463,0.003027004215174117,-1.6974846543052295,0.95,volatility_qlike,descriptive_only,-0.058647450110864696,-0.02032590051457972,-0.08054187192118223,0.08054187192118223,0.04930555555555549,0.058647450110864696,0.058647450110864696
rv_future_7,price_only,ridge,sym_conformal,8640,8640,1440,6,0.8964120370370371,-0.053587962962962865,0.053587962962962865,0.04780092592592593,0.05578703703703704,0.04780092592592593,0.05578703703703704,0.1225149539595466,0.1153002615409333,0.18400392991464262,0.0015640264154353485,0.01436831058686809,0.0030360718324306214,-1.7006226365540131,0.95,volatility_qlike,descriptive_only,-0.05901699926090165,-0.02089765580331615,-0.0944991789819376,0.0944991789819376,0.053587962962962865,0.05901699926090165,0.05901699926090165
rv_future_7,price_onchain,lstm,raw_quantile,8640,8640,1440,6,0.9078703703703703,-0.04212962962962963,0.04212962962962963,0.038425925925925926,0.053703703703703705,0.038425925925925926,0.053703703703703705,0.128108563990288,0.12604530528187746,0.20312644308037583,0.0016693957892188632,0.014262287538471363,0.003408765287790435,3122.7685324980903,0.95,volatility_qlike,descriptive_only,-0.06086474501108641,-0.02833047455688964,-0.041133004926108385,0.06086474501108641,0.04212962962962963,0.06086474501108641,0.06086474501108641
rv_future_7,price_onchain,har_ols,cqr,8640,8640,1440,6,0.9305555555555556,-0.019444444444444375,0.019444444444444375,0.022222222222222223,0.04722222222222222,0.022222222222222223,0.04722222222222222,0.17146387206789446,0.16446839200271102,0.24686113193160228,0.0015959488934965036,0.013683255209107847,0.004575579404793459,10395.8851023318,0.95,volatility_qlike,descriptive_only,-0.06086474501108641,-0.0014579759862778374,0.000738916256157629,0.06086474501108641,0.019444444444444375,0.06086474501108641,0.06086474501108641
rv_future_7,price_onchain,har_ols,regime_cqr,8640,8640,1440,6,0.9243055555555556,-0.025694444444444353,0.025694444444444353,0.020833333333333332,0.05486111111111111,0.020833333333333332,0.05486111111111111,0.16802430481518704,0.1571135226485742,0.2535195893531465,0.0015572811003606505,0.013683255209107847,0.004780708633467919,10395.8851023318,0.95,volatility_qlike,descriptive_only,-0.06086474501108641,0.0002572898799314549,-0.023891625615763523,0.06086474501108641,0.025694444444444353,0.06086474501108641,0.06086474501108641
rv_future_7,full,rf,regime_cqr,8640,8640,1440,6,0.9085648148148148,-0.041435185185185186,0.041435185185185186,0.0707175925925926,0.020717592592592593,0.0707175925925926,0.020717592592592593,0.16395501331399612,0.14650240764064687,0.20227986269301046,0.0016278048388388162,0.015216599840091237,0.003429191728486352,-1.6872918849579073,0.95,volatility_qlike,descriptive_only,-0.06456023651145593,-0.01174957118353337,-0.058374384236453136,0.06456023651145593,0.041435185185185186,0.06456023651145593,0.06456023651145593
rv_future_7,price_onchain,lstm,regime_sym_conformal,8640,8640,1440,6,0.8875,-0.0625,0.0625,0.040625,0.071875,0.040625,0.071875,0.12438892661013189,0.1194997320172719,0.2106100278762455,0.001737215909335816,0.014847860978890624,0.0035280347875702254,25551.471027560274,0.95,volatility_qlike,descriptive_only,-0.0671470805617147,-0.03719268153230415,-0.09367816091954018,0.09367816091954018,0.0625,0.0671470805617147,0.0671470805617147
rv_future_7,full,har_ols,regime_cqr,8640,8640,1440,6,0.9111111111111111,-0.03888888888888886,0.03888888888888886,0.04513888888888889,0.04375,0.04513888888888889,0.04375,0.19818086824269876,0.17479514636794602,0.25853424333988834,0.001801701824456909,0.01386749889119788,0.0046616542590402045,62682.3677430884,0.95,volatility_qlike,descriptive_only,-0.06751662971175165,-0.03404802744425384,-0.014039408866995062,0.06751662971175165,0.03888888888888886,0.06751662971175165,0.06751662971175165
rv_future_7,price_onchain,lstm,sym_conformal,8640,8640,1440,6,0.893287037037037,-0.05671296296296291,0.05671296296296291,0.033680555555555554,0.07303240740740741,0.033680555555555554,0.07303240740740741,0.12532523458530367,0.11980448663234705,0.21007024641295027,0.0016848441593291027,0.014847860978890624,0.003566912000994558,25551.471027560274,0.95,volatility_qlike,descriptive_only,-0.07269031781226898,-0.031761006289308114,-0.07479474548440057,0.07479474548440057,0.05671296296296291,0.07269031781226898,0.07269031781226898
rv_future_7,price_only,lstm,sym_conformal,8640,8640,1440,6,0.8753472222222223,-0.07465277777777768,0.07465277777777768,0.07083333333333333,0.05381944444444445,0.07083333333333333,0.05381944444444445,0.1253381300665852,0.1216849498450756,0.23777470977419002,0.0028679838631035285,0.015310563492064382,0.003076383881251127,-1.6914802595816245,0.95,volatility_qlike,descriptive_only,-0.06382113821138202,-0.03805031446540874,-0.13924466338259434,0.13924466338259434,0.07465277777777768,0.06382113821138202,0.07465277777777768
rv_future_7,full,har_ols,cqr,8640,8640,1440,6,0.9118055555555555,-0.03819444444444442,0.03819444444444442,0.04513888888888889,0.043055555555555555,0.04513888888888889,0.043055555555555555,0.2000889411273405,0.17599611119456865,0.26689896079229214,0.001847460528672252,0.01386749889119788,0.004825013491134958,62682.3677430884,0.95,volatility_qlike,descriptive_only,-0.07860310421286032,-0.032332761578044544,-0.0017241379310344307,0.07860310421286032,0.03819444444444442,0.07860310421286032,0.07860310421286032
rv_future_7,price_only,gru,sym_conformal,8640,8640,1440,6,0.878125,-0.07187499999999991,0.07187499999999991,0.06516203703703703,0.056712962962962965,0.06516203703703703,0.056712962962962965,0.12453515107907286,0.1203516274690628,0.20462615889398916,0.0020033979071938045,0.014541906647054199,0.003112256065155828,1211.9918414402403,0.95,volatility_qlike,descriptive_only,-0.07860310421286032,-0.033762149799885566,-0.11912972085385876,0.11912972085385876,0.07187499999999991,0.07860310421286032,0.07860310421286032
rv_future_7,price_only,gru,regime_sym_conformal,8640,8640,1440,6,0.8721064814814815,-0.07789351851851845,0.07789351851851845,0.07025462962962963,0.05763888888888889,0.07025462962962963,0.05763888888888889,0.12290720781061637,0.1191367387496412,0.20715558841034307,0.002067044380502955,0.014541906647054199,0.0031118453297555265,1211.9918414402403,0.95,volatility_qlike,descriptive_only,-0.08229859571322984,-0.03547741566609486,-0.13390804597701145,0.13390804597701145,0.07789351851851845,0.08229859571322984,0.08229859571322984
rv_future_7,full,gru,raw_quantile,8640,8640,1440,6,0.8747685185185186,-0.0752314814814814,0.0752314814814814,0.03935185185185185,0.08587962962962963,0.03935185185185185,0.08587962962962963,0.1645548592939012,0.15665375441312784,0.28948308606546863,0.0019008184611334245,0.016007185689702566,0.005336258690503195,171805.57766169976,0.95,volatility_qlike,descriptive_only,-0.08377679231337765,-0.04605488850771866,-0.10763546798029555,0.10763546798029555,0.0752314814814814,0.08377679231337765,0.08377679231337765
rv_future_7,price_only,lstm,regime_sym_conformal,8640,8640,1440,6,0.8657407407407407,-0.08425925925925926,0.08425925925925926,0.07800925925925926,0.05625,0.07800925925925926,0.05625,0.12331152887813333,0.1176421239499355,0.2404094987837369,0.0029262210352274582,0.015310563492064382,0.0030840164343658694,-1.6914802595816245,0.95,volatility_qlike,descriptive_only,-0.0664079822616408,-0.04319611206403651,-0.16305418719211817,0.16305418719211817,0.08425925925925926,0.0664079822616408,0.08425925925925926
rv_future_7,full,har_ols,sym_conformal,8640,8640,1440,6,0.8958333333333334,-0.054166666666666585,0.054166666666666585,0.05486111111111111,0.049305555555555554,0.05486111111111111,0.049305555555555554,0.13305884998863787,0.12088999233677895,0.20137394610549195,0.002152473690982908,0.016361921204880867,0.0028818749616542944,132063.85092949338,0.95,volatility_qlike,descriptive_only,-0.08525498891352545,-0.0014579759862778374,-0.09532019704433492,0.09532019704433492,0.054166666666666585,0.08525498891352545,0.08525498891352545
rv_future_7,price_only,har_ols,regime_sym_conformal,8640,8640,1440,6,0.8798611111111111,-0.07013888888888886,0.07013888888888886,0.06527777777777778,0.05486111111111111,0.06527777777777778,0.05486111111111111,0.12143989728908654,0.1170745946992591,0.19678591434355286,0.0017360893258015781,0.01456681932564463,0.003183558532787148,-1.6974846543052295,0.95,volatility_qlike,descriptive_only,-0.08525498891352545,-0.016895368782161135,-0.12980295566502453,0.12980295566502453,0.07013888888888886,0.08525498891352545,0.08525498891352545
rv_future_7,price_onchain,gru,regime_sym_conformal,8640,8640,1440,6,0.872800925925926,-0.077199074074074,0.077199074074074,0.05555555555555555,0.07164351851851852,0.05555555555555555,0.07164351851851852,0.12109358349834615,0.11534040789935521,0.22487000156319506,0.002008327871070139,0.015242249688875917,0.003613422168009643,37321.25001707429,0.95,volatility_qlike,descriptive_only,-0.08599408721359936,-0.04634076615208682,-0.11174055829228235,0.11174055829228235,0.077199074074074,0.08599408721359936,0.08599408721359936
rv_future_7,price_onchain,har_ols,sym_conformal,8640,8640,1440,6,0.9,-0.04999999999999993,0.04999999999999993,0.024305555555555556,0.07569444444444444,0.024305555555555556,0.07569444444444444,0.1200467595724042,0.1077025773547265,0.21367454498504435,0.0016239992002689896,0.01491310256488516,0.0037178644243570217,10395.925447170428,0.95,volatility_qlike,descriptive_only,-0.08747228381374716,-0.02890222984562607,-0.038669950738916214,0.08747228381374716,0.04999999999999993,0.08747228381374716,0.08747228381374716
rv_future_7,price_onchain,gru,sym_conformal,8640,8640,1440,6,0.8888888888888888,-0.061111111111111116,0.061111111111111116,0.044097222222222225,0.06701388888888889,0.044097222222222225,0.06701388888888889,0.12386344516567918,0.1187593042850494,0.21797229832958845,0.0018757700100417308,0.015242249688875917,0.0035735374481978845,37321.25001707429,0.95,volatility_qlike,descriptive_only,-0.08784183296378412,-0.032332761578044544,-0.07274220032840717,0.08784183296378412,0.061111111111111116,0.08784183296378412,0.08784183296378412
rv_future_7,full,gru,sym_conformal,8640,8640,1440,6,0.8991898148148149,-0.0508101851851851,0.0508101851851851,0.03935185185185185,0.06145833333333333,0.03935185185185185,0.06145833333333333,0.1376391989198358,0.1286235898733139,0.2202117262763269,0.00193524969716535,0.017976452264567885,0.0035700434597427263,286331.4619306652,0.95,volatility_qlike,descriptive_only,-0.08821138211382107,-0.013750714694110822,-0.06247947454844005,0.08821138211382107,0.0508101851851851,0.08821138211382107,0.08821138211382107
rv_future_7,price_onchain,har_ols,regime_sym_conformal,8640,8640,1440,6,0.9,-0.04999999999999993,0.04999999999999993,0.02361111111111111,0.0763888888888889,0.02361111111111111,0.0763888888888889,0.11844881499148958,0.109176560911562,0.21277527457830758,0.001570073681894019,0.01491310256488516,0.0037493081825635756,10395.925447170428,0.95,volatility_qlike,descriptive_only,-0.08968957871396888,-0.02032590051457972,-0.048522167487684675,0.08968957871396888,0.04999999999999993,0.08968957871396888,0.08968957871396888
rv_future_7,full,har_ols,regime_sym_conformal,8640,8640,1440,6,0.8798611111111111,-0.07013888888888886,0.07013888888888886,0.06458333333333334,0.05555555555555555,0.06458333333333334,0.05555555555555555,0.13075210415396926,0.1232348603203347,0.20630464196471401,0.002262076837328728,0.016361921204880867,0.002895539211789026,132063.85092949338,0.95,volatility_qlike,descriptive_only,-0.08968957871396888,-0.015180102915951954,-0.12733990147783247,0.12733990147783247,0.07013888888888886,0.08968957871396888,0.08968957871396888
rv_future_7,price_only,gbr,sym_conformal,8640,8640,1440,6,0.8863425925925926,-0.06365740740740733,0.06365740740740733,0.06435185185185185,0.049305555555555554,0.06435185185185185,0.049305555555555554,0.12371693238288309,0.1181737087013322,0.1974678271569724,0.0017938024430624443,0.015208064625792389,0.00314289323586177,-1.6877957517636253,0.95,volatility_qlike,descriptive_only,-0.09597191426459717,-0.0449113779302458,-0.05467980295566499,0.09597191426459717,0.06365740740740733,0.09597191426459717,0.09597191426459717
rv_future_7,full,lstm,sym_conformal,8640,8640,1440,6,0.8792824074074074,-0.07071759259259258,0.07071759259259258,0.0505787037037037,0.07013888888888889,0.0505787037037037,0.07013888888888889,0.13099432566841304,0.1206696555018425,0.238187962848575,0.0020914920639073533,0.01806962717068343,0.0038632070073069255,370568.3703371981,0.95,volatility_qlike,descriptive_only,-0.09708056171470802,-0.04605488850771866,-0.07684729064039408,0.09708056171470802,0.07071759259259258,0.09708056171470802,0.09708056171470802
rv_future_7,full,gbr,sym_conformal,8640,8640,1440,6,0.8818287037037037,-0.06817129629629626,0.06817129629629626,0.07037037037037037,0.04780092592592593,0.07037037037037037,0.04780092592592593,0.12099217393225115,0.11562910254305844,0.1825308817999861,0.001629686342286956,0.014955598024767848,0.0029335857027126024,-1.6923513989550516,0.95,volatility_qlike,descriptive_only,-0.09892830746489278,-0.04348198970840478,-0.06945812807881768,0.09892830746489278,0.06817129629629626,0.09892830746489278,0.09892830746489278
rv_future_7,full,lstm,regime_sym_conformal,8640,8640,1440,6,0.8641203703703704,-0.08587962962962958,0.08587962962962958,0.062037037037037036,0.0738425925925926,0.062037037037037036,0.0738425925925926,0.12829624621469668,0.11750816061913566,0.24740847226609639,0.002290777350035415,0.01806962717068343,0.003894434456616899,370568.3703371981,0.95,volatility_qlike,descriptive_only,-0.09892830746489278,-0.06349342481417952,-0.10353037766830864,0.10353037766830864,0.08587962962962958,0.09892830746489278,0.09892830746489278
rv_future_7,price_onchain,gru,raw_quantile,8640,8640,1440,6,0.9202546296296297,-0.029745370370370283,0.029745370370370283,0.022337962962962962,0.05740740740740741,0.022337962962962962,0.05740740740740741,0.1639159581709464,0.16080636112019414,0.2493335920314928,0.001700550374494446,0.013736915419792304,0.004532789426292779,-1.615565390609509,0.95,volatility_qlike,descriptive_only,-0.09929785661492974,-0.013750714694110822,0.024548440065681465,0.09929785661492974,0.029745370370370283,0.09929785661492974,0.09929785661492974
rv_future_7,full,ridge,regime_sym_conformal,8640,8640,1440,6,0.8791666666666667,-0.0708333333333333,0.0708333333333333,0.07013888888888889,0.050694444444444445,0.07013888888888889,0.050694444444444445,0.12210545072265101,0.1156275217222945,0.2142773713885292,0.0021394054656147317,0.014883684566837384,0.003217528819098403,-1.6107864097775964,0.95,volatility_qlike,descriptive_only,-0.10299334811529925,-0.006603773584905603,-0.12733990147783247,0.12733990147783247,0.0708333333333333,0.10299334811529925,0.10299334811529925
rv_future_7,full,gru,regime_sym_conformal,8640,8640,1440,6,0.8820601851851851,-0.06793981481481481,0.06793981481481481,0.05127314814814815,0.06666666666666667,0.05127314814814815,0.06666666666666667,0.13444842034231747,0.1246857311622178,0.22947354911144707,0.002128031039145495,0.017976452264567885,0.0036088076886405867,286331.4619306652,0.95,volatility_qlike,descriptive_only,-0.10447154471544706,-0.022327044025157172,-0.09285714285714286,0.10447154471544706,0.06793981481481481,0.10447154471544706,0.10447154471544706
rv_future_7,price_only,ridge,regime_sym_conformal,8640,8640,1440,6,0.8717592592592592,-0.07824074074074072,0.07824074074074072,0.06828703703703703,0.059953703703703703,0.06828703703703703,0.059953703703703703,0.11992829024341324,0.1167329542132298,0.19685120431178393,0.0017383189702413885,0.01436831058686809,0.003182961137553113,-1.7006226365540131,0.95,volatility_qlike,descriptive_only,-0.10742793791574279,-0.014036592338479092,-0.13801313628899836,0.13801313628899836,0.07824074074074072,0.10742793791574279,0.10742793791574279
rv_future_7,full,gbr,regime_sym_conformal,8640,8640,1440,6,0.8607638888888889,-0.08923611111111107,0.08923611111111107,0.084375,0.05486111111111111,0.084375,0.05486111111111111,0.11733163429060096,0.1103875353290475,0.19215158810341637,0.0017564867193372072,0.014955598024767848,0.003047302983248108,-1.6923513989550516,0.95,volatility_qlike,descriptive_only,-0.10927568366592755,-0.05634648370497419,-0.11420361247947453,0.11420361247947453,0.08923611111111107,0.10927568366592755,0.10927568366592755
rv_future_7,price_only,gbr,regime_sym_conformal,8640,8640,1440,6,0.8711805555555555,-0.07881944444444444,0.07881944444444444,0.07442129629629629,0.05439814814814815,0.07442129629629629,0.05439814814814815,0.12054437795351555,0.116759819365771,0.2040583881873967,0.001880323891798698,0.015208064625792389,0.003221135812886123,-1.6877957517636253,0.95,volatility_qlike,descriptive_only,-0.1103843311160384,-0.05120068610634643,-0.08341543513957306,0.1103843311160384,0.07881944444444444,0.1103843311160384,0.1103843311160384
rv_future_7,full,ridge,sym_conformal,8640,8640,1440,6,0.8916666666666667,-0.05833333333333324,0.05833333333333324,0.06041666666666667,0.04791666666666667,0.06041666666666667,0.04791666666666667,0.12402279263806348,0.11664523864296486,0.21237387391046827,0.0021499603460153616,0.014883684566837384,0.0031593865017462497,-1.6107864097775964,0.95,volatility_qlike,descriptive_only,-0.11407982261640792,0.008833619210977695,-0.09285714285714286,0.11407982261640792,0.05833333333333324,0.11407982261640792,0.11407982261640792
rv_future_7,price_only,rf,sym_conformal,8640,8640,1440,6,0.8318287037037037,-0.1181712962962963,0.1181712962962963,0.12361111111111112,0.04456018518518518,0.12361111111111112,0.04456018518518518,0.1434930588244274,0.1305144426952521,0.336016911698634,0.004736746573340846,0.01938045612526307,0.0036636762191249086,-1.6464462304016076,0.95,volatility_qlike,descriptive_only,-0.09116777531411668,-0.09522584333905082,-0.18111658456486035,0.18111658456486035,0.1181712962962963,0.09116777531411668,0.1181712962962963
rv_future_7,full,rf,regime_sym_conformal,8640,8640,1440,6,0.8435185185185186,-0.1064814814814814,0.1064814814814814,0.11840277777777777,0.038078703703703705,0.11840277777777777,0.038078703703703705,0.1315870384679447,0.1179022486233912,0.23637928322742266,0.0029201709782750943,0.01655341985881425,0.0029893111024103776,-1.6780351990505022,0.95,volatility_qlike,descriptive_only,-0.11925351071692536,-0.04662664379645509,-0.17824302134646963,0.17824302134646963,0.1064814814814814,0.11925351071692536,0.11925351071692536
rv_future_7,price_onchain,ridge,regime_sym_conformal,8640,8640,1440,6,0.8645833333333334,-0.08541666666666659,0.08541666666666659,0.04583333333333333,0.08958333333333333,0.04583333333333333,0.08958333333333333,0.11224999984394127,0.0966922375616321,0.21103421738855624,0.001686584463380976,0.012859887257768031,0.003589270971332834,-1.7021580640160798,0.95,volatility_qlike,descriptive_only,-0.12073170731707317,-0.03576329331046313,-0.11748768472906401,0.12073170731707317,0.08541666666666659,0.12073170731707317,0.12073170731707317
rv_future_7,price_onchain,ridge,sym_conformal,8640,8640,1440,6,0.8729166666666667,-0.07708333333333328,0.07708333333333328,0.03958333333333333,0.0875,0.03958333333333333,0.0875,0.11357545215079154,0.101093572649457,0.20880928005193541,0.0015983026673128645,0.012859887257768031,0.0036219293339854242,-1.7021580640160798,0.95,volatility_qlike,descriptive_only,-0.12294900221729488,-0.02718696397941678,-0.09778325123152709,0.12294900221729488,0.07708333333333328,0.12294900221729488,0.12294900221729488
rv_future_7,price_onchain,rf,sym_conformal,8640,8640,1440,6,0.8256944444444444,-0.12430555555555556,0.12430555555555556,0.12175925925925926,0.0525462962962963,0.12175925925925926,0.0525462962962963,0.13908655124349736,0.1205863484552212,0.29098266699129904,0.0040282192221420725,0.01902651977346895,0.0032463474526403086,-1.6493145350942247,0.95,volatility_qlike,descriptive_only,-0.1266444937176644,-0.09008004574042305,-0.17085385878489323,0.17085385878489323,0.12430555555555556,0.1266444937176644,0.1266444937176644
rv_future_7,price_only,rf,regime_sym_conformal,8640,8640,1440,6,0.819212962962963,-0.13078703703703698,0.13078703703703698,0.13472222222222222,0.046064814814814815,0.13472222222222222,0.046064814814814815,0.1392112543615935,0.1257911982257107,0.347134155832422,0.005026865845415981,0.01938045612526307,0.0036514880503944742,-1.6464462304016076,0.95,volatility_qlike,descriptive_only,-0.10225424981522535,-0.1140937678673527,-0.18645320197044335,0.18645320197044335,0.13078703703703698,0.10225424981522535,0.13078703703703698
rv_future_7,full,rf,sym_conformal,8640,8640,1440,6,0.852662037037037,-0.09733796296296293,0.09733796296296293,0.11053240740740741,0.03680555555555556,0.11053240740740741,0.03680555555555556,0.13108202873647856,0.11836728099257075,0.23584604564956588,0.003002798372087099,0.01655341985881425,0.0028933527691519536,-1.6780351990505022,0.95,volatility_qlike,descriptive_only,-0.1358832224685883,-0.03862206975414517,-0.13883415435139568,0.13883415435139568,0.09733796296296293,0.1358832224685883,0.1358832224685883
rv_future_7,price_onchain,rf,regime_sym_conformal,8640,8640,1440,6,0.8109953703703704,-0.13900462962962956,0.13900462962962956,0.13402777777777777,0.05497685185185185,0.13402777777777777,0.05497685185185185,0.13687858312027995,0.120476833555207,0.30488131748346486,0.0043108580121277145,0.01902651977346895,0.0033111749249588123,-1.6493145350942247,0.95,volatility_qlike,descriptive_only,-0.14770879526977088,-0.10380217267009717,-0.17988505747126438,0.17988505747126438,0.13900462962962956,0.14770879526977088,0.14770879526977088
rv_future_7,price_onchain,har_ols,raw_quantile,8640,8640,1440,6,0.8375,-0.11249999999999993,0.11249999999999993,0.05486111111111111,0.1076388888888889,0.05486111111111111,0.1076388888888889,0.1352065144451555,0.12270002829820895,0.2968356473542194,0.0015382934331868983,0.013683255209107847,0.0058825977506684925,10395.8851023318,0.95,volatility_qlike,descriptive_only,-0.17172949002217286,-0.08550600343053172,-0.08546798029556646,0.17172949002217286,0.11249999999999993,0.17172949002217286,0.17172949002217286
rv_future_7,price_onchain,gbr,regime_sym_conformal,8640,8640,1440,6,0.8311342592592592,-0.11886574074074074,0.11886574074074074,0.10844907407407407,0.06041666666666667,0.10844907407407407,0.06041666666666667,0.11995097809747458,0.1120674866228878,0.24145449281772752,0.0029806689005621163,0.015178487482423397,0.0030556934198809767,-1.6897938156881824,0.95,volatility_qlike,descriptive_only,-0.17653362897265334,-0.06234991423670666,-0.13596059113300485,0.17653362897265334,0.11886574074074074,0.17653362897265334,0.17653362897265334
rv_future_7,price_onchain,gbr,sym_conformal,8640,8640,1440,6,0.8416666666666667,-0.10833333333333328,0.10833333333333328,0.09733796296296296,0.06099537037037037,0.09733796296296296,0.06099537037037037,0.1223598197378777,0.1142233346007175,0.24079918469517048,0.0029753107643814697,0.015178487482423397,0.0030446688529976963,-1.6897938156881824,0.95,volatility_qlike,descriptive_only,-0.1854028085735402,-0.05949113779302451,-0.09285714285714286,0.1854028085735402,0.10833333333333328,0.1854028085735402,0.1854028085735402
rv_future_7,price_only,rf,raw_quantile,8640,8640,1440,6,0.8033564814814815,-0.14664351851851842,0.14664351851851842,0.14907407407407408,0.04756944444444444,0.14907407407407408,0.04756944444444444,0.14212237962177002,0.11036986674196439,0.2562564366795083,0.0020151776811470784,0.01741988789342634,0.004391233235840537,-1.6640746665513255,0.95,volatility_qlike,descriptive_only,-0.18946784922394677,-0.12038307604345333,-0.13678160919540228,0.18946784922394677,0.14664351851851842,0.18946784922394677,0.18946784922394677
rv_future_7,full,lstm,raw_quantile,8640,8640,1440,6,0.7797453703703704,-0.17025462962962956,0.17025462962962956,0.07002314814814815,0.1502314814814815,0.07002314814814815,0.1502314814814815,0.1070417170226897,0.1008469937369227,0.32141163242389303,0.002143071091585417,0.016238509404088785,0.005892219719011812,153244.51049094452,0.95,volatility_qlike,descriptive_only,-0.2009238728750924,-0.11952544311034874,-0.2090311986863711,0.2090311986863711,0.17025462962962956,0.2009238728750924,0.2009238728750924
rv_future_7,price_onchain,rf,raw_quantile,8640,8640,1440,6,0.7887731481481481,-0.16122685185185182,0.16122685185185182,0.16724537037037038,0.04398148148148148,0.16724537037037038,0.04398148148148148,0.13147731678143385,0.1114708820225267,0.24374005095408044,0.0024366949456075698,0.018566897985048764,0.003656806328244347,-1.647961596655244,0.95,volatility_qlike,descriptive_only,-0.21127124907612704,-0.14068038879359634,-0.13513957307060753,0.21127124907612704,0.16122685185185182,0.21127124907612704,0.21127124907612704
rv_future_7,full,rf,raw_quantile,8640,8640,1440,6,0.7290509259259259,-0.22094907407407405,0.22094907407407405,0.21805555555555556,0.05289351851851852,0.21805555555555556,0.05289351851851852,0.12238849736475249,0.10772254863340225,0.28595044126876656,0.00343458607441847,0.015216599840091237,0.003714174957300602,-1.6872918849579073,0.95,volatility_qlike,descriptive_only,-0.2851810790835181,-0.18213264722698685,-0.20533661740558284,0.2851810790835181,0.22094907407407405,0.2851810790835181,0.2851810790835181
rv_future_7,full,har_ols,raw_quantile,8640,8640,1440,6,0.7229166666666667,-0.2270833333333333,0.2270833333333333,0.17152777777777778,0.10555555555555556,0.17152777777777778,0.10555555555555556,0.1585919655910915,0.14356002278608854,0.36334621315180193,0.003232895250882782,0.01386749889119788,0.005850760077912174,62682.3677430884,0.95,volatility_qlike,descriptive_only,-0.2981152993348115,-0.20557461406518007,-0.17906403940886695,0.2981152993348115,0.2270833333333333,0.2981152993348115,0.2981152993348115
