target,block,model,method,seed,n,n_records,n_dates,n_seeds,coverage,signed_coverage_error,abs_coverage_gap,below_lower_rate,above_upper_rate,lower_miss_rate,upper_miss_rate,avg_width,median_width,interval_score,pinball_lower,pinball_median,pinball_upper,point_loss,nominal_coverage,point_loss_scale,inference
gk_future_7,full,gbr,cqr,111,1440,1440,1440,1,0.9694444444444444,0.019444444444444486,0.019444444444444486,0.029166666666666667,0.001388888888888889,0.029166666666666667,0.001388888888888889,0.14094054795240313,0.1375047717145844,0.14458553028968493,0.0009609424387761927,0.008691931750120615,0.002653695818465834,-1.7219783778483895,0.95,volatility_qlike,descriptive_only
gk_future_7,full,gbr,cqr,222,1440,1440,1440,1,0.96875,0.018750000000000044,0.018750000000000044,0.029166666666666667,0.0020833333333333333,0.029166666666666667,0.0020833333333333333,0.1390897069401799,0.1358241629390145,0.14273768038570664,0.0009504108753618768,0.008690848065848541,0.002618031134280693,-1.721799254929098,0.95,volatility_qlike,descriptive_only
gk_future_7,full,gbr,cqr,333,1440,1440,1440,1,0.9694444444444444,0.019444444444444486,0.019444444444444486,0.029861111111111113,0.0006944444444444445,0.029861111111111113,0.0006944444444444445,0.14606951610663357,0.1451099259077444,0.15030604151941604,0.000944232868516907,0.008529320358665465,0.0028134181694683983,-1.7225520654667306,0.95,volatility_qlike,descriptive_only
gk_future_7,full,gbr,cqr,444,1440,1440,1440,1,0.9694444444444444,0.019444444444444486,0.019444444444444486,0.029166666666666667,0.001388888888888889,0.029166666666666667,0.001388888888888889,0.14366378515391717,0.14086249089664934,0.1481570272676225,0.0010022183072620028,0.008862094015812932,0.002701707374428464,-1.719407208836639,0.95,volatility_qlike,descriptive_only
gk_future_7,full,gbr,cqr,555,1440,1440,1440,1,0.96875,0.018750000000000044,0.018750000000000044,0.030555555555555555,0.0006944444444444445,0.030555555555555555,0.0006944444444444445,0.14660475299383016,0.1455652015908646,0.15095680522276947,0.0009519254224169428,0.008535259363399774,0.002821994708152198,-1.7224648798364595,0.95,volatility_qlike,descriptive_only
gk_future_7,full,gbr,cqr,666,1440,1440,1440,1,0.9694444444444444,0.019444444444444486,0.019444444444444486,0.029861111111111113,0.0006944444444444445,0.029861111111111113,0.0006944444444444445,0.14979229051947468,0.1477164562414682,0.1536101756408986,0.0009526334713420598,0.008524054851648654,0.0028876209196803115,-1.7226654009256344,0.95,volatility_qlike,descriptive_only
gk_future_7,full,gbr,raw_quantile,111,1440,1440,1440,1,0.9680555555555556,0.018055555555555602,0.018055555555555602,0.030555555555555555,0.001388888888888889,0.030555555555555555,0.001388888888888889,0.1397665925691729,0.1372575825963602,0.14468194976069618,0.0009780273678418512,0.008691931750120615,0.0026390213761754563,-1.7219783778483895,0.95,volatility_qlike,descriptive_only
gk_future_7,full,gbr,raw_quantile,222,1440,1440,1440,1,0.9659722222222222,0.015972222222222276,0.015972222222222276,0.03194444444444444,0.0020833333333333333,0.03194444444444444,0.0020833333333333333,0.1379425062457454,0.1354771707734444,0.14282512296846728,0.0009669369486113247,0.008690848065848541,0.0026036911256002615,-1.721799254929098,0.95,volatility_qlike,descriptive_only
gk_future_7,full,gbr,raw_quantile,333,1440,1440,1440,1,0.9652777777777778,0.015277777777777835,0.015277777777777835,0.034027777777777775,0.0006944444444444445,0.034027777777777775,0.0006944444444444445,0.1447768394749541,0.1442778177232552,0.15069460245235325,0.0009701053497363309,0.008529320358665465,0.002797259711572404,-1.7225520654667306,0.95,volatility_qlike,descriptive_only
gk_future_7,full,gbr,raw_quantile,444,1440,1440,1440,1,0.9680555555555556,0.018055555555555602,0.018055555555555602,0.030555555555555555,0.001388888888888889,0.030555555555555555,0.001388888888888889,0.14253425714343718,0.14007841988813724,0.14800331081123236,0.0010124944959832498,0.008862094015812932,0.002687588274297464,-1.719407208836639,0.95,volatility_qlike,descriptive_only
gk_future_7,full,gbr,raw_quantile,555,1440,1440,1440,1,0.9666666666666667,0.01666666666666672,0.01666666666666672,0.03263888888888889,0.0006944444444444445,0.03263888888888889,0.0006944444444444445,0.14538625778697492,0.1449391887066385,0.15131246107532648,0.0009760480088165584,0.008535259363399774,0.002806763518066508,-1.7224648798364595,0.95,volatility_qlike,descriptive_only
gk_future_7,full,gbr,raw_quantile,666,1440,1440,1440,1,0.9673611111111111,0.01736111111111116,0.01736111111111116,0.03194444444444444,0.0006944444444444445,0.03194444444444444,0.0006944444444444445,0.14853799418912167,0.1474735934172876,0.15378318877850977,0.0009726375039117518,0.008524054851648654,0.002871942215550899,-1.7226654009256344,0.95,volatility_qlike,descriptive_only
gk_future_7,full,gbr,regime_cqr,111,1440,1440,1440,1,0.9694444444444444,0.019444444444444486,0.019444444444444486,0.029166666666666667,0.001388888888888889,0.029166666666666667,0.001388888888888889,0.14038964668492213,0.1375047717145844,0.14403462902220393,0.0009540561729326802,0.008691931750120615,0.002646809552622321,-1.7219783778483895,0.95,volatility_qlike,descriptive_only
gk_future_7,full,gbr,regime_cqr,222,1440,1440,1440,1,0.96875,0.018750000000000044,0.018750000000000044,0.029166666666666667,0.0020833333333333333,0.029166666666666667,0.0020833333333333333,0.1386205883003837,0.13562217996765755,0.1422685617459104,0.0009445468923644236,0.008690848065848541,0.0026121671512832406,-1.721799254929098,0.95,volatility_qlike,descriptive_only
gk_future_7,full,gbr,regime_cqr,333,1440,1440,1440,1,0.9694444444444444,0.019444444444444486,0.019444444444444486,0.029861111111111113,0.0006944444444444445,0.029861111111111113,0.0006944444444444445,0.1455093444754153,0.1444240147012513,0.14974586988819777,0.0009372307231266786,0.008529320358665465,0.00280641602407817,-1.7225520654667306,0.95,volatility_qlike,descriptive_only
gk_future_7,full,gbr,regime_cqr,444,1440,1440,1440,1,0.9694444444444444,0.019444444444444486,0.019444444444444486,0.029166666666666667,0.001388888888888889,0.029166666666666667,0.001388888888888889,0.14305370877743237,0.14086249089664934,0.1475469508911377,0.000994592352555943,0.008862094015812932,0.002694081419722404,-1.719407208836639,0.95,volatility_qlike,descriptive_only
gk_future_7,full,gbr,regime_cqr,555,1440,1440,1440,1,0.96875,0.018750000000000044,0.018750000000000044,0.030555555555555555,0.0006944444444444445,0.030555555555555555,0.0006944444444444445,0.14605467684123216,0.1451918390025796,0.15040672907017144,0.000945049470509468,0.008535259363399774,0.002815118756244723,-1.7224648798364595,0.95,volatility_qlike,descriptive_only
gk_future_7,full,gbr,regime_cqr,666,1440,1440,1440,1,0.9694444444444444,0.019444444444444486,0.019444444444444486,0.029861111111111113,0.0006944444444444445,0.029861111111111113,0.0006944444444444445,0.14918077532465143,0.1477164562414682,0.15299866044607535,0.0009449895314067693,0.008524054851648654,0.002879976979745021,-1.7226654009256344,0.95,volatility_qlike,descriptive_only
gk_future_7,full,gbr,regime_sym_conformal,111,1440,1440,1440,1,0.8548611111111111,-0.09513888888888888,0.09513888888888888,0.08402777777777778,0.06111111111111111,0.08402777777777778,0.06111111111111111,0.09145918304415114,0.0852578167852168,0.1598505731481821,0.0016134773380920753,0.010220941562007677,0.0023827869906123795,-1.7131802419283644,0.95,volatility_qlike,descriptive_only
gk_future_7,full,gbr,regime_sym_conformal,222,1440,1440,1440,1,0.8555555555555555,-0.09444444444444444,0.09444444444444444,0.08055555555555556,0.06388888888888888,0.08055555555555556,0.06388888888888888,0.0911962295443393,0.0881167662305412,0.16222726075596827,0.0016268820277149216,0.010128954008540617,0.0024287994911841885,-1.7139899950509074,0.95,volatility_qlike,descriptive_only
gk_future_7,full,gbr,regime_sym_conformal,333,1440,1440,1440,1,0.8444444444444444,-0.10555555555555551,0.10555555555555551,0.09097222222222222,0.06458333333333334,0.09097222222222222,0.06458333333333334,0.08978438198498523,0.0881495197124829,0.16701943856955204,0.0017296520920007934,0.010043928710790358,0.0024458338722379127,-1.7162336275098011,0.95,volatility_qlike,descriptive_only
gk_future_7,full,gbr,regime_sym_conformal,444,1440,1440,1440,1,0.8451388888888889,-0.10486111111111107,0.10486111111111107,0.08680555555555555,0.06805555555555555,0.08680555555555555,0.06805555555555555,0.08990461504441516,0.0872502349499276,0.16627470752631307,0.0016930765701106316,0.010511316697288992,0.0024637911180471,-1.7112894760303106,0.95,volatility_qlike,descriptive_only
gk_future_7,full,gbr,regime_sym_conformal,555,1440,1440,1440,1,0.8458333333333333,-0.10416666666666663,0.10416666666666663,0.08958333333333333,0.06458333333333334,0.08958333333333333,0.06458333333333334,0.08995273902580012,0.0879867945564687,0.16477994577798397,0.0016842458088074874,0.01001597732937687,0.0024352528356420163,-1.7160558142718505,0.95,volatility_qlike,descriptive_only
gk_future_7,full,gbr,regime_sym_conformal,666,1440,1440,1440,1,0.8458333333333333,-0.10416666666666663,0.10416666666666663,0.08958333333333333,0.06458333333333334,0.08958333333333333,0.06458333333333334,0.09014849952659607,0.0876763979643383,0.16553731732282506,0.0017000182743859566,0.010068212952130583,0.002438414658684575,-1.7156631279774874,0.95,volatility_qlike,descriptive_only
gk_future_7,full,gbr,sym_conformal,111,1440,1440,1440,1,0.8680555555555556,-0.08194444444444438,0.08194444444444438,0.07708333333333334,0.05486111111111111,0.07708333333333334,0.05486111111111111,0.09341614803001833,0.0860903502766076,0.1591708659518967,0.0016188053450261425,0.010220941562007677,0.0023604663037711773,-1.7131802419283644,0.95,volatility_qlike,descriptive_only
gk_future_7,full,gbr,sym_conformal,222,1440,1440,1440,1,0.8680555555555556,-0.08194444444444438,0.08194444444444438,0.07361111111111111,0.058333333333333334,0.07361111111111111,0.058333333333333334,0.09289585539115054,0.08518878671439675,0.16137115492169937,0.001621364651006995,0.010128954008540617,0.0024129142220353918,-1.7139899950509074,0.95,volatility_qlike,descriptive_only
gk_future_7,full,gbr,sym_conformal,333,1440,1440,1440,1,0.8576388888888888,-0.09236111111111112,0.09236111111111112,0.08541666666666667,0.05694444444444444,0.08541666666666667,0.05694444444444444,0.09188548956113739,0.0860765888335477,0.16510127946434652,0.0017381398987618183,0.010043928710790358,0.0023893920878467504,-1.7162336275098011,0.95,volatility_qlike,descriptive_only
gk_future_7,full,gbr,sym_conformal,444,1440,1440,1440,1,0.8590277777777777,-0.09097222222222223,0.09097222222222223,0.0798611111111111,0.06111111111111111,0.0798611111111111,0.06111111111111111,0.0922229335724831,0.08742573692631275,0.16121434799139006,0.0015960369593005638,0.010511316697288992,0.0024343217404840943,-1.7112894760303106,0.95,volatility_qlike,descriptive_only
gk_future_7,full,gbr,sym_conformal,555,1440,1440,1440,1,0.8604166666666667,-0.08958333333333324,0.08958333333333324,0.08263888888888889,0.05694444444444444,0.08263888888888889,0.05694444444444444,0.09202450426973585,0.08592784500806845,0.16298468078317413,0.0016917436095844898,0.01001597732937687,0.0023828734099947684,-1.7160558142718505,0.95,volatility_qlike,descriptive_only
gk_future_7,full,gbr,sym_conformal,666,1440,1440,1440,1,0.8597222222222223,-0.09027777777777768,0.09027777777777768,0.08333333333333333,0.05694444444444444,0.08333333333333333,0.05694444444444444,0.09214104605956405,0.0854408773167124,0.1639783289249841,0.0017105586143094382,0.010068212952130583,0.0023888996088150686,-1.7156631279774874,0.95,volatility_qlike,descriptive_only
gk_future_7,full,gru,cqr,111,1440,1440,1440,1,0.9555555555555556,0.005555555555555647,0.005555555555555647,0.001388888888888889,0.043055555555555555,0.001388888888888889,0.043055555555555555,0.1524171115248633,0.1491535009597987,0.17452417795875044,0.0015157327353986529,0.011013433897617554,0.0028473717135700147,14776.287562243058,0.95,volatility_qlike,descriptive_only
gk_future_7,full,gru,cqr,222,1440,1440,1440,1,0.9388888888888889,-0.011111111111111072,0.011111111111111072,0.044444444444444446,0.016666666666666666,0.044444444444444446,0.016666666666666666,0.150971186288545,0.13944683782756323,0.18202283568783142,0.0015507770294767274,0.011040809237083294,0.002999793862718964,-1.688145228702812,0.95,volatility_qlike,descriptive_only
gk_future_7,full,gru,cqr,333,1440,1440,1440,1,0.9611111111111111,0.011111111111111183,0.011111111111111183,0.006944444444444444,0.03194444444444444,0.006944444444444444,0.03194444444444444,0.16560742418853072,0.143363467389714,0.1884315056549416,0.00136102532758731,0.010876297165792167,0.003349762313786135,20346.17647262483,0.95,volatility_qlike,descriptive_only
gk_future_7,full,gru,cqr,444,1440,1440,1440,1,0.9652777777777778,0.015277777777777835,0.015277777777777835,0.00625,0.02847222222222222,0.00625,0.02847222222222222,0.145443164981206,0.13541997037827966,0.15941770683141251,0.001363312934800775,0.010734893010180224,0.0026221297359844426,27163.30760534328,0.95,volatility_qlike,descriptive_only
gk_future_7,full,gru,cqr,555,1440,1440,1440,1,0.91875,-0.03125,0.03125,0.004861111111111111,0.0763888888888889,0.004861111111111111,0.0763888888888889,0.13414008561285587,0.12500162399941767,0.19836596640627016,0.0015237338158086372,0.016197173702855002,0.003435415344348021,516760.84075947653,0.95,volatility_qlike,descriptive_only
gk_future_7,full,gru,cqr,666,1440,1440,1440,1,0.9680555555555556,0.018055555555555602,0.018055555555555602,0.013194444444444444,0.01875,0.013194444444444444,0.01875,0.16033072689799174,0.1500602922800488,0.17327563776671903,0.0014950928429664956,0.011728151877513823,0.0028367981012013825,59144.09772109121,0.95,volatility_qlike,descriptive_only
gk_future_7,full,gru,raw_quantile,111,1440,1440,1440,1,0.925,-0.02499999999999991,0.02499999999999991,0.003472222222222222,0.07152777777777777,0.003472222222222222,0.07152777777777777,0.13949261190395593,0.1337603451684117,0.18522760793077978,0.0014370385316995196,0.011013433897617554,0.003193651666569882,14776.287562243058,0.95,volatility_qlike,descriptive_only
gk_future_7,full,gru,raw_quantile,222,1440,1440,1440,1,0.9125,-0.03749999999999998,0.03749999999999998,0.06388888888888888,0.02361111111111111,0.06388888888888888,0.02361111111111111,0.13855722949212776,0.1271390381734818,0.1780390031620611,0.0015466367895119568,0.011040809237083294,0.002904338289539475,-1.688145228702812,0.95,volatility_qlike,descriptive_only
gk_future_7,full,gru,raw_quantile,333,1440,1440,1440,1,0.9381944444444444,-0.011805555555555514,0.011805555555555514,0.009027777777777777,0.05277777777777778,0.009027777777777777,0.05277777777777778,0.15686522102316502,0.13430546224117274,0.21015335467999283,0.001340631184642826,0.010876297165792167,0.0039132026823569,20346.17647262483,0.95,volatility_qlike,descriptive_only
gk_future_7,full,gru,raw_quantile,444,1440,1440,1440,1,0.9284722222222223,-0.0215277777777777,0.0215277777777777,0.009722222222222222,0.06180555555555556,0.009722222222222222,0.06180555555555556,0.1359536491767762,0.1240947591140866,0.17006111657778608,0.001310623118554359,0.010734893010180224,0.0029409047958901973,27163.30760534328,0.95,volatility_qlike,descriptive_only
gk_future_7,full,gru,raw_quantile,555,1440,1440,1440,1,0.7243055555555555,-0.22569444444444442,0.22569444444444442,0.027083333333333334,0.24861111111111112,0.027083333333333334,0.24861111111111112,0.10408596873417583,0.0948736052960157,0.42582121952937213,0.0016794079683943987,0.016197173702855002,0.008966122519839812,516760.84075947653,0.95,volatility_qlike,descriptive_only
gk_future_7,full,gru,raw_quantile,666,1440,1440,1440,1,0.9201388888888888,-0.029861111111111116,0.029861111111111116,0.025694444444444443,0.05416666666666667,0.025694444444444443,0.05416666666666667,0.14147130118540693,0.1291728131473064,0.18210746824743462,0.0015922289981664401,0.011728151877513823,0.00296045770801933,59144.09772109121,0.95,volatility_qlike,descriptive_only
gk_future_7,full,gru,regime_cqr,111,1440,1440,1440,1,0.9506944444444444,0.000694444444444442,0.000694444444444442,0.001388888888888889,0.04791666666666667,0.001388888888888889,0.04791666666666667,0.151914463564569,0.14913118537515402,0.18021623778723325,0.001510269331159293,0.011013433897617554,0.002995136613521445,14776.287562243058,0.95,volatility_qlike,descriptive_only
gk_future_7,full,gru,regime_cqr,222,1440,1440,1440,1,0.9368055555555556,-0.013194444444444398,0.013194444444444398,0.04722222222222222,0.01597222222222222,0.04722222222222222,0.01597222222222222,0.15100102585544062,0.13948322832584376,0.18257789023026472,0.0015628452741049095,0.011040809237083294,0.003001601981651611,-1.688145228702812,0.95,volatility_qlike,descriptive_only
gk_future_7,full,gru,regime_cqr,333,1440,1440,1440,1,0.9590277777777778,0.009027777777777857,0.009027777777777857,0.006944444444444444,0.034027777777777775,0.006944444444444444,0.034027777777777775,0.16597209664286797,0.14344572275876993,0.190519322023361,0.0013660237407494098,0.010876297165792167,0.003396959309834521,20346.17647262483,0.95,volatility_qlike,descriptive_only
gk_future_7,full,gru,regime_cqr,444,1440,1440,1440,1,0.9659722222222222,0.015972222222222276,0.015972222222222276,0.00625,0.027777777777777776,0.00625,0.027777777777777776,0.14591460492373678,0.13598007450508476,0.16081264719632743,0.0013685329606979181,0.010734893010180224,0.0026517832192101726,27163.30760534328,0.95,volatility_qlike,descriptive_only
gk_future_7,full,gru,regime_cqr,555,1440,1440,1440,1,0.9097222222222222,-0.040277777777777746,0.040277777777777746,0.007638888888888889,0.08263888888888889,0.007638888888888889,0.08263888888888889,0.1345194786000724,0.1256450007965195,0.2070839197996672,0.0015342116760036992,0.016197173702855002,0.0036428863189878857,516760.84075947653,0.95,volatility_qlike,descriptive_only
gk_future_7,full,gru,regime_cqr,666,1440,1440,1440,1,0.9645833333333333,0.014583333333333393,0.014583333333333393,0.016666666666666666,0.01875,0.016666666666666666,0.01875,0.16002336995828553,0.15138010208981845,0.1745711521895879,0.0015220656020037064,0.011728151877513823,0.0028422132027358955,59144.09772109121,0.95,volatility_qlike,descriptive_only
gk_future_7,full,gru,regime_sym_conformal,111,1440,1440,1440,1,0.88125,-0.06874999999999998,0.06874999999999998,0.05,0.06875,0.05,0.06875,0.10656859202281639,0.09511991305557145,0.19566503616978315,0.001865976714373529,0.014012952744127394,0.0030256491898709528,66184.71907350357,0.95,volatility_qlike,descriptive_only
gk_future_7,full,gru,regime_sym_conformal,222,1440,1440,1440,1,0.8666666666666667,-0.08333333333333326,0.08333333333333326,0.09236111111111112,0.04097222222222222,0.09236111111111112,0.04097222222222222,0.11428171675819303,0.1094588646278838,0.19769747205591534,0.0026169696531549557,0.01378816981416173,0.002325467148242832,-1.6840299106551893,0.95,volatility_qlike,descriptive_only
gk_future_7,full,gru,regime_sym_conformal,333,1440,1440,1440,1,0.8958333333333334,-0.054166666666666585,0.054166666666666585,0.03611111111111111,0.06805555555555555,0.03611111111111111,0.06805555555555555,0.10896511718010268,0.0992175493740599,0.16931956489187375,0.0014240112995387358,0.013351716409951348,0.002808977822758013,123660.21453955231,0.95,volatility_qlike,descriptive_only
gk_future_7,full,gru,regime_sym_conformal,444,1440,1440,1440,1,0.8798611111111111,-0.07013888888888886,0.07013888888888886,0.041666666666666664,0.07847222222222222,0.041666666666666664,0.07847222222222222,0.10154228412180552,0.0844283175821231,0.201866962155622,0.0014757785177730949,0.012511250176100466,0.0035708955361173586,13198.792201987908,0.95,volatility_qlike,descriptive_only
gk_future_7,full,gru,regime_sym_conformal,555,1440,1440,1440,1,0.8694444444444445,-0.08055555555555549,0.08055555555555549,0.0625,0.06805555555555555,0.0625,0.06805555555555555,0.11805174662560876,0.1095773601045768,0.2312359550176308,0.0026592346014655504,0.017272812222428675,0.003121664273975124,645311.1330223933,0.95,volatility_qlike,descriptive_only
gk_future_7,full,gru,regime_sym_conformal,666,1440,1440,1440,1,0.93125,-0.018749999999999933,0.018749999999999933,0.03125,0.0375,0.03125,0.0375,0.11506936677471287,0.1110360832824865,0.16682285669494307,0.0017869933993837628,0.012673329602430483,0.002383578017989717,151716.54110922295,0.95,volatility_qlike,descriptive_only
gk_future_7,full,gru,sym_conformal,111,1440,1440,1440,1,0.8993055555555556,-0.050694444444444375,0.050694444444444375,0.04375,0.05694444444444444,0.04375,0.05694444444444444,0.1096637749087272,0.10239588469266885,0.1846637627288184,0.0017706695681089168,0.014012952744127394,0.002845924500111448,66184.71907350357,0.95,volatility_qlike,descriptive_only
gk_future_7,full,gru,sym_conformal,222,1440,1440,1440,1,0.8770833333333333,-0.07291666666666663,0.07291666666666663,0.08611111111111111,0.03680555555555556,0.08611111111111111,0.03680555555555556,0.11601710382253963,0.1094588637351989,0.19441786372015465,0.002565303680793549,0.01378816981416173,0.0022951429122102236,-1.6840299106551893,0.95,volatility_qlike,descriptive_only
gk_future_7,full,gru,sym_conformal,333,1440,1440,1440,1,0.9145833333333333,-0.03541666666666665,0.03541666666666665,0.027777777777777776,0.05763888888888889,0.027777777777777776,0.05763888888888889,0.11114610449617932,0.1011953502893447,0.16268558645940054,0.00136479275200723,0.013351716409951348,0.002702346909477686,123660.21453955231,0.95,volatility_qlike,descriptive_only
gk_future_7,full,gru,sym_conformal,444,1440,1440,1440,1,0.8944444444444445,-0.05555555555555547,0.05555555555555547,0.03333333333333333,0.07222222222222222,0.03333333333333333,0.07222222222222222,0.10278826649559451,0.084428321570158,0.20090808412918224,0.001464972461900802,0.012511250176100466,0.0035577296413286576,13198.792201987908,0.95,volatility_qlike,descriptive_only
gk_future_7,full,gru,sym_conformal,555,1440,1440,1440,1,0.8743055555555556,-0.0756944444444444,0.0756944444444444,0.05694444444444444,0.06875,0.05694444444444444,0.06875,0.11941621185332119,0.1095773577690124,0.21695436697649137,0.002322931308589578,0.017272812222428675,0.003100927865822611,645311.1330223933,0.95,volatility_qlike,descriptive_only
gk_future_7,full,gru,sym_conformal,666,1440,1440,1440,1,0.93125,-0.018749999999999933,0.018749999999999933,0.03125,0.0375,0.03125,0.0375,0.11535383434966202,0.1110360845923423,0.16218247520898704,0.0017528461718139684,0.012673329602430483,0.002301715708410611,151716.54110922295,0.95,volatility_qlike,descriptive_only
gk_future_7,full,har_ols,cqr,111,1440,1440,1440,1,0.8756944444444444,-0.07430555555555551,0.07430555555555551,0.06527777777777778,0.059027777777777776,0.06527777777777778,0.059027777777777776,0.13029119244954906,0.12592845216917825,0.19621099783610174,0.0013612849727207901,0.010107661652837963,0.0035439899731816616,-1.6466001663185548,0.95,volatility_qlike,descriptive_only
gk_future_7,full,har_ols,cqr,222,1440,1440,1440,1,0.8756944444444444,-0.07430555555555551,0.07430555555555551,0.06527777777777778,0.059027777777777776,0.06527777777777778,0.059027777777777776,0.13029119244954906,0.12592845216917825,0.19621099783610174,0.0013612849727207901,0.010107661652837963,0.0035439899731816616,-1.6466001663185548,0.95,volatility_qlike,descriptive_only
gk_future_7,full,har_ols,cqr,333,1440,1440,1440,1,0.8756944444444444,-0.07430555555555551,0.07430555555555551,0.06527777777777778,0.059027777777777776,0.06527777777777778,0.059027777777777776,0.13029119244954906,0.12592845216917825,0.19621099783610174,0.0013612849727207901,0.010107661652837963,0.0035439899731816616,-1.6466001663185548,0.95,volatility_qlike,descriptive_only
gk_future_7,full,har_ols,cqr,444,1440,1440,1440,1,0.8756944444444444,-0.07430555555555551,0.07430555555555551,0.06527777777777778,0.059027777777777776,0.06527777777777778,0.059027777777777776,0.13029119244954906,0.12592845216917825,0.19621099783610174,0.0013612849727207901,0.010107661652837963,0.0035439899731816616,-1.6466001663185548,0.95,volatility_qlike,descriptive_only
gk_future_7,full,har_ols,cqr,555,1440,1440,1440,1,0.8756944444444444,-0.07430555555555551,0.07430555555555551,0.06527777777777778,0.059027777777777776,0.06527777777777778,0.059027777777777776,0.13029119244954906,0.12592845216917825,0.19621099783610174,0.0013612849727207901,0.010107661652837963,0.0035439899731816616,-1.6466001663185548,0.95,volatility_qlike,descriptive_only
gk_future_7,full,har_ols,cqr,666,1440,1440,1440,1,0.8756944444444444,-0.07430555555555551,0.07430555555555551,0.06527777777777778,0.059027777777777776,0.06527777777777778,0.059027777777777776,0.13029119244954906,0.12592845216917825,0.19621099783610174,0.0013612849727207901,0.010107661652837963,0.0035439899731816616,-1.6466001663185548,0.95,volatility_qlike,descriptive_only
gk_future_7,full,har_ols,raw_quantile,111,1440,1440,1440,1,0.6361111111111111,-0.3138888888888889,0.3138888888888889,0.20347222222222222,0.16041666666666668,0.20347222222222222,0.16041666666666668,0.08972388389382036,0.08806496698270319,0.3095729854786914,0.002294595218716061,0.010107661652837963,0.005444729418251132,-1.6466001663185548,0.95,volatility_qlike,descriptive_only
gk_future_7,full,har_ols,raw_quantile,222,1440,1440,1440,1,0.6361111111111111,-0.3138888888888889,0.3138888888888889,0.20347222222222222,0.16041666666666668,0.20347222222222222,0.16041666666666668,0.08972388389382036,0.08806496698270319,0.3095729854786914,0.002294595218716061,0.010107661652837963,0.005444729418251132,-1.6466001663185548,0.95,volatility_qlike,descriptive_only
gk_future_7,full,har_ols,raw_quantile,333,1440,1440,1440,1,0.6361111111111111,-0.3138888888888889,0.3138888888888889,0.20347222222222222,0.16041666666666668,0.20347222222222222,0.16041666666666668,0.08972388389382036,0.08806496698270319,0.3095729854786914,0.002294595218716061,0.010107661652837963,0.005444729418251132,-1.6466001663185548,0.95,volatility_qlike,descriptive_only
gk_future_7,full,har_ols,raw_quantile,444,1440,1440,1440,1,0.6361111111111111,-0.3138888888888889,0.3138888888888889,0.20347222222222222,0.16041666666666668,0.20347222222222222,0.16041666666666668,0.08972388389382036,0.08806496698270319,0.3095729854786914,0.002294595218716061,0.010107661652837963,0.005444729418251132,-1.6466001663185548,0.95,volatility_qlike,descriptive_only
gk_future_7,full,har_ols,raw_quantile,555,1440,1440,1440,1,0.6361111111111111,-0.3138888888888889,0.3138888888888889,0.20347222222222222,0.16041666666666668,0.20347222222222222,0.16041666666666668,0.08972388389382036,0.08806496698270319,0.3095729854786914,0.002294595218716061,0.010107661652837963,0.005444729418251132,-1.6466001663185548,0.95,volatility_qlike,descriptive_only
gk_future_7,full,har_ols,raw_quantile,666,1440,1440,1440,1,0.6361111111111111,-0.3138888888888889,0.3138888888888889,0.20347222222222222,0.16041666666666668,0.20347222222222222,0.16041666666666668,0.08972388389382036,0.08806496698270319,0.3095729854786914,0.002294595218716061,0.010107661652837963,0.005444729418251132,-1.6466001663185548,0.95,volatility_qlike,descriptive_only
gk_future_7,full,har_ols,regime_cqr,111,1440,1440,1440,1,0.8652777777777778,-0.08472222222222214,0.08472222222222214,0.07569444444444444,0.059027777777777776,0.07569444444444444,0.059027777777777776,0.12929166252551458,0.12497493891911846,0.19634727007139807,0.0013906602491886096,0.010107661652837963,0.0035180215025962486,-1.6466001663185548,0.95,volatility_qlike,descriptive_only
gk_future_7,full,har_ols,regime_cqr,222,1440,1440,1440,1,0.8652777777777778,-0.08472222222222214,0.08472222222222214,0.07569444444444444,0.059027777777777776,0.07569444444444444,0.059027777777777776,0.12929166252551458,0.12497493891911846,0.19634727007139807,0.0013906602491886096,0.010107661652837963,0.0035180215025962486,-1.6466001663185548,0.95,volatility_qlike,descriptive_only
gk_future_7,full,har_ols,regime_cqr,333,1440,1440,1440,1,0.8652777777777778,-0.08472222222222214,0.08472222222222214,0.07569444444444444,0.059027777777777776,0.07569444444444444,0.059027777777777776,0.12929166252551458,0.12497493891911846,0.19634727007139807,0.0013906602491886096,0.010107661652837963,0.0035180215025962486,-1.6466001663185548,0.95,volatility_qlike,descriptive_only
gk_future_7,full,har_ols,regime_cqr,444,1440,1440,1440,1,0.8652777777777778,-0.08472222222222214,0.08472222222222214,0.07569444444444444,0.059027777777777776,0.07569444444444444,0.059027777777777776,0.12929166252551458,0.12497493891911846,0.19634727007139807,0.0013906602491886096,0.010107661652837963,0.0035180215025962486,-1.6466001663185548,0.95,volatility_qlike,descriptive_only
gk_future_7,full,har_ols,regime_cqr,555,1440,1440,1440,1,0.8652777777777778,-0.08472222222222214,0.08472222222222214,0.07569444444444444,0.059027777777777776,0.07569444444444444,0.059027777777777776,0.12929166252551458,0.12497493891911846,0.19634727007139807,0.0013906602491886096,0.010107661652837963,0.0035180215025962486,-1.6466001663185548,0.95,volatility_qlike,descriptive_only
gk_future_7,full,har_ols,regime_cqr,666,1440,1440,1440,1,0.8652777777777778,-0.08472222222222214,0.08472222222222214,0.07569444444444444,0.059027777777777776,0.07569444444444444,0.059027777777777776,0.12929166252551458,0.12497493891911846,0.19634727007139807,0.0013906602491886096,0.010107661652837963,0.0035180215025962486,-1.6466001663185548,0.95,volatility_qlike,descriptive_only
gk_future_7,full,har_ols,regime_sym_conformal,111,1440,1440,1440,1,0.8791666666666667,-0.0708333333333333,0.0708333333333333,0.07569444444444444,0.04513888888888889,0.07569444444444444,0.04513888888888889,0.10681528603681117,0.0994703590538294,0.19254547898111493,0.00216684826550826,0.014002249301826275,0.0026467887090195173,48013.93460092769,0.95,volatility_qlike,descriptive_only
gk_future_7,full,har_ols,regime_sym_conformal,222,1440,1440,1440,1,0.8791666666666667,-0.0708333333333333,0.0708333333333333,0.07569444444444444,0.04513888888888889,0.07569444444444444,0.04513888888888889,0.10681528603681117,0.0994703590538294,0.19254547898111493,0.00216684826550826,0.014002249301826275,0.0026467887090195173,48013.93460092769,0.95,volatility_qlike,descriptive_only
gk_future_7,full,har_ols,regime_sym_conformal,333,1440,1440,1440,1,0.8791666666666667,-0.0708333333333333,0.0708333333333333,0.07569444444444444,0.04513888888888889,0.07569444444444444,0.04513888888888889,0.10681528603681117,0.0994703590538294,0.19254547898111493,0.00216684826550826,0.014002249301826275,0.0026467887090195173,48013.93460092769,0.95,volatility_qlike,descriptive_only
gk_future_7,full,har_ols,regime_sym_conformal,444,1440,1440,1440,1,0.8791666666666667,-0.0708333333333333,0.0708333333333333,0.07569444444444444,0.04513888888888889,0.07569444444444444,0.04513888888888889,0.10681528603681117,0.0994703590538294,0.19254547898111493,0.00216684826550826,0.014002249301826275,0.0026467887090195173,48013.93460092769,0.95,volatility_qlike,descriptive_only
gk_future_7,full,har_ols,regime_sym_conformal,555,1440,1440,1440,1,0.8791666666666667,-0.0708333333333333,0.0708333333333333,0.07569444444444444,0.04513888888888889,0.07569444444444444,0.04513888888888889,0.10681528603681117,0.0994703590538294,0.19254547898111493,0.00216684826550826,0.014002249301826275,0.0026467887090195173,48013.93460092769,0.95,volatility_qlike,descriptive_only
gk_future_7,full,har_ols,regime_sym_conformal,666,1440,1440,1440,1,0.8791666666666667,-0.0708333333333333,0.0708333333333333,0.07569444444444444,0.04513888888888889,0.07569444444444444,0.04513888888888889,0.10681528603681117,0.0994703590538294,0.19254547898111493,0.00216684826550826,0.014002249301826275,0.0026467887090195173,48013.93460092769,0.95,volatility_qlike,descriptive_only
gk_future_7,full,har_ols,sym_conformal,111,1440,1440,1440,1,0.8895833333333333,-0.060416666666666674,0.060416666666666674,0.06111111111111111,0.049305555555555554,0.06111111111111111,0.049305555555555554,0.10837649586923151,0.0986178269059217,0.1991193649285838,0.0019515246193591758,0.014002249301826275,0.003026459503855322,48013.93460092769,0.95,volatility_qlike,descriptive_only
gk_future_7,full,har_ols,sym_conformal,222,1440,1440,1440,1,0.8895833333333333,-0.060416666666666674,0.060416666666666674,0.06111111111111111,0.049305555555555554,0.06111111111111111,0.049305555555555554,0.10837649586923151,0.0986178269059217,0.1991193649285838,0.0019515246193591758,0.014002249301826275,0.003026459503855322,48013.93460092769,0.95,volatility_qlike,descriptive_only
gk_future_7,full,har_ols,sym_conformal,333,1440,1440,1440,1,0.8895833333333333,-0.060416666666666674,0.060416666666666674,0.06111111111111111,0.049305555555555554,0.06111111111111111,0.049305555555555554,0.10837649586923151,0.0986178269059217,0.1991193649285838,0.0019515246193591758,0.014002249301826275,0.003026459503855322,48013.93460092769,0.95,volatility_qlike,descriptive_only
gk_future_7,full,har_ols,sym_conformal,444,1440,1440,1440,1,0.8895833333333333,-0.060416666666666674,0.060416666666666674,0.06111111111111111,0.049305555555555554,0.06111111111111111,0.049305555555555554,0.10837649586923151,0.0986178269059217,0.1991193649285838,0.0019515246193591758,0.014002249301826275,0.003026459503855322,48013.93460092769,0.95,volatility_qlike,descriptive_only
gk_future_7,full,har_ols,sym_conformal,555,1440,1440,1440,1,0.8895833333333333,-0.060416666666666674,0.060416666666666674,0.06111111111111111,0.049305555555555554,0.06111111111111111,0.049305555555555554,0.10837649586923151,0.0986178269059217,0.1991193649285838,0.0019515246193591758,0.014002249301826275,0.003026459503855322,48013.93460092769,0.95,volatility_qlike,descriptive_only
gk_future_7,full,har_ols,sym_conformal,666,1440,1440,1440,1,0.8895833333333333,-0.060416666666666674,0.060416666666666674,0.06111111111111111,0.049305555555555554,0.06111111111111111,0.049305555555555554,0.10837649586923151,0.0986178269059217,0.1991193649285838,0.0019515246193591758,0.014002249301826275,0.003026459503855322,48013.93460092769,0.95,volatility_qlike,descriptive_only
gk_future_7,full,lstm,cqr,111,1440,1440,1440,1,0.9194444444444444,-0.030555555555555558,0.030555555555555558,0.03194444444444444,0.04861111111111111,0.03194444444444444,0.04861111111111111,0.13641289658871422,0.1267518800701902,0.19118152565949897,0.0014877163934236817,0.012059846107680865,0.0032918217480636986,109751.46851148404,0.95,volatility_qlike,descriptive_only
gk_future_7,full,lstm,cqr,222,1440,1440,1440,1,0.8736111111111111,-0.07638888888888884,0.07638888888888884,0.04791666666666667,0.07847222222222222,0.04791666666666667,0.07847222222222222,0.1295999327463828,0.1167889841556245,0.20063474560131714,0.001671442351393356,0.01386032559501443,0.003344426288639477,176551.16163044068,0.95,volatility_qlike,descriptive_only
gk_future_7,full,lstm,cqr,333,1440,1440,1440,1,0.9305555555555556,-0.019444444444444375,0.019444444444444375,0.027777777777777776,0.041666666666666664,0.027777777777777776,0.041666666666666664,0.12332162083860491,0.11630655006046425,0.1557136221259091,0.001347610932202421,0.013597886164746987,0.0025452296209452128,3444.4789289993196,0.95,volatility_qlike,descriptive_only
gk_future_7,full,lstm,cqr,444,1440,1440,1440,1,0.9506944444444444,0.000694444444444442,0.000694444444444442,0.002777777777777778,0.04652777777777778,0.002777777777777778,0.04652777777777778,0.1250005637372664,0.12368695906363,0.1760579988208442,0.001446800730970338,0.01376058892545271,0.002954649239550671,105250.72221988306,0.95,volatility_qlike,descriptive_only
gk_future_7,full,lstm,cqr,555,1440,1440,1440,1,0.9416666666666667,-0.008333333333333304,0.008333333333333304,0.027777777777777776,0.030555555555555555,0.027777777777777776,0.030555555555555555,0.1355415294493748,0.12818758435242106,0.17285960462085953,0.0014894911393719729,0.012161659129902441,0.0028319989761494205,11481.511069480994,0.95,volatility_qlike,descriptive_only
gk_future_7,full,lstm,cqr,666,1440,1440,1440,1,0.9243055555555556,-0.025694444444444353,0.025694444444444353,0.03125,0.044444444444444446,0.03125,0.044444444444444446,0.14365226899054606,0.13272674843509552,0.18313658462874216,0.0016302326143173655,0.014518045819643492,0.002948182001401092,501284.980382717,0.95,volatility_qlike,descriptive_only
gk_future_7,full,lstm,raw_quantile,111,1440,1440,1440,1,0.8326388888888889,-0.11736111111111103,0.11736111111111103,0.052083333333333336,0.11527777777777778,0.052083333333333336,0.11527777777777778,0.1111950166458781,0.09883853700011966,0.2608584101601571,0.001538312761914432,0.012059846107680865,0.0049831474920894025,109751.46851148404,0.95,volatility_qlike,descriptive_only
gk_future_7,full,lstm,raw_quantile,222,1440,1440,1440,1,0.7833333333333333,-0.16666666666666663,0.16666666666666663,0.07291666666666667,0.14375,0.07291666666666667,0.14375,0.10956440181875624,0.09275799803435794,0.26413638438837955,0.0018056146900036704,0.01386032559501443,0.004797794919705724,176551.16163044068,0.95,volatility_qlike,descriptive_only
gk_future_7,full,lstm,raw_quantile,333,1440,1440,1440,1,0.8263888888888888,-0.12361111111111112,0.12361111111111112,0.075,0.09861111111111111,0.075,0.09861111111111111,0.10111547807367359,0.0949181662872433,0.19509732946790884,0.001628094232668137,0.013597886164746987,0.003249339004029489,3444.4789289993196,0.95,volatility_qlike,descriptive_only
gk_future_7,full,lstm,raw_quantile,444,1440,1440,1440,1,0.7340277777777777,-0.21597222222222223,0.21597222222222223,0.0125,0.2534722222222222,0.0125,0.2534722222222222,0.08592247873105706,0.08020753972232339,0.30427791713010033,0.0012705773307305416,0.01376058892545271,0.006336370597521869,105250.72221988306,0.95,volatility_qlike,descriptive_only
gk_future_7,full,lstm,raw_quantile,555,1440,1440,1440,1,0.8798611111111111,-0.07013888888888886,0.07013888888888886,0.06180555555555556,0.058333333333333334,0.06180555555555556,0.058333333333333334,0.10917474629774608,0.10182673577219245,0.19633443286838798,0.00160286250277115,0.012161659129902441,0.003305498318938452,11481.511069480994,0.95,volatility_qlike,descriptive_only
gk_future_7,full,lstm,raw_quantile,666,1440,1440,1440,1,0.7979166666666667,-0.15208333333333324,0.15208333333333324,0.04583333333333333,0.15625,0.04583333333333333,0.15625,0.1164724964270135,0.1145283449441194,0.36769125422084464,0.0018675352625065534,0.014518045819643492,0.007324746093014466,501284.980382717,0.95,volatility_qlike,descriptive_only
gk_future_7,full,lstm,regime_cqr,111,1440,1440,1440,1,0.91875,-0.03125,0.03125,0.02847222222222222,0.05277777777777778,0.02847222222222222,0.05277777777777778,0.13568850813804828,0.1252839173344683,0.19082312473502164,0.0014519596001764075,0.012059846107680865,0.0033186185181990394,109751.46851148404,0.95,volatility_qlike,descriptive_only
gk_future_7,full,lstm,regime_cqr,222,1440,1440,1440,1,0.8673611111111111,-0.08263888888888882,0.08263888888888882,0.049305555555555554,0.08333333333333333,0.049305555555555554,0.08333333333333333,0.12872108777769412,0.1169772234110316,0.2010446890743984,0.0016652323641823895,0.01386032559501443,0.0033608848626774774,176551.16163044068,0.95,volatility_qlike,descriptive_only
gk_future_7,full,lstm,regime_cqr,333,1440,1440,1440,1,0.9305555555555556,-0.019444444444444375,0.019444444444444375,0.027777777777777776,0.041666666666666664,0.027777777777777776,0.041666666666666664,0.12317004910513212,0.11556918862828455,0.15603502862250107,0.0013511326347544212,0.013597886164746987,0.002549743080808011,3444.4789289993196,0.95,volatility_qlike,descriptive_only
gk_future_7,full,lstm,regime_cqr,444,1440,1440,1440,1,0.9368055555555556,-0.013194444444444398,0.013194444444444398,0.009027777777777777,0.05416666666666667,0.009027777777777777,0.05416666666666667,0.12274280847625095,0.12099764580559365,0.18288384132151722,0.0014526065187878726,0.01376058892545271,0.0031194895142499604,105250.72221988306,0.95,volatility_qlike,descriptive_only
gk_future_7,full,lstm,regime_cqr,555,1440,1440,1440,1,0.9409722222222222,-0.009027777777777746,0.009027777777777746,0.02847222222222222,0.030555555555555555,0.02847222222222222,0.030555555555555555,0.13477244539489125,0.127907945089356,0.17078605529915875,0.0014675591091369603,0.012161659129902441,0.002802092273341912,11481.511069480994,0.95,volatility_qlike,descriptive_only
gk_future_7,full,lstm,regime_cqr,666,1440,1440,1440,1,0.9180555555555555,-0.03194444444444444,0.03194444444444444,0.03263888888888889,0.049305555555555554,0.03263888888888889,0.049305555555555554,0.14275670242939295,0.13191522751003498,0.18989240921814218,0.0016710081175576215,0.014518045819643492,0.003076302112895837,501284.980382717,0.95,volatility_qlike,descriptive_only
gk_future_7,full,lstm,regime_sym_conformal,111,1440,1440,1440,1,0.8736111111111111,-0.07638888888888884,0.07638888888888884,0.06736111111111111,0.059027777777777776,0.06736111111111111,0.059027777777777776,0.11320600394643361,0.0965712181185345,0.1843748206896172,0.0017563342477157423,0.01593494544222043,0.002853036269524593,293888.1966988242,0.95,volatility_qlike,descriptive_only
gk_future_7,full,lstm,regime_sym_conformal,222,1440,1440,1440,1,0.9020833333333333,-0.04791666666666661,0.04791666666666661,0.04722222222222222,0.050694444444444445,0.04722222222222222,0.050694444444444445,0.123328296955554,0.12414782498119155,0.17953610635845899,0.0018645033264867985,0.015143294018186218,0.0026238993324745803,191438.63142466111,0.95,volatility_qlike,descriptive_only
gk_future_7,full,lstm,regime_sym_conformal,333,1440,1440,1440,1,0.8583333333333333,-0.09166666666666667,0.09166666666666667,0.07013888888888889,0.07152777777777777,0.07013888888888889,0.07152777777777777,0.12011611133657595,0.0978577830360366,0.2385755904746668,0.002835371333974944,0.01884289865263128,0.00312901842789163,758445.9674243714,0.95,volatility_qlike,descriptive_only
gk_future_7,full,lstm,regime_sym_conformal,444,1440,1440,1440,1,0.8590277777777777,-0.09097222222222223,0.09097222222222223,0.08055555555555556,0.06041666666666667,0.08055555555555556,0.06041666666666667,0.1047920954116162,0.0950263068414143,0.1981257159072394,0.0021136065904739667,0.016373299395460367,0.002839536307206921,274298.3352107875,0.95,volatility_qlike,descriptive_only
gk_future_7,full,lstm,regime_sym_conformal,555,1440,1440,1440,1,0.875,-0.07499999999999996,0.07499999999999996,0.0875,0.0375,0.0875,0.0375,0.12261686376022658,0.1072554517180319,0.19622071381291445,0.00235758293445141,0.01474508357671558,0.0025479349108713566,30893.25315102115,0.95,volatility_qlike,descriptive_only
gk_future_7,full,lstm,regime_sym_conformal,666,1440,1440,1440,1,0.8770833333333333,-0.07291666666666663,0.07291666666666663,0.059722222222222225,0.06319444444444444,0.059722222222222225,0.06319444444444444,0.11916451882821491,0.11566491882806315,0.19601271061978515,0.001815013748838092,0.01602102746589865,0.00308530401665644,475710.8209028924,0.95,volatility_qlike,descriptive_only
gk_future_7,full,lstm,sym_conformal,111,1440,1440,1440,1,0.8854166666666666,-0.06458333333333333,0.06458333333333333,0.06388888888888888,0.050694444444444445,0.06388888888888888,0.050694444444444445,0.1154696104323698,0.09763824194669715,0.17338463628649842,0.0017344965668715702,0.01593494544222043,0.0026001193402907944,293888.1966988242,0.95,volatility_qlike,descriptive_only
gk_future_7,full,lstm,sym_conformal,222,1440,1440,1440,1,0.9069444444444444,-0.043055555555555514,0.043055555555555514,0.04652777777777778,0.04652777777777778,0.04652777777777778,0.04652777777777778,0.12362418800152629,0.12449909001588816,0.1786087864610266,0.0018625693188335883,0.015143294018186218,0.0026026503426919813,191438.63142466111,0.95,volatility_qlike,descriptive_only
gk_future_7,full,lstm,sym_conformal,333,1440,1440,1440,1,0.8604166666666667,-0.08958333333333324,0.08958333333333324,0.07152777777777777,0.06805555555555555,0.07152777777777777,0.06805555555555555,0.11891065771148225,0.0978577844798564,0.23114354287650388,0.002884660227031139,0.01884289865263128,0.002893928344881363,758445.9674243714,0.95,volatility_qlike,descriptive_only
gk_future_7,full,lstm,sym_conformal,444,1440,1440,1440,1,0.8833333333333333,-0.06666666666666665,0.06666666666666665,0.06458333333333334,0.052083333333333336,0.06458333333333334,0.052083333333333336,0.10686807212445674,0.0988152921199798,0.1855640768617501,0.0020287072223170934,0.016373299395460367,0.002610394699226563,274298.3352107875,0.95,volatility_qlike,descriptive_only
gk_future_7,full,lstm,sym_conformal,555,1440,1440,1440,1,0.8916666666666667,-0.05833333333333324,0.05833333333333324,0.07361111111111111,0.034722222222222224,0.07361111111111111,0.034722222222222224,0.12500357138018847,0.10218482837080956,0.17599915853564593,0.001893190183244789,0.01474508357671558,0.002506788780146262,30893.25315102115,0.95,volatility_qlike,descriptive_only
gk_future_7,full,lstm,sym_conformal,666,1440,1440,1440,1,0.8958333333333334,-0.054166666666666585,0.054166666666666585,0.05,0.05416666666666667,0.05,0.05416666666666667,0.12158469794473296,0.1158778071403503,0.1880979521781711,0.0018077626959748098,0.01602102746589865,0.002894686108479373,475710.8209028924,0.95,volatility_qlike,descriptive_only
gk_future_7,full,rf,cqr,111,1440,1440,1440,1,0.9506944444444444,0.000694444444444442,0.000694444444444442,0.041666666666666664,0.007638888888888889,0.041666666666666664,0.007638888888888889,0.1493369201860015,0.13924374767040126,0.16522606196636846,0.0011297660983222528,0.011820583700979416,0.0030008854508368618,-1.6952811294141308,0.95,volatility_qlike,descriptive_only
gk_future_7,full,rf,cqr,222,1440,1440,1440,1,0.9430555555555555,-0.00694444444444442,0.00694444444444442,0.04513888888888889,0.011805555555555555,0.04513888888888889,0.011805555555555555,0.1440563594310931,0.1339575207318256,0.16610255413296302,0.001226250110345723,0.011887164163782035,0.002926313742978257,-1.69437660573384,0.95,volatility_qlike,descriptive_only
gk_future_7,full,rf,cqr,333,1440,1440,1440,1,0.9347222222222222,-0.015277777777777724,0.015277777777777724,0.04791666666666667,0.017361111111111112,0.04791666666666667,0.017361111111111112,0.1333328969461331,0.13090340960036528,0.15888119706898834,0.0011871198720558693,0.011746835529888125,0.002784910054668742,-1.6959822648665241,0.95,volatility_qlike,descriptive_only
gk_future_7,full,rf,cqr,444,1440,1440,1440,1,0.9416666666666667,-0.008333333333333304,0.008333333333333304,0.04861111111111111,0.009722222222222222,0.04861111111111111,0.009722222222222222,0.14071088211905322,0.13376540799294664,0.16273484604962973,0.001200610407437861,0.011356828729074467,0.002867760743802788,-1.698886195487901,0.95,volatility_qlike,descriptive_only
gk_future_7,full,rf,cqr,555,1440,1440,1440,1,0.9340277777777778,-0.015972222222222165,0.015972222222222165,0.052083333333333336,0.013888888888888888,0.052083333333333336,0.013888888888888888,0.14445749999016222,0.13396056994443328,0.16700892689086813,0.0011918273493478832,0.011110575777192731,0.002983395822923724,-1.7013468711882833,0.95,volatility_qlike,descriptive_only
gk_future_7,full,rf,cqr,666,1440,1440,1440,1,0.9319444444444445,-0.01805555555555549,0.01805555555555549,0.052083333333333336,0.01597222222222222,0.052083333333333336,0.01597222222222222,0.11999081663846159,0.11996177580581295,0.1501843429466106,0.0012680982195917372,0.010528722501632795,0.002486510354073432,-1.7083351851240378,0.95,volatility_qlike,descriptive_only
gk_future_7,full,rf,raw_quantile,111,1440,1440,1440,1,0.8930555555555556,-0.05694444444444435,0.05694444444444435,0.09027777777777778,0.016666666666666666,0.09027777777777778,0.016666666666666666,0.13004774974363706,0.11846440395212285,0.16723880550272396,0.0013810068642240905,0.011820583700979416,0.0027999632733439125,-1.6952811294141308,0.95,volatility_qlike,descriptive_only
gk_future_7,full,rf,raw_quantile,222,1440,1440,1440,1,0.8694444444444445,-0.08055555555555549,0.08055555555555549,0.10694444444444444,0.02361111111111111,0.10694444444444444,0.02361111111111111,0.12271239226461367,0.1138356258487261,0.17389980379096423,0.001570336180675198,0.011887164163782035,0.002777158914098813,-1.69437660573384,0.95,volatility_qlike,descriptive_only
gk_future_7,full,rf,raw_quantile,333,1440,1440,1440,1,0.8576388888888888,-0.09236111111111112,0.09236111111111112,0.11527777777777778,0.027083333333333334,0.11527777777777778,0.027083333333333334,0.11269340436705214,0.10708643744639865,0.1686130106275652,0.0016022846664837768,0.011746835529888125,0.002613040599205259,-1.6959822648665241,0.95,volatility_qlike,descriptive_only
gk_future_7,full,rf,raw_quantile,444,1440,1440,1440,1,0.8319444444444445,-0.11805555555555547,0.11805555555555547,0.13958333333333334,0.02847222222222222,0.13958333333333334,0.02847222222222222,0.1160576301412034,0.10637570138504676,0.17908819917503274,0.0017250500064477654,0.011356828729074467,0.0027521549729279614,-1.698886195487901,0.95,volatility_qlike,descriptive_only
gk_future_7,full,rf,raw_quantile,555,1440,1440,1440,1,0.8381944444444445,-0.11180555555555549,0.11180555555555549,0.13541666666666666,0.02638888888888889,0.13541666666666666,0.02638888888888889,0.11940760256697563,0.1110234647544302,0.18092385079193782,0.0016952466640336838,0.011110575777192731,0.002827849605764667,-1.7013468711882833,0.95,volatility_qlike,descriptive_only
gk_future_7,full,rf,raw_quantile,666,1440,1440,1440,1,0.8368055555555556,-0.11319444444444438,0.11319444444444438,0.13333333333333333,0.029861111111111113,0.13333333333333333,0.029861111111111113,0.09580670822118811,0.08935600114262165,0.1603988103847717,0.0016455627478842833,0.010528722501632795,0.0023644075117349155,-1.7083351851240378,0.95,volatility_qlike,descriptive_only
gk_future_7,full,rf,regime_cqr,111,1440,1440,1440,1,0.9451388888888889,-0.004861111111111094,0.004861111111111094,0.044444444444444446,0.010416666666666666,0.044444444444444446,0.010416666666666666,0.1488858826084796,0.13961119554964185,0.16531434487217447,0.0011313767895230697,0.011820583700979416,0.0030014818322811956,-1.6952811294141308,0.95,volatility_qlike,descriptive_only
gk_future_7,full,rf,regime_cqr,222,1440,1440,1440,1,0.9395833333333333,-0.01041666666666663,0.01041666666666663,0.04583333333333333,0.014583333333333334,0.04583333333333333,0.014583333333333334,0.14288284272478508,0.13276280558617803,0.1660371302238091,0.0012152390618017192,0.011887164163782035,0.0029356891937934127,-1.69437660573384,0.95,volatility_qlike,descriptive_only
gk_future_7,full,rf,regime_cqr,333,1440,1440,1440,1,0.9298611111111111,-0.020138888888888817,0.020138888888888817,0.05,0.02013888888888889,0.05,0.02013888888888889,0.13231726286152012,0.13058349961033938,0.15895670629401398,0.0011837089201524964,0.011746835529888125,0.002790208737197756,-1.6959822648665241,0.95,volatility_qlike,descriptive_only
gk_future_7,full,rf,regime_cqr,444,1440,1440,1440,1,0.9347222222222222,-0.015277777777777724,0.015277777777777724,0.05277777777777778,0.0125,0.05277777777777778,0.0125,0.1396746797605015,0.13282393564209521,0.1631638060840658,0.0011981503613450154,0.011356828729074467,0.0028809447907565356,-1.698886195487901,0.95,volatility_qlike,descriptive_only
gk_future_7,full,rf,regime_cqr,555,1440,1440,1440,1,0.9291666666666667,-0.02083333333333326,0.02083333333333326,0.05416666666666667,0.016666666666666666,0.05416666666666667,0.016666666666666666,0.14352946729207933,0.1331038440356916,0.16748425482327023,0.0011873202976777693,0.011110575777192731,0.0029997860729038908,-1.7013468711882833,0.95,volatility_qlike,descriptive_only
gk_future_7,full,rf,regime_cqr,666,1440,1440,1440,1,0.9222222222222223,-0.02777777777777768,0.02777777777777768,0.05763888888888889,0.02013888888888889,0.05763888888888889,0.02013888888888889,0.11850382597099975,0.117705344256887,0.15138582929751404,0.0012817846082677407,0.010528722501632795,0.0025028611241700144,-1.7083351851240378,0.95,volatility_qlike,descriptive_only
gk_future_7,full,rf,regime_sym_conformal,111,1440,1440,1440,1,0.8583333333333333,-0.09166666666666667,0.09166666666666667,0.10694444444444444,0.034722222222222224,0.10694444444444444,0.034722222222222224,0.10501624627351068,0.0940619389308653,0.20839648304913008,0.0028770275470024567,0.013660158656553397,0.0023328845292257014,-1.6855706061491296,0.95,volatility_qlike,descriptive_only
gk_future_7,full,rf,regime_sym_conformal,222,1440,1440,1440,1,0.8618055555555556,-0.08819444444444435,0.08819444444444435,0.10277777777777777,0.035416666666666666,0.10277777777777777,0.035416666666666666,0.10526248547030145,0.097673759620291,0.2106139611384425,0.002915922870373348,0.013604815450637589,0.0023494261580876185,-1.6854484304064288,0.95,volatility_qlike,descriptive_only
gk_future_7,full,rf,regime_sym_conformal,333,1440,1440,1440,1,0.8638888888888889,-0.08611111111111103,0.08611111111111103,0.09513888888888888,0.04097222222222222,0.09513888888888888,0.04097222222222222,0.10407215161002947,0.0935612189024547,0.1975664288445897,0.002671537550077554,0.01306007690192906,0.0022676231710370936,-1.689600795719284,0.95,volatility_qlike,descriptive_only
gk_future_7,full,rf,regime_sym_conformal,444,1440,1440,1440,1,0.8381944444444445,-0.11180555555555549,0.11180555555555549,0.11597222222222223,0.04583333333333333,0.11597222222222223,0.04583333333333333,0.10233819593854017,0.0943222324181979,0.20752393817482495,0.002883730679121498,0.013024908481228697,0.0023043677752490298,-1.6898709595525623,0.95,volatility_qlike,descriptive_only
gk_future_7,full,rf,regime_sym_conformal,555,1440,1440,1440,1,0.8451388888888889,-0.10486111111111107,0.10486111111111107,0.10902777777777778,0.04583333333333333,0.10902777777777778,0.04583333333333333,0.10266295660872975,0.0931036312557499,0.20163672526562898,0.0026712087259265216,0.01296090490400928,0.0023697094057141092,-1.6910491524483393,0.95,volatility_qlike,descriptive_only
gk_future_7,full,rf,regime_sym_conformal,666,1440,1440,1440,1,0.8486111111111111,-0.10138888888888886,0.10138888888888886,0.09513888888888888,0.05625,0.09513888888888888,0.05625,0.09602492915578449,0.0922077816279359,0.18257083624020373,0.002205006868248954,0.011542036134701662,0.0023592640377560438,-1.7034389728349904,0.95,volatility_qlike,descriptive_only
gk_future_7,full,rf,sym_conformal,111,1440,1440,1440,1,0.8708333333333333,-0.07916666666666661,0.07916666666666661,0.10347222222222222,0.025694444444444443,0.10347222222222222,0.025694444444444443,0.10821552309258074,0.0984432286696126,0.2009067800913946,0.0028040798172963006,0.013660158656553397,0.0022185896849884696,-1.6855706061491296,0.95,volatility_qlike,descriptive_only
gk_future_7,full,rf,sym_conformal,222,1440,1440,1440,1,0.8777777777777778,-0.07222222222222219,0.07222222222222219,0.09652777777777778,0.025694444444444443,0.09652777777777778,0.025694444444444443,0.10968591704458801,0.09929286629644099,0.20001840899102832,0.0027699334382812243,0.013604815450637589,0.0022305267864943887,-1.6854484304064288,0.95,volatility_qlike,descriptive_only
gk_future_7,full,rf,sym_conformal,333,1440,1440,1440,1,0.8743055555555556,-0.0756944444444444,0.0756944444444444,0.09375,0.03194444444444444,0.09375,0.03194444444444444,0.10766160127031464,0.0994899764616612,0.18967844311177934,0.0025719687942319194,0.01306007690192906,0.002169992283562469,-1.689600795719284,0.95,volatility_qlike,descriptive_only
gk_future_7,full,rf,sym_conformal,444,1440,1440,1440,1,0.8527777777777777,-0.09722222222222221,0.09722222222222221,0.10972222222222222,0.0375,0.10972222222222222,0.0375,0.10538594415304592,0.09449165038709881,0.2029369843992255,0.0028510619691100815,0.013024908481228697,0.002222362640870463,-1.6898709595525623,0.95,volatility_qlike,descriptive_only
gk_future_7,full,rf,sym_conformal,555,1440,1440,1440,1,0.8583333333333333,-0.09166666666666667,0.09166666666666667,0.10347222222222222,0.03819444444444445,0.10347222222222222,0.03819444444444445,0.10576653317181091,0.09417153629436795,0.19795671466981737,0.0026885529692704823,0.01296090490400928,0.0022603648974748574,-1.6910491524483393,0.95,volatility_qlike,descriptive_only
gk_future_7,full,rf,sym_conformal,666,1440,1440,1440,1,0.8680555555555556,-0.08194444444444438,0.08194444444444438,0.0875,0.044444444444444446,0.0875,0.044444444444444446,0.09962932266012323,0.09300288261045565,0.1731663180050509,0.0021079628564040337,0.011542036134701662,0.0022211950937221416,-1.7034389728349904,0.95,volatility_qlike,descriptive_only
gk_future_7,full,ridge,cqr,111,1440,1440,1440,1,0.98125,0.03125,0.03125,0.01875,0.0,0.01875,0.0,0.16756639284094574,0.16854187857905525,0.1716269737950728,0.0011114033715093794,0.008077362177181328,0.0031792709733673443,-1.725192164699966,0.95,volatility_qlike,descriptive_only
gk_future_7,full,ridge,cqr,222,1440,1440,1440,1,0.98125,0.03125,0.03125,0.01875,0.0,0.01875,0.0,0.16756639284094574,0.16854187857905525,0.1716269737950728,0.0011114033715093794,0.008078016124071717,0.0031792709733673443,-1.7251904274728238,0.95,volatility_qlike,descriptive_only
gk_future_7,full,ridge,cqr,333,1440,1440,1440,1,0.98125,0.03125,0.03125,0.01875,0.0,0.01875,0.0,0.16756639284094574,0.16854187857905525,0.1716269737950728,0.0011114033715093794,0.00806325020963263,0.0031792709733673443,-1.7253378479047083,0.95,volatility_qlike,descriptive_only
gk_future_7,full,ridge,cqr,444,1440,1440,1440,1,0.98125,0.03125,0.03125,0.01875,0.0,0.01875,0.0,0.16756639284094574,0.16854187857905525,0.1716269737950728,0.0011114033715093794,0.00804373730725884,0.0031792709733673443,-1.7252685621019936,0.95,volatility_qlike,descriptive_only
gk_future_7,full,ridge,cqr,555,1440,1440,1440,1,0.98125,0.03125,0.03125,0.01875,0.0,0.01875,0.0,0.16756639284094574,0.16854187857905525,0.1716269737950728,0.0011114033715093794,0.008079854645681488,0.0031792709733673443,-1.7252442353147517,0.95,volatility_qlike,descriptive_only
gk_future_7,full,ridge,cqr,666,1440,1440,1440,1,0.98125,0.03125,0.03125,0.01875,0.0,0.01875,0.0,0.16756639284094574,0.16854187857905525,0.1716269737950728,0.0011114033715093794,0.008081672406320982,0.0031792709733673443,-1.7252056239508824,0.95,volatility_qlike,descriptive_only
gk_future_7,full,ridge,raw_quantile,111,1440,1440,1440,1,0.98125,0.03125,0.03125,0.01875,0.0,0.01875,0.0,0.1666079249853372,0.16654538051523077,0.17080002777354059,0.0011027105691661806,0.008077362177181328,0.0031672901251722373,-1.725192164699966,0.95,volatility_qlike,descriptive_only
gk_future_7,full,ridge,raw_quantile,222,1440,1440,1440,1,0.98125,0.03125,0.03125,0.01875,0.0,0.01875,0.0,0.1666079249853372,0.16654538051523077,0.17080002777354059,0.0011027105691661806,0.008078016124071717,0.0031672901251722373,-1.7251904274728238,0.95,volatility_qlike,descriptive_only
gk_future_7,full,ridge,raw_quantile,333,1440,1440,1440,1,0.98125,0.03125,0.03125,0.01875,0.0,0.01875,0.0,0.1666079249853372,0.16654538051523077,0.17080002777354059,0.0011027105691661806,0.00806325020963263,0.0031672901251722373,-1.7253378479047083,0.95,volatility_qlike,descriptive_only
gk_future_7,full,ridge,raw_quantile,444,1440,1440,1440,1,0.98125,0.03125,0.03125,0.01875,0.0,0.01875,0.0,0.1666079249853372,0.16654538051523077,0.17080002777354059,0.0011027105691661806,0.00804373730725884,0.0031672901251722373,-1.7252685621019936,0.95,volatility_qlike,descriptive_only
gk_future_7,full,ridge,raw_quantile,555,1440,1440,1440,1,0.98125,0.03125,0.03125,0.01875,0.0,0.01875,0.0,0.1666079249853372,0.16654538051523077,0.17080002777354059,0.0011027105691661806,0.008079854645681488,0.0031672901251722373,-1.7252442353147517,0.95,volatility_qlike,descriptive_only
gk_future_7,full,ridge,raw_quantile,666,1440,1440,1440,1,0.98125,0.03125,0.03125,0.01875,0.0,0.01875,0.0,0.1666079249853372,0.16654538051523077,0.17080002777354059,0.0011027105691661806,0.008081672406320982,0.0031672901251722373,-1.7252056239508824,0.95,volatility_qlike,descriptive_only
gk_future_7,full,ridge,regime_cqr,111,1440,1440,1440,1,0.98125,0.03125,0.03125,0.01875,0.0,0.01875,0.0,0.16690867406193008,0.16854187857905525,0.17096925501605714,0.0011031818867716838,0.008077362177181328,0.003171049488629649,-1.725192164699966,0.95,volatility_qlike,descriptive_only
gk_future_7,full,ridge,regime_cqr,222,1440,1440,1440,1,0.98125,0.03125,0.03125,0.01875,0.0,0.01875,0.0,0.16690867406193008,0.16854187857905525,0.17096925501605714,0.0011031818867716838,0.008078016124071717,0.003171049488629649,-1.7251904274728238,0.95,volatility_qlike,descriptive_only
gk_future_7,full,ridge,regime_cqr,333,1440,1440,1440,1,0.98125,0.03125,0.03125,0.01875,0.0,0.01875,0.0,0.16690867406193008,0.16854187857905525,0.17096925501605714,0.0011031818867716838,0.00806325020963263,0.003171049488629649,-1.7253378479047083,0.95,volatility_qlike,descriptive_only
gk_future_7,full,ridge,regime_cqr,444,1440,1440,1440,1,0.98125,0.03125,0.03125,0.01875,0.0,0.01875,0.0,0.16690867406193008,0.16854187857905525,0.17096925501605714,0.0011031818867716838,0.00804373730725884,0.003171049488629649,-1.7252685621019936,0.95,volatility_qlike,descriptive_only
gk_future_7,full,ridge,regime_cqr,555,1440,1440,1440,1,0.98125,0.03125,0.03125,0.01875,0.0,0.01875,0.0,0.16690867406193008,0.16854187857905525,0.17096925501605714,0.0011031818867716838,0.008079854645681488,0.003171049488629649,-1.7252442353147517,0.95,volatility_qlike,descriptive_only
gk_future_7,full,ridge,regime_cqr,666,1440,1440,1440,1,0.98125,0.03125,0.03125,0.01875,0.0,0.01875,0.0,0.16690867406193008,0.16854187857905525,0.17096925501605714,0.0011031818867716838,0.008081672406320982,0.003171049488629649,-1.7252056239508824,0.95,volatility_qlike,descriptive_only
gk_future_7,full,ridge,regime_sym_conformal,111,1440,1440,1440,1,0.9034722222222222,-0.046527777777777724,0.046527777777777724,0.04375,0.05277777777777778,0.04375,0.05277777777777778,0.09822926757272463,0.0872232124630997,0.17339610663297145,0.0016336099025714527,0.011307525248450521,0.002701292763252737,-1.6422474426418565,0.95,volatility_qlike,descriptive_only
gk_future_7,full,ridge,regime_sym_conformal,222,1440,1440,1440,1,0.9034722222222222,-0.046527777777777724,0.046527777777777724,0.04375,0.05277777777777778,0.04375,0.05277777777777778,0.09822598058005164,0.0872192796064065,0.17338249883667034,0.001633453273485507,0.011306430420116273,0.002701109197431156,-1.6423730414717472,0.95,volatility_qlike,descriptive_only
gk_future_7,full,ridge,regime_sym_conformal,333,1440,1440,1440,1,0.9041666666666667,-0.04583333333333328,0.04583333333333328,0.043055555555555555,0.05277777777777778,0.043055555555555555,0.05277777777777778,0.09826422148902939,0.0872651437308246,0.17354214775425802,0.0016353003374469956,0.011319264742715576,0.0027032533564093583,-1.6408911500470134,0.95,volatility_qlike,descriptive_only
gk_future_7,full,ridge,regime_sym_conformal,444,1440,1440,1440,1,0.9041666666666667,-0.04583333333333328,0.04583333333333328,0.04375,0.052083333333333336,0.04375,0.052083333333333336,0.09842064648928901,0.0874582975839048,0.17424175861334612,0.0016435219356228147,0.011376559230769807,0.0027125220297107423,-1.6342168667897665,0.95,volatility_qlike,descriptive_only
gk_future_7,full,ridge,regime_sym_conformal,555,1440,1440,1440,1,0.9034722222222222,-0.046527777777777724,0.046527777777777724,0.04375,0.05277777777777778,0.04375,0.05277777777777778,0.09820901026643067,0.0871974883408321,0.17330841852072645,0.0016326014932002938,0.011300386562654894,0.002700108969817772,-1.643064025157299,0.95,volatility_qlike,descriptive_only
gk_future_7,full,ridge,regime_sym_conformal,666,1440,1440,1440,1,0.9034722222222222,-0.046527777777777724,0.046527777777777724,0.04375,0.05277777777777778,0.04375,0.05277777777777778,0.09820368683820983,0.0871884226221079,0.17327937379531452,0.001632269111488902,0.011297914900053153,0.0026997152333938664,-1.643349046326828,0.95,volatility_qlike,descriptive_only
gk_future_7,full,ridge,sym_conformal,111,1440,1440,1440,1,0.9041666666666667,-0.04583333333333328,0.04583333333333328,0.041666666666666664,0.05416666666666667,0.041666666666666664,0.05416666666666667,0.09900808424909055,0.0851761333315573,0.17747843845951686,0.0015587404810378414,0.011307525248450521,0.0028782204804499853,-1.6422474426418565,0.95,volatility_qlike,descriptive_only
gk_future_7,full,ridge,sym_conformal,222,1440,1440,1440,1,0.9041666666666667,-0.04583333333333328,0.04583333333333328,0.041666666666666664,0.05416666666666667,0.041666666666666664,0.05416666666666667,0.09900626135271669,0.0851914062404015,0.17746198768824253,0.0015587219843824637,0.011306430420116273,0.002877827707823504,-1.6423730414717472,0.95,volatility_qlike,descriptive_only
gk_future_7,full,ridge,sym_conformal,333,1440,1440,1440,1,0.9055555555555556,-0.0444444444444444,0.0444444444444444,0.04097222222222222,0.05347222222222222,0.04097222222222222,0.05347222222222222,0.09902727997986892,0.0850119979915905,0.17765513185504778,0.001558947887677734,0.011319264742715576,0.002882430408698363,-1.6408911500470134,0.95,volatility_qlike,descriptive_only
gk_future_7,full,ridge,sym_conformal,444,1440,1440,1440,1,0.9055555555555556,-0.0444444444444444,0.0444444444444444,0.04097222222222222,0.05347222222222222,0.04097222222222222,0.05347222222222222,0.09912651703724173,0.0842248523038661,0.17842592680402203,0.0015605729076857398,0.011376559230769807,0.002900075262414715,-1.6342168667897665,0.95,volatility_qlike,descriptive_only
gk_future_7,full,ridge,sym_conformal,555,1440,1440,1440,1,0.9041666666666667,-0.04583333333333328,0.04583333333333328,0.041666666666666664,0.05416666666666667,0.041666666666666664,0.05416666666666667,0.09899736033569394,0.0852756539280737,0.17737224003092628,0.0015586325970300154,0.011300386562654894,0.002875673403743046,-1.643064025157299,0.95,volatility_qlike,descriptive_only
gk_future_7,full,ridge,sym_conformal,666,1440,1440,1440,1,0.9041666666666667,-0.04583333333333328,0.04583333333333328,0.041666666666666664,0.05416666666666667,0.041666666666666664,0.05416666666666667,0.09899537253981804,0.0853105155471753,0.17733671955521085,0.0015586159122181642,0.011297914900053153,0.002874802076662011,-1.643349046326828,0.95,volatility_qlike,descriptive_only
gk_future_7,price_onchain,gbr,cqr,111,1440,1440,1440,1,0.9673611111111111,0.01736111111111116,0.01736111111111116,0.029166666666666667,0.003472222222222222,0.029166666666666667,0.003472222222222222,0.1408302560096965,0.13570936636149644,0.14505504620692714,0.0009734010886412335,0.009061075364612519,0.0026529750665318505,-1.71780427934592,0.95,volatility_qlike,descriptive_only
gk_future_7,price_onchain,gbr,cqr,222,1440,1440,1440,1,0.9493055555555555,-0.000694444444444442,0.000694444444444442,0.034027777777777775,0.016666666666666666,0.034027777777777775,0.016666666666666666,0.1227067554428373,0.11607862089212931,0.13652863566449294,0.0009182715905099126,0.00937674910092878,0.0024949443011023148,-1.7124760254959337,0.95,volatility_qlike,descriptive_only
gk_future_7,price_onchain,gbr,cqr,333,1440,1440,1440,1,0.9777777777777777,0.02777777777777779,0.02777777777777779,0.022222222222222223,0.0,0.022222222222222223,0.0,0.15188930487529598,0.14900496178568184,0.15554364661322057,0.0010149329912861648,0.009128069084737206,0.0028736581740442554,-1.7158939851293735,0.95,volatility_qlike,descriptive_only
gk_future_7,price_onchain,gbr,cqr,444,1440,1440,1440,1,0.9777777777777777,0.02777777777777779,0.02777777777777779,0.022222222222222223,0.0,0.022222222222222223,0.0,0.14975776879987346,0.1471355259498466,0.1533467133628323,0.0010102103833774295,0.009135850272296868,0.0028234574506932823,-1.715976851275818,0.95,volatility_qlike,descriptive_only
gk_future_7,price_onchain,gbr,cqr,555,1440,1440,1440,1,0.9798611111111111,0.029861111111111116,0.029861111111111116,0.019444444444444445,0.0006944444444444445,0.019444444444444445,0.0006944444444444445,0.14956628742078118,0.1496032782333927,0.15399215864499943,0.0010223809197448452,0.009127212710540957,0.002827423046380043,-1.7155836955388442,0.95,volatility_qlike,descriptive_only
gk_future_7,price_onchain,gbr,cqr,666,1440,1440,1440,1,0.9798611111111111,0.029861111111111116,0.029861111111111116,0.019444444444444445,0.0006944444444444445,0.019444444444444445,0.0006944444444444445,0.15127703095929207,0.1510144289256538,0.1551066345555532,0.0010192339484382867,0.009175320201184604,0.0028584319154504488,-1.715848422815672,0.95,volatility_qlike,descriptive_only
gk_future_7,price_onchain,gbr,raw_quantile,111,1440,1440,1440,1,0.9666666666666667,0.01666666666666672,0.01666666666666672,0.029861111111111113,0.003472222222222222,0.029861111111111113,0.003472222222222222,0.13937800122745317,0.13402169677477635,0.14439391571312626,0.000975026011074254,0.009061075364612519,0.0026348218817538087,-1.71780427934592,0.95,volatility_qlike,descriptive_only
gk_future_7,price_onchain,gbr,raw_quantile,222,1440,1440,1440,1,0.9416666666666667,-0.008333333333333304,0.008333333333333304,0.041666666666666664,0.016666666666666666,0.041666666666666664,0.016666666666666666,0.11628657465672897,0.11105005931733035,0.1330249622048975,0.0008860527837770357,0.00937674910092878,0.002439571271345307,-1.7124760254959337,0.95,volatility_qlike,descriptive_only
gk_future_7,price_onchain,gbr,raw_quantile,333,1440,1440,1440,1,0.9770833333333333,0.027083333333333348,0.027083333333333348,0.022916666666666665,0.0,0.022916666666666665,0.0,0.15098729332574148,0.14742608727779472,0.15522781191849247,0.0010183122682873936,0.009128069084737206,0.0028623830296748243,-1.7158939851293735,0.95,volatility_qlike,descriptive_only
gk_future_7,price_onchain,gbr,raw_quantile,444,1440,1440,1440,1,0.9777777777777777,0.02777777777777779,0.02777777777777779,0.022222222222222223,0.0,0.022222222222222223,0.0,0.1489412723055494,0.1461573662668618,0.1528888805033287,0.0010089707680688907,0.009135850272296868,0.0028132512445142323,-1.715976851275818,0.95,volatility_qlike,descriptive_only
gk_future_7,price_onchain,gbr,raw_quantile,555,1440,1440,1440,1,0.9798611111111111,0.029861111111111116,0.029861111111111116,0.019444444444444445,0.0006944444444444445,0.019444444444444445,0.0006944444444444445,0.14883088741768885,0.14879518600882105,0.15329789197085922,0.0010142167529299936,0.009127212710540957,0.002818230546341389,-1.7155836955388442,0.95,volatility_qlike,descriptive_only
gk_future_7,price_onchain,gbr,raw_quantile,666,1440,1440,1440,1,0.9798611111111111,0.029861111111111116,0.029861111111111116,0.019444444444444445,0.0006944444444444445,0.019444444444444445,0.0006944444444444445,0.15058620709144377,0.1509618742041236,0.1544482440661588,0.0010114094845515308,0.009175320201184604,0.0028497966171023453,-1.715848422815672,0.95,volatility_qlike,descriptive_only
gk_future_7,price_onchain,gbr,regime_cqr,111,1440,1440,1440,1,0.9673611111111111,0.01736111111111116,0.01736111111111116,0.029166666666666667,0.003472222222222222,0.029166666666666667,0.003472222222222222,0.14043637408537069,0.1352143938260202,0.1446611642826013,0.0009684775645871612,0.009061075364612519,0.0026480515424777773,-1.71780427934592,0.95,volatility_qlike,descriptive_only
gk_future_7,price_onchain,gbr,regime_cqr,222,1440,1440,1440,1,0.9486111111111111,-0.001388888888888884,0.001388888888888884,0.034722222222222224,0.016666666666666666,0.034722222222222224,0.016666666666666666,0.12183481300427748,0.1152369765051426,0.13568879704565195,0.0009087667873832085,0.00937674910092878,0.0024834531387579943,-1.7124760254959337,0.95,volatility_qlike,descriptive_only
gk_future_7,price_onchain,gbr,regime_cqr,333,1440,1440,1440,1,0.9777777777777777,0.02777777777777779,0.02777777777777779,0.022222222222222223,0.0,0.022222222222222223,0.0,0.15135894206626746,0.14900496178568184,0.15501328380419205,0.0010083034561733082,0.009128069084737206,0.0028670286389313997,-1.7158939851293735,0.95,volatility_qlike,descriptive_only
gk_future_7,price_onchain,gbr,regime_cqr,444,1440,1440,1440,1,0.9777777777777777,0.02777777777777779,0.02777777777777779,0.022222222222222223,0.0,0.022222222222222223,0.0,0.1492525277076953,0.1466343554673908,0.15284147227065412,0.0010038948697252026,0.009135850272296868,0.0028171419370410554,-1.715976851275818,0.95,volatility_qlike,descriptive_only
gk_future_7,price_onchain,gbr,regime_cqr,555,1440,1440,1440,1,0.9798611111111111,0.029861111111111116,0.029861111111111116,0.019444444444444445,0.0006944444444444445,0.019444444444444445,0.0006944444444444445,0.14904255173982814,0.1493914551657451,0.1534684229640464,0.001015834223732932,0.009127212710540957,0.0028208763503681294,-1.7155836955388442,0.95,volatility_qlike,descriptive_only
gk_future_7,price_onchain,gbr,regime_cqr,666,1440,1440,1440,1,0.9798611111111111,0.029861111111111116,0.029861111111111116,0.019444444444444445,0.0006944444444444445,0.019444444444444445,0.0006944444444444445,0.15076673208816443,0.1509618742041236,0.15459633568442557,0.0010128552125491916,0.009175320201184604,0.0028520531795613534,-1.715848422815672,0.95,volatility_qlike,descriptive_only
gk_future_7,price_onchain,gbr,regime_sym_conformal,111,1440,1440,1440,1,0.8368055555555556,-0.11319444444444438,0.11319444444444438,0.09791666666666667,0.06527777777777778,0.09791666666666667,0.06527777777777778,0.09516678608886213,0.0902984738272348,0.18298469333614978,0.00205809260474606,0.010653473471761448,0.002516524728657591,-1.7087690398758917,0.95,volatility_qlike,descriptive_only
gk_future_7,price_onchain,gbr,regime_sym_conformal,222,1440,1440,1440,1,0.8354166666666667,-0.11458333333333326,0.11458333333333326,0.09583333333333334,0.06875,0.09583333333333334,0.06875,0.09910834258660535,0.0934781112896803,0.20040448412671696,0.0024064265257824043,0.010712930477238505,0.0026036855773854234,-1.7062754717743498,0.95,volatility_qlike,descriptive_only
gk_future_7,price_onchain,gbr,regime_sym_conformal,333,1440,1440,1440,1,0.8513888888888889,-0.0986111111111111,0.0986111111111111,0.0875,0.06111111111111111,0.0875,0.06111111111111111,0.09370344779317874,0.087023755516047,0.18097040464915695,0.0019505583362913867,0.011042460684413327,0.0025737017799374417,-1.7053983240992412,0.95,volatility_qlike,descriptive_only
gk_future_7,price_onchain,gbr,regime_sym_conformal,444,1440,1440,1440,1,0.85,-0.09999999999999998,0.09999999999999998,0.09027777777777778,0.059722222222222225,0.09027777777777778,0.059722222222222225,0.09397244484803799,0.0872359213581112,0.17515567533535,0.0018577581077757017,0.010904178282958631,0.002521133775607954,-1.7066318348453895,0.95,volatility_qlike,descriptive_only
gk_future_7,price_onchain,gbr,regime_sym_conformal,555,1440,1440,1440,1,0.8479166666666667,-0.1020833333333333,0.1020833333333333,0.08958333333333333,0.0625,0.08958333333333333,0.0625,0.09230843134098674,0.0876356803516726,0.16603748506523985,0.0016028800559952532,0.010825694472826025,0.0025480570706356473,-1.7073505776617595,0.95,volatility_qlike,descriptive_only
gk_future_7,price_onchain,gbr,regime_sym_conformal,666,1440,1440,1440,1,0.8576388888888888,-0.09236111111111112,0.09236111111111112,0.08541666666666667,0.05694444444444444,0.08541666666666667,0.05694444444444444,0.09297498894324203,0.0858095670471219,0.16832360083380524,0.0016838052843956423,0.010750390458763106,0.0025242847364493953,-1.7082348375710112,0.95,volatility_qlike,descriptive_only
gk_future_7,price_onchain,gbr,sym_conformal,111,1440,1440,1440,1,0.8541666666666666,-0.09583333333333333,0.09583333333333333,0.08611111111111111,0.059722222222222225,0.08611111111111111,0.059722222222222225,0.09708162641612517,0.08970034950334504,0.18037068193304476,0.0020287169855748325,0.010653473471761448,0.002480550062751192,-1.7087690398758917,0.95,volatility_qlike,descriptive_only
gk_future_7,price_onchain,gbr,sym_conformal,222,1440,1440,1440,1,0.8444444444444444,-0.10555555555555551,0.10555555555555551,0.09027777777777778,0.06527777777777778,0.09027777777777778,0.06527777777777778,0.0988795262054544,0.08921964678161734,0.19750038116267118,0.0023480235235416496,0.010712930477238505,0.0025894860055250338,-1.7062754717743498,0.95,volatility_qlike,descriptive_only
gk_future_7,price_onchain,gbr,sym_conformal,333,1440,1440,1440,1,0.8611111111111112,-0.0888888888888888,0.0888888888888888,0.08055555555555556,0.058333333333333334,0.08055555555555556,0.058333333333333334,0.09587888956433344,0.0882926335807101,0.1792247499909081,0.0018973769713036613,0.011042460684413327,0.0025832417784689447,-1.7053983240992412,0.95,volatility_qlike,descriptive_only
gk_future_7,price_onchain,gbr,sym_conformal,444,1440,1440,1440,1,0.8631944444444445,-0.08680555555555547,0.08680555555555547,0.08055555555555556,0.05625,0.08055555555555556,0.05625,0.09632562927861316,0.08969181266118495,0.17383863230647845,0.001809649414393835,0.010904178282958631,0.002536316393268031,-1.7066318348453895,0.95,volatility_qlike,descriptive_only
gk_future_7,price_onchain,gbr,sym_conformal,555,1440,1440,1440,1,0.8611111111111112,-0.0888888888888888,0.0888888888888888,0.0798611111111111,0.059027777777777776,0.0798611111111111,0.059027777777777776,0.09476111505702102,0.08793245759343135,0.16379028703620907,0.0015446060150401779,0.010825694472826025,0.0025501511608649534,-1.7073505776617595,0.95,volatility_qlike,descriptive_only
gk_future_7,price_onchain,gbr,sym_conformal,666,1440,1440,1440,1,0.8701388888888889,-0.07986111111111105,0.07986111111111105,0.07569444444444444,0.05416666666666667,0.07569444444444444,0.05416666666666667,0.09520582144565239,0.08846070157462249,0.1667857013441462,0.0016381176058073213,0.010750390458763106,0.0025315249277962377,-1.7082348375710112,0.95,volatility_qlike,descriptive_only
gk_future_7,price_onchain,gru,cqr,111,1440,1440,1440,1,0.9534722222222223,0.003472222222222321,0.003472222222222321,0.025,0.021527777777777778,0.025,0.021527777777777778,0.13255087838797425,0.1282792268320918,0.15456686767793912,0.0012875210991804599,0.009870587600137402,0.002576650592767923,-1.7060962529593136,0.95,volatility_qlike,descriptive_only
gk_future_7,price_onchain,gru,cqr,222,1440,1440,1440,1,0.95,0.0,0.0,0.014583333333333334,0.035416666666666666,0.014583333333333334,0.035416666666666666,0.1364204749718613,0.1392221041023731,0.16865459555714635,0.0012835660840950685,0.009892847685625067,0.002932798804833493,-1.6939834174211454,0.95,volatility_qlike,descriptive_only
gk_future_7,price_onchain,gru,cqr,333,1440,1440,1440,1,0.9284722222222223,-0.0215277777777777,0.0215277777777777,0.04097222222222222,0.030555555555555555,0.04097222222222222,0.030555555555555555,0.13329071203739273,0.1278387302919905,0.16854117192545076,0.0016877511305191575,0.010407529583931803,0.0025257781676170177,-1.6644108082099247,0.95,volatility_qlike,descriptive_only
gk_future_7,price_onchain,gru,cqr,444,1440,1440,1440,1,0.9472222222222222,-0.002777777777777768,0.002777777777777768,0.021527777777777778,0.03125,0.021527777777777778,0.03125,0.14760579495719708,0.13795556210398818,0.1732556185001479,0.0014230260479332771,0.009546617254251294,0.0029083644145703248,5107.656977349484,0.95,volatility_qlike,descriptive_only
gk_future_7,price_onchain,gru,cqr,555,1440,1440,1440,1,0.9256944444444445,-0.02430555555555547,0.02430555555555547,0.034722222222222224,0.03958333333333333,0.034722222222222224,0.03958333333333333,0.12444679922399825,0.12037938833236689,0.17030368751568076,0.00143870986944458,0.009307022376989833,0.0028188823184473427,25245.11777476383,0.95,volatility_qlike,descriptive_only
gk_future_7,price_onchain,gru,cqr,666,1440,1440,1440,1,0.9715277777777778,0.021527777777777812,0.021527777777777812,0.008333333333333333,0.02013888888888889,0.008333333333333333,0.02013888888888889,0.1547514824304456,0.15333420752855909,0.1664714680380851,0.0013590821944606513,0.009776051815260738,0.00280270450649138,-1.6946122707357785,0.95,volatility_qlike,descriptive_only
gk_future_7,price_onchain,gru,raw_quantile,111,1440,1440,1440,1,0.9048611111111111,-0.04513888888888884,0.04513888888888884,0.058333333333333334,0.03680555555555556,0.058333333333333334,0.03680555555555556,0.12048653664403694,0.11634897440671921,0.16579012529081108,0.0013505387353677692,0.009870587600137402,0.002794214396902412,-1.7060962529593136,0.95,volatility_qlike,descriptive_only
gk_future_7,price_onchain,gru,raw_quantile,222,1440,1440,1440,1,0.9152777777777777,-0.03472222222222221,0.03472222222222221,0.034722222222222224,0.05,0.034722222222222224,0.05,0.1220797902399984,0.1209932770580053,0.1789803316101735,0.0012639112421354833,0.009892847685625067,0.0032105970481187567,-1.6939834174211454,0.95,volatility_qlike,descriptive_only
gk_future_7,price_onchain,gru,raw_quantile,333,1440,1440,1440,1,0.8555555555555555,-0.09444444444444444,0.09444444444444444,0.08888888888888889,0.05555555555555555,0.08888888888888889,0.05555555555555555,0.11206732992092532,0.10246577300131315,0.19405782688224762,0.002046012370284393,0.010407529583931803,0.0028054333017717035,-1.6644108082099247,0.95,volatility_qlike,descriptive_only
gk_future_7,price_onchain,gru,raw_quantile,444,1440,1440,1440,1,0.8916666666666667,-0.05833333333333324,0.05833333333333324,0.05694444444444444,0.05138888888888889,0.05694444444444444,0.05138888888888889,0.12666484903667066,0.11800549738109109,0.18525147986405763,0.0015628878435373732,0.009546617254251294,0.003068399153063972,5107.656977349484,0.95,volatility_qlike,descriptive_only
gk_future_7,price_onchain,gru,raw_quantile,555,1440,1440,1440,1,0.8701388888888889,-0.07986111111111105,0.07986111111111105,0.05763888888888889,0.07222222222222222,0.05763888888888889,0.07222222222222222,0.11225423068648925,0.10884221363812685,0.1920236628705234,0.0015359414743282612,0.009307022376989833,0.003264650097434729,25245.11777476383,0.95,volatility_qlike,descriptive_only
gk_future_7,price_onchain,gru,raw_quantile,666,1440,1440,1440,1,0.9409722222222222,-0.009027777777777746,0.009027777777777746,0.03263888888888889,0.02638888888888889,0.03263888888888889,0.02638888888888889,0.147222574641152,0.1442462317645549,0.17112635850619948,0.0014945839633830542,0.009776051815260738,0.0027835749992718367,-1.6946122707357785,0.95,volatility_qlike,descriptive_only
gk_future_7,price_onchain,gru,regime_cqr,111,1440,1440,1440,1,0.9444444444444444,-0.005555555555555536,0.005555555555555536,0.03263888888888889,0.022916666666666665,0.03263888888888889,0.022916666666666665,0.13127211872518388,0.1266844379838212,0.15429622477243893,0.001290772144670983,0.009870587600137402,0.002566633474639896,-1.7060962529593136,0.95,volatility_qlike,descriptive_only
gk_future_7,price_onchain,gru,regime_cqr,222,1440,1440,1440,1,0.95,0.0,0.0,0.014583333333333334,0.035416666666666666,0.014583333333333334,0.035416666666666666,0.13512379607331743,0.13852298445999617,0.17254259927109034,0.0012780766974945894,0.009892847685625067,0.003035488284282572,-1.6939834174211454,0.95,volatility_qlike,descriptive_only
gk_future_7,price_onchain,gru,regime_cqr,333,1440,1440,1440,1,0.9291666666666667,-0.02083333333333326,0.02083333333333326,0.03958333333333333,0.03125,0.03958333333333333,0.03125,0.1329901665821129,0.12724432457388246,0.16970334392759193,0.0016973849130435777,0.010407529583931803,0.0025451986851461254,-1.6644108082099247,0.95,volatility_qlike,descriptive_only
gk_future_7,price_onchain,gru,regime_cqr,444,1440,1440,1440,1,0.9472222222222222,-0.002777777777777768,0.002777777777777768,0.022222222222222223,0.030555555555555555,0.022222222222222223,0.030555555555555555,0.1459401916326361,0.13630706154227407,0.17105987609694412,0.0014093928801718475,0.009546617254251294,0.0028671040222516602,5107.656977349484,0.95,volatility_qlike,descriptive_only
gk_future_7,price_onchain,gru,regime_cqr,555,1440,1440,1440,1,0.9229166666666667,-0.027083333333333237,0.027083333333333237,0.034722222222222224,0.04236111111111111,0.034722222222222224,0.04236111111111111,0.1243921530750062,0.11901685968041414,0.17090209216705993,0.0014368182261317,0.009307022376989833,0.002835734078044703,25245.11777476383,0.95,volatility_qlike,descriptive_only
gk_future_7,price_onchain,gru,regime_cqr,666,1440,1440,1440,1,0.9715277777777778,0.021527777777777812,0.021527777777777812,0.008333333333333333,0.02013888888888889,0.008333333333333333,0.02013888888888889,0.15511448960003577,0.15333420752855909,0.16702286200518182,0.001361359390799249,0.009776051815260738,0.002814212159330201,-1.6946122707357785,0.95,volatility_qlike,descriptive_only
gk_future_7,price_onchain,gru,regime_sym_conformal,111,1440,1440,1440,1,0.9027777777777778,-0.047222222222222165,0.047222222222222165,0.03680555555555556,0.06041666666666667,0.03680555555555556,0.06041666666666667,0.10658636370067333,0.1017666948476158,0.16762404437749437,0.0016527464397396558,0.009835031515258328,0.0025378546696976072,-1.7064945630940855,0.95,volatility_qlike,descriptive_only
gk_future_7,price_onchain,gru,regime_sym_conformal,222,1440,1440,1440,1,0.8743055555555556,-0.0756944444444444,0.0756944444444444,0.05416666666666667,0.07152777777777777,0.05416666666666667,0.07152777777777777,0.10042939158725785,0.0911146268125276,0.1882222902639439,0.002069241464553024,0.010444346592462501,0.002636315792045478,-1.69075402016521,0.95,volatility_qlike,descriptive_only
gk_future_7,price_onchain,gru,regime_sym_conformal,333,1440,1440,1440,1,0.8840277777777777,-0.06597222222222221,0.06597222222222221,0.05138888888888889,0.06458333333333334,0.05138888888888889,0.06458333333333334,0.10940602017619708,0.0989999607936683,0.19788633167502725,0.001917802614037809,0.013320142332983136,0.003029355677837778,19865.633598496748,0.95,volatility_qlike,descriptive_only
gk_future_7,price_onchain,gru,regime_sym_conformal,444,1440,1440,1440,1,0.9138888888888889,-0.036111111111111094,0.036111111111111094,0.041666666666666664,0.044444444444444446,0.041666666666666664,0.044444444444444446,0.11511317303458153,0.1056260331872597,0.16404340509914125,0.0017229620050136158,0.013422566085067894,0.0023781231224648193,112281.05467997598,0.95,volatility_qlike,descriptive_only
gk_future_7,price_onchain,gru,regime_sym_conformal,555,1440,1440,1440,1,0.8680555555555556,-0.08194444444444438,0.08194444444444438,0.06944444444444445,0.0625,0.06944444444444445,0.0625,0.10588970844392764,0.1011933121262658,0.20151636930880465,0.0020885871486838394,0.010594483382387181,0.002949322084036181,-1.6918134934473092,0.95,volatility_qlike,descriptive_only
gk_future_7,price_onchain,gru,regime_sym_conformal,666,1440,1440,1440,1,0.8902777777777777,-0.05972222222222223,0.05972222222222223,0.06319444444444444,0.04652777777777778,0.06319444444444444,0.04652777777777778,0.11022522958635103,0.106983978609691,0.17367281751159377,0.001899759648379392,0.012188442517056844,0.0024420607894103546,12118.458376562769,0.95,volatility_qlike,descriptive_only
gk_future_7,price_onchain,gru,sym_conformal,111,1440,1440,1440,1,0.9097222222222222,-0.040277777777777746,0.040277777777777746,0.034027777777777775,0.05625,0.034027777777777775,0.05625,0.10868597254933164,0.1022716276347637,0.16477047155760063,0.0016480335882733362,0.009835031515258328,0.0024712282006665834,-1.7064945630940855,0.95,volatility_qlike,descriptive_only
gk_future_7,price_onchain,gru,sym_conformal,222,1440,1440,1440,1,0.8916666666666667,-0.05833333333333324,0.05833333333333324,0.041666666666666664,0.06666666666666667,0.041666666666666664,0.06666666666666667,0.10182881701944599,0.0911146253347396,0.18020562710924404,0.0018761354795853204,0.010444346592462501,0.002629005198145684,-1.69075402016521,0.95,volatility_qlike,descriptive_only
gk_future_7,price_onchain,gru,sym_conformal,333,1440,1440,1440,1,0.8881944444444444,-0.06180555555555556,0.06180555555555556,0.05138888888888889,0.06041666666666667,0.05138888888888889,0.06041666666666667,0.11136074330036835,0.0989999622106552,0.19525790938019433,0.0019071098552895917,0.013320142332983136,0.0029743378792151725,19865.633598496748,0.95,volatility_qlike,descriptive_only
gk_future_7,price_onchain,gru,sym_conformal,444,1440,1440,1440,1,0.9201388888888888,-0.029861111111111116,0.029861111111111116,0.034722222222222224,0.04513888888888889,0.034722222222222224,0.04513888888888889,0.11508684121589689,0.1057745143771171,0.1612824162197169,0.001651320439973221,0.013422566085067894,0.002380739965519606,112281.05467997598,0.95,volatility_qlike,descriptive_only
gk_future_7,price_onchain,gru,sym_conformal,555,1440,1440,1440,1,0.8875,-0.0625,0.0625,0.05763888888888889,0.05486111111111111,0.05763888888888889,0.05486111111111111,0.1080570904162919,0.1011933088302612,0.19290627393735443,0.0019965245799171173,0.010594483382387181,0.0028261322685166467,-1.6918134934473092,0.95,volatility_qlike,descriptive_only
gk_future_7,price_onchain,gru,sym_conformal,666,1440,1440,1440,1,0.8916666666666667,-0.05833333333333324,0.05833333333333324,0.06736111111111111,0.04097222222222222,0.06736111111111111,0.04097222222222222,0.11075383019374886,0.1096560284495353,0.1743645633776466,0.001936476573022897,0.012188442517056844,0.002422637511418172,12118.458376562769,0.95,volatility_qlike,descriptive_only
gk_future_7,price_onchain,har_ols,cqr,111,1440,1440,1440,1,0.9006944444444445,-0.04930555555555549,0.04930555555555549,0.044444444444444446,0.05486111111111111,0.044444444444444446,0.05486111111111111,0.12037830868662673,0.11655892850449434,0.1648400140975661,0.001242670948355681,0.008954694682500815,0.002878329404083374,-1.7040348294788183,0.95,volatility_qlike,descriptive_only
gk_future_7,price_onchain,har_ols,cqr,222,1440,1440,1440,1,0.9006944444444445,-0.04930555555555549,0.04930555555555549,0.044444444444444446,0.05486111111111111,0.044444444444444446,0.05486111111111111,0.12037830868662673,0.11655892850449434,0.1648400140975661,0.001242670948355681,0.008954694682500815,0.002878329404083374,-1.7040348294788183,0.95,volatility_qlike,descriptive_only
gk_future_7,price_onchain,har_ols,cqr,333,1440,1440,1440,1,0.9006944444444445,-0.04930555555555549,0.04930555555555549,0.044444444444444446,0.05486111111111111,0.044444444444444446,0.05486111111111111,0.12037830868662673,0.11655892850449434,0.1648400140975661,0.001242670948355681,0.008954694682500815,0.002878329404083374,-1.7040348294788183,0.95,volatility_qlike,descriptive_only
gk_future_7,price_onchain,har_ols,cqr,444,1440,1440,1440,1,0.9006944444444445,-0.04930555555555549,0.04930555555555549,0.044444444444444446,0.05486111111111111,0.044444444444444446,0.05486111111111111,0.12037830868662673,0.11655892850449434,0.1648400140975661,0.001242670948355681,0.008954694682500815,0.002878329404083374,-1.7040348294788183,0.95,volatility_qlike,descriptive_only
gk_future_7,price_onchain,har_ols,cqr,555,1440,1440,1440,1,0.9006944444444445,-0.04930555555555549,0.04930555555555549,0.044444444444444446,0.05486111111111111,0.044444444444444446,0.05486111111111111,0.12037830868662673,0.11655892850449434,0.1648400140975661,0.001242670948355681,0.008954694682500815,0.002878329404083374,-1.7040348294788183,0.95,volatility_qlike,descriptive_only
gk_future_7,price_onchain,har_ols,cqr,666,1440,1440,1440,1,0.9006944444444445,-0.04930555555555549,0.04930555555555549,0.044444444444444446,0.05486111111111111,0.044444444444444446,0.05486111111111111,0.12037830868662673,0.11655892850449434,0.1648400140975661,0.001242670948355681,0.008954694682500815,0.002878329404083374,-1.7040348294788183,0.95,volatility_qlike,descriptive_only
gk_future_7,price_onchain,har_ols,raw_quantile,111,1440,1440,1440,1,0.8097222222222222,-0.14027777777777772,0.14027777777777772,0.08819444444444445,0.10208333333333333,0.08819444444444445,0.10208333333333333,0.09689214956037928,0.0944068398836324,0.19643470017276599,0.0013887897324377264,0.008954694682500815,0.0035220777718813286,-1.7040348294788183,0.95,volatility_qlike,descriptive_only
gk_future_7,price_onchain,har_ols,raw_quantile,222,1440,1440,1440,1,0.8097222222222222,-0.14027777777777772,0.14027777777777772,0.08819444444444445,0.10208333333333333,0.08819444444444445,0.10208333333333333,0.09689214956037928,0.0944068398836324,0.19643470017276599,0.0013887897324377264,0.008954694682500815,0.0035220777718813286,-1.7040348294788183,0.95,volatility_qlike,descriptive_only
gk_future_7,price_onchain,har_ols,raw_quantile,333,1440,1440,1440,1,0.8097222222222222,-0.14027777777777772,0.14027777777777772,0.08819444444444445,0.10208333333333333,0.08819444444444445,0.10208333333333333,0.09689214956037928,0.0944068398836324,0.19643470017276599,0.0013887897324377264,0.008954694682500815,0.0035220777718813286,-1.7040348294788183,0.95,volatility_qlike,descriptive_only
gk_future_7,price_onchain,har_ols,raw_quantile,444,1440,1440,1440,1,0.8097222222222222,-0.14027777777777772,0.14027777777777772,0.08819444444444445,0.10208333333333333,0.08819444444444445,0.10208333333333333,0.09689214956037928,0.0944068398836324,0.19643470017276599,0.0013887897324377264,0.008954694682500815,0.0035220777718813286,-1.7040348294788183,0.95,volatility_qlike,descriptive_only
gk_future_7,price_onchain,har_ols,raw_quantile,555,1440,1440,1440,1,0.8097222222222222,-0.14027777777777772,0.14027777777777772,0.08819444444444445,0.10208333333333333,0.08819444444444445,0.10208333333333333,0.09689214956037928,0.0944068398836324,0.19643470017276599,0.0013887897324377264,0.008954694682500815,0.0035220777718813286,-1.7040348294788183,0.95,volatility_qlike,descriptive_only
gk_future_7,price_onchain,har_ols,raw_quantile,666,1440,1440,1440,1,0.8097222222222222,-0.14027777777777772,0.14027777777777772,0.08819444444444445,0.10208333333333333,0.08819444444444445,0.10208333333333333,0.09689214956037928,0.0944068398836324,0.19643470017276599,0.0013887897324377264,0.008954694682500815,0.0035220777718813286,-1.7040348294788183,0.95,volatility_qlike,descriptive_only
gk_future_7,price_onchain,har_ols,regime_cqr,111,1440,1440,1440,1,0.8958333333333334,-0.054166666666666585,0.054166666666666585,0.04652777777777778,0.05763888888888889,0.04652777777777778,0.05763888888888889,0.11988719527309999,0.11579817815166446,0.1664788912218997,0.001242963533048063,0.008954694682500815,0.0029190087474993335,-1.7040348294788183,0.95,volatility_qlike,descriptive_only
gk_future_7,price_onchain,har_ols,regime_cqr,222,1440,1440,1440,1,0.8958333333333334,-0.054166666666666585,0.054166666666666585,0.04652777777777778,0.05763888888888889,0.04652777777777778,0.05763888888888889,0.11988719527309999,0.11579817815166446,0.1664788912218997,0.001242963533048063,0.008954694682500815,0.0029190087474993335,-1.7040348294788183,0.95,volatility_qlike,descriptive_only
gk_future_7,price_onchain,har_ols,regime_cqr,333,1440,1440,1440,1,0.8958333333333334,-0.054166666666666585,0.054166666666666585,0.04652777777777778,0.05763888888888889,0.04652777777777778,0.05763888888888889,0.11988719527309999,0.11579817815166446,0.1664788912218997,0.001242963533048063,0.008954694682500815,0.0029190087474993335,-1.7040348294788183,0.95,volatility_qlike,descriptive_only
gk_future_7,price_onchain,har_ols,regime_cqr,444,1440,1440,1440,1,0.8958333333333334,-0.054166666666666585,0.054166666666666585,0.04652777777777778,0.05763888888888889,0.04652777777777778,0.05763888888888889,0.11988719527309999,0.11579817815166446,0.1664788912218997,0.001242963533048063,0.008954694682500815,0.0029190087474993335,-1.7040348294788183,0.95,volatility_qlike,descriptive_only
gk_future_7,price_onchain,har_ols,regime_cqr,555,1440,1440,1440,1,0.8958333333333334,-0.054166666666666585,0.054166666666666585,0.04652777777777778,0.05763888888888889,0.04652777777777778,0.05763888888888889,0.11988719527309999,0.11579817815166446,0.1664788912218997,0.001242963533048063,0.008954694682500815,0.0029190087474993335,-1.7040348294788183,0.95,volatility_qlike,descriptive_only
gk_future_7,price_onchain,har_ols,regime_cqr,666,1440,1440,1440,1,0.8958333333333334,-0.054166666666666585,0.054166666666666585,0.04652777777777778,0.05763888888888889,0.04652777777777778,0.05763888888888889,0.11988719527309999,0.11579817815166446,0.1664788912218997,0.001242963533048063,0.008954694682500815,0.0029190087474993335,-1.7040348294788183,0.95,volatility_qlike,descriptive_only
gk_future_7,price_onchain,har_ols,regime_sym_conformal,111,1440,1440,1440,1,0.8923611111111112,-0.057638888888888795,0.057638888888888795,0.05555555555555555,0.052083333333333336,0.05555555555555555,0.052083333333333336,0.1029239552251498,0.1004816584148478,0.16864067198217902,0.0019043679756589485,0.010125595989227921,0.0023116488238954305,-1.6918294027342016,0.95,volatility_qlike,descriptive_only
gk_future_7,price_onchain,har_ols,regime_sym_conformal,222,1440,1440,1440,1,0.8923611111111112,-0.057638888888888795,0.057638888888888795,0.05555555555555555,0.052083333333333336,0.05555555555555555,0.052083333333333336,0.1029239552251498,0.1004816584148478,0.16864067198217902,0.0019043679756589485,0.010125595989227921,0.0023116488238954305,-1.6918294027342016,0.95,volatility_qlike,descriptive_only
gk_future_7,price_onchain,har_ols,regime_sym_conformal,333,1440,1440,1440,1,0.8923611111111112,-0.057638888888888795,0.057638888888888795,0.05555555555555555,0.052083333333333336,0.05555555555555555,0.052083333333333336,0.1029239552251498,0.1004816584148478,0.16864067198217902,0.0019043679756589485,0.010125595989227921,0.0023116488238954305,-1.6918294027342016,0.95,volatility_qlike,descriptive_only
gk_future_7,price_onchain,har_ols,regime_sym_conformal,444,1440,1440,1440,1,0.8923611111111112,-0.057638888888888795,0.057638888888888795,0.05555555555555555,0.052083333333333336,0.05555555555555555,0.052083333333333336,0.1029239552251498,0.1004816584148478,0.16864067198217902,0.0019043679756589485,0.010125595989227921,0.0023116488238954305,-1.6918294027342016,0.95,volatility_qlike,descriptive_only
gk_future_7,price_onchain,har_ols,regime_sym_conformal,555,1440,1440,1440,1,0.8923611111111112,-0.057638888888888795,0.057638888888888795,0.05555555555555555,0.052083333333333336,0.05555555555555555,0.052083333333333336,0.1029239552251498,0.1004816584148478,0.16864067198217902,0.0019043679756589485,0.010125595989227921,0.0023116488238954305,-1.6918294027342016,0.95,volatility_qlike,descriptive_only
gk_future_7,price_onchain,har_ols,regime_sym_conformal,666,1440,1440,1440,1,0.8923611111111112,-0.057638888888888795,0.057638888888888795,0.05555555555555555,0.052083333333333336,0.05555555555555555,0.052083333333333336,0.1029239552251498,0.1004816584148478,0.16864067198217902,0.0019043679756589485,0.010125595989227921,0.0023116488238954305,-1.6918294027342016,0.95,volatility_qlike,descriptive_only
gk_future_7,price_onchain,har_ols,sym_conformal,111,1440,1440,1440,1,0.8993055555555556,-0.050694444444444375,0.050694444444444375,0.05,0.050694444444444445,0.05,0.050694444444444445,0.10369021142011345,0.1066109609120907,0.16645298579485496,0.0018310430012756932,0.010125595989227921,0.002330281643595585,-1.6918294027342016,0.95,volatility_qlike,descriptive_only
gk_future_7,price_onchain,har_ols,sym_conformal,222,1440,1440,1440,1,0.8993055555555556,-0.050694444444444375,0.050694444444444375,0.05,0.050694444444444445,0.05,0.050694444444444445,0.10369021142011345,0.1066109609120907,0.16645298579485496,0.0018310430012756932,0.010125595989227921,0.002330281643595585,-1.6918294027342016,0.95,volatility_qlike,descriptive_only
gk_future_7,price_onchain,har_ols,sym_conformal,333,1440,1440,1440,1,0.8993055555555556,-0.050694444444444375,0.050694444444444375,0.05,0.050694444444444445,0.05,0.050694444444444445,0.10369021142011345,0.1066109609120907,0.16645298579485496,0.0018310430012756932,0.010125595989227921,0.002330281643595585,-1.6918294027342016,0.95,volatility_qlike,descriptive_only
gk_future_7,price_onchain,har_ols,sym_conformal,444,1440,1440,1440,1,0.8993055555555556,-0.050694444444444375,0.050694444444444375,0.05,0.050694444444444445,0.05,0.050694444444444445,0.10369021142011345,0.1066109609120907,0.16645298579485496,0.0018310430012756932,0.010125595989227921,0.002330281643595585,-1.6918294027342016,0.95,volatility_qlike,descriptive_only
gk_future_7,price_onchain,har_ols,sym_conformal,555,1440,1440,1440,1,0.8993055555555556,-0.050694444444444375,0.050694444444444375,0.05,0.050694444444444445,0.05,0.050694444444444445,0.10369021142011345,0.1066109609120907,0.16645298579485496,0.0018310430012756932,0.010125595989227921,0.002330281643595585,-1.6918294027342016,0.95,volatility_qlike,descriptive_only
gk_future_7,price_onchain,har_ols,sym_conformal,666,1440,1440,1440,1,0.8993055555555556,-0.050694444444444375,0.050694444444444375,0.05,0.050694444444444445,0.05,0.050694444444444445,0.10369021142011345,0.1066109609120907,0.16645298579485496,0.0018310430012756932,0.010125595989227921,0.002330281643595585,-1.6918294027342016,0.95,volatility_qlike,descriptive_only
gk_future_7,price_onchain,lstm,cqr,111,1440,1440,1440,1,0.9631944444444445,0.013194444444444509,0.013194444444444509,0.027777777777777776,0.009027777777777777,0.027777777777777776,0.009027777777777777,0.15038621466962576,0.14576417611117148,0.165598945357929,0.0014922970231750876,0.011110120356582378,0.0026476766107730422,-1.6952224251861234,0.95,volatility_qlike,descriptive_only
gk_future_7,price_onchain,lstm,cqr,222,1440,1440,1440,1,0.9243055555555556,-0.025694444444444353,0.025694444444444353,0.03333333333333333,0.04236111111111111,0.03333333333333333,0.04236111111111111,0.1567993349491075,0.1570322410769009,0.1983480099346801,0.0016085649725214866,0.011484451614792564,0.003350135275845419,37153.29802114225,0.95,volatility_qlike,descriptive_only
gk_future_7,price_onchain,lstm,cqr,333,1440,1440,1440,1,0.9444444444444444,-0.005555555555555536,0.005555555555555536,0.004166666666666667,0.05138888888888889,0.004166666666666667,0.05138888888888889,0.15856294554152844,0.16371114552021024,0.22411506661208394,0.0014521598025240797,0.012652688350573139,0.004150716862777923,186785.6536744381,0.95,volatility_qlike,descriptive_only
gk_future_7,price_onchain,lstm,cqr,444,1440,1440,1440,1,0.9548611111111112,0.004861111111111205,0.004861111111111205,0.021527777777777778,0.02361111111111111,0.021527777777777778,0.02361111111111111,0.17183358615028207,0.16361619051901855,0.197978833940196,0.0016811168500157328,0.018359263947412982,0.003268353998489072,436102.9802366019,0.95,volatility_qlike,descriptive_only
gk_future_7,price_onchain,lstm,cqr,555,1440,1440,1440,1,0.9798611111111111,0.029861111111111116,0.029861111111111116,0.011805555555555555,0.008333333333333333,0.011805555555555555,0.008333333333333333,0.16719221813316526,0.16287679002571595,0.17161737746968103,0.001503005957640143,0.011845759628777599,0.0027874284791017875,76315.1654195268,0.95,volatility_qlike,descriptive_only
gk_future_7,price_onchain,lstm,cqr,666,1440,1440,1440,1,0.9506944444444444,0.000694444444444442,0.000694444444444442,0.022916666666666665,0.02638888888888889,0.022916666666666665,0.02638888888888889,0.1393767000580543,0.1396673477887407,0.16032100155243495,0.0012899595598652135,0.011826886403273782,0.002718065478945565,-1.6551612150947714,0.95,volatility_qlike,descriptive_only
gk_future_7,price_onchain,lstm,raw_quantile,111,1440,1440,1440,1,0.9444444444444444,-0.005555555555555536,0.005555555555555536,0.03333333333333333,0.022222222222222223,0.03333333333333333,0.022222222222222223,0.1403353971120345,0.1370844542980194,0.16427840941150412,0.001443142012429052,0.011110120356582378,0.002663818222858455,-1.6952224251861234,0.95,volatility_qlike,descriptive_only
gk_future_7,price_onchain,lstm,raw_quantile,222,1440,1440,1440,1,0.8701388888888889,-0.07986111111111105,0.07986111111111105,0.05486111111111111,0.075,0.05486111111111111,0.075,0.14075212429807935,0.1374295353889465,0.2361476114701782,0.0020952099447596514,0.011484451614792564,0.0038084803419947072,37153.29802114225,0.95,volatility_qlike,descriptive_only
gk_future_7,price_onchain,lstm,raw_quantile,333,1440,1440,1440,1,0.875,-0.07499999999999996,0.07499999999999996,0.025694444444444443,0.09930555555555555,0.025694444444444443,0.09930555555555555,0.14438185358303596,0.15393966436386103,0.27179111866224925,0.0015728854803218712,0.012652688350573139,0.005221892486234265,186785.6536744381,0.95,volatility_qlike,descriptive_only
gk_future_7,price_onchain,lstm,raw_quantile,444,1440,1440,1440,1,0.8013888888888889,-0.14861111111111103,0.14861111111111103,0.09930555555555555,0.09930555555555555,0.09930555555555555,0.09930555555555555,0.13104886296787296,0.12690084055066103,0.32282417705224464,0.0026870375034864177,0.018359263947412982,0.005383566922819606,436102.9802366019,0.95,volatility_qlike,descriptive_only
gk_future_7,price_onchain,lstm,raw_quantile,555,1440,1440,1440,1,0.9458333333333333,-0.004166666666666652,0.004166666666666652,0.013194444444444444,0.04097222222222222,0.013194444444444444,0.04097222222222222,0.16136507246345796,0.15983461588621134,0.1855728052791488,0.0014891382206854641,0.011845759628777599,0.0031501819112931613,76315.1654195268,0.95,volatility_qlike,descriptive_only
gk_future_7,price_onchain,lstm,raw_quantile,666,1440,1440,1440,1,0.8902777777777777,-0.05972222222222223,0.05972222222222223,0.05763888888888889,0.052083333333333336,0.05763888888888889,0.052083333333333336,0.11420557063732603,0.10521894507110115,0.19266684836307035,0.001605654212850728,0.011826886403273782,0.0032110169962259348,-1.6551612150947714,0.95,volatility_qlike,descriptive_only
gk_future_7,price_onchain,lstm,regime_cqr,111,1440,1440,1440,1,0.9631944444444445,0.013194444444444509,0.013194444444444509,0.027777777777777776,0.009027777777777777,0.027777777777777776,0.009027777777777777,0.14938632650193218,0.1450477242469787,0.16475309664829255,0.0014767522666209718,0.011110120356582378,0.002642075149586246,-1.6952224251861234,0.95,volatility_qlike,descriptive_only
gk_future_7,price_onchain,lstm,regime_cqr,222,1440,1440,1440,1,0.9236111111111112,-0.026388888888888795,0.026388888888888795,0.03333333333333333,0.043055555555555555,0.03333333333333333,0.043055555555555555,0.1569134731273939,0.1569688337275163,0.1993055347644901,0.0016086358107418714,0.011484451614792564,0.003374002558370284,37153.29802114225,0.95,volatility_qlike,descriptive_only
gk_future_7,price_onchain,lstm,regime_cqr,333,1440,1440,1440,1,0.9409722222222222,-0.009027777777777746,0.009027777777777746,0.004166666666666667,0.05486111111111111,0.004166666666666667,0.05486111111111111,0.15875908740290928,0.16377538004589876,0.22702052184036223,0.001455499420483868,0.012652688350573139,0.0042200136255250926,186785.6536744381,0.95,volatility_qlike,descriptive_only
gk_future_7,price_onchain,lstm,regime_cqr,444,1440,1440,1440,1,0.9479166666666666,-0.002083333333333326,0.002083333333333326,0.025694444444444443,0.02638888888888889,0.025694444444444443,0.02638888888888889,0.1692610036691114,0.16198705139321196,0.1995984510383829,0.001684566336170351,0.018359263947412982,0.003305394939789125,436102.9802366019,0.95,volatility_qlike,descriptive_only
gk_future_7,price_onchain,lstm,regime_cqr,555,1440,1440,1440,1,0.9798611111111111,0.029861111111111116,0.029861111111111116,0.011805555555555555,0.008333333333333333,0.011805555555555555,0.008333333333333333,0.16783459672439002,0.16359293460845944,0.17242699612188925,0.0015094857173725597,0.011845759628777599,0.0028011891856745763,76315.1654195268,0.95,volatility_qlike,descriptive_only
gk_future_7,price_onchain,lstm,regime_cqr,666,1440,1440,1440,1,0.9486111111111111,-0.001388888888888884,0.001388888888888884,0.022916666666666665,0.02847222222222222,0.022916666666666665,0.02847222222222222,0.1390605676012824,0.13970730463034045,0.1620820833076331,0.0012878451107144631,0.011826886403273782,0.00276420697197627,-1.6551612150947714,0.95,volatility_qlike,descriptive_only
gk_future_7,price_onchain,lstm,regime_sym_conformal,111,1440,1440,1440,1,0.9041666666666667,-0.04583333333333328,0.04583333333333328,0.03125,0.06458333333333334,0.03125,0.06458333333333334,0.11770941390124802,0.1189112090578238,0.17049078610346088,0.0016260522213533382,0.013159377131729258,0.0026362174312330876,-1.6408745150659254,0.95,volatility_qlike,descriptive_only
gk_future_7,price_onchain,lstm,regime_sym_conformal,222,1440,1440,1440,1,0.8826388888888889,-0.0673611111111111,0.0673611111111111,0.07708333333333334,0.04027777777777778,0.07708333333333334,0.04027777777777778,0.1159206465625833,0.1116195493601181,0.17373287812583196,0.0020386998463538617,0.014251788921965498,0.0023046221067918415,-1.6081365760668285,0.95,volatility_qlike,descriptive_only
gk_future_7,price_onchain,lstm,regime_sym_conformal,333,1440,1440,1440,1,0.8888888888888888,-0.061111111111111116,0.061111111111111116,0.06319444444444444,0.04791666666666667,0.06319444444444444,0.04791666666666667,0.11840521399386876,0.11697384134681915,0.18956283961806247,0.0020099745553824482,0.013164408288844732,0.0027290964350690176,10844.22533460277,0.95,volatility_qlike,descriptive_only
gk_future_7,price_onchain,lstm,regime_sym_conformal,444,1440,1440,1440,1,0.8666666666666667,-0.08333333333333326,0.08333333333333326,0.09930555555555555,0.034027777777777775,0.09930555555555555,0.034027777777777775,0.14651024461174245,0.1413032799928966,0.27745870248607063,0.003700417408113402,0.020911391757513786,0.003236050154038268,423545.21453985124,0.95,volatility_qlike,descriptive_only
gk_future_7,price_onchain,lstm,regime_sym_conformal,555,1440,1440,1440,1,0.9152777777777777,-0.03472222222222221,0.03472222222222221,0.024305555555555556,0.06041666666666667,0.024305555555555556,0.06041666666666667,0.12190047651590123,0.1089039930015969,0.17553387168802764,0.0014624848812334384,0.014907488929264905,0.0029258619109671573,283025.5924115808,0.95,volatility_qlike,descriptive_only
gk_future_7,price_onchain,lstm,regime_sym_conformal,666,1440,1440,1440,1,0.8625,-0.08749999999999991,0.08749999999999991,0.08263888888888889,0.05486111111111111,0.08263888888888889,0.05486111111111111,0.10962992389638777,0.1031939217531711,0.19683101078559467,0.0023995336687287435,0.012551203590886678,0.0025212416009110276,-1.6619695829078458,0.95,volatility_qlike,descriptive_only
gk_future_7,price_onchain,lstm,sym_conformal,111,1440,1440,1440,1,0.9118055555555555,-0.03819444444444442,0.03819444444444442,0.030555555555555555,0.05763888888888889,0.030555555555555555,0.05763888888888889,0.11849390340503302,0.1189112141728401,0.1656651040639544,0.0016392251585161796,0.013159377131729258,0.0025024024430825814,-1.6408745150659254,0.95,volatility_qlike,descriptive_only
gk_future_7,price_onchain,lstm,sym_conformal,222,1440,1440,1440,1,0.8861111111111111,-0.06388888888888888,0.06388888888888888,0.07708333333333334,0.03680555555555556,0.07708333333333334,0.03680555555555556,0.11737014487540966,0.1118592284619808,0.17241363706793406,0.0020556979190054854,0.014251788921965498,0.0022546430076927707,-1.6081365760668285,0.95,volatility_qlike,descriptive_only
gk_future_7,price_onchain,lstm,sym_conformal,333,1440,1440,1440,1,0.8916666666666667,-0.05833333333333324,0.05833333333333324,0.059722222222222225,0.04861111111111111,0.059722222222222225,0.04861111111111111,0.11894061569279676,0.1150789149105548,0.18914829717502143,0.0019120584224020304,0.013164408288844732,0.00281664900697341,10844.22533460277,0.95,volatility_qlike,descriptive_only
gk_future_7,price_onchain,lstm,sym_conformal,444,1440,1440,1440,1,0.8722222222222222,-0.07777777777777772,0.07777777777777772,0.09236111111111112,0.035416666666666666,0.09236111111111112,0.035416666666666666,0.14777846653014418,0.1413032859563827,0.27352514275765033,0.003618229919996701,0.020911391757513786,0.0032198986489444625,423545.21453985124,0.95,volatility_qlike,descriptive_only
gk_future_7,price_onchain,lstm,sym_conformal,555,1440,1440,1440,1,0.9201388888888888,-0.029861111111111116,0.029861111111111116,0.021527777777777778,0.058333333333333334,0.021527777777777778,0.058333333333333334,0.12373402860636508,0.1089040003716945,0.17130701839569845,0.0014505197609047452,0.014907488929264905,0.0028321556989876202,283025.5924115808,0.95,volatility_qlike,descriptive_only
gk_future_7,price_onchain,lstm,sym_conformal,666,1440,1440,1440,1,0.8652777777777778,-0.08472222222222214,0.08472222222222214,0.08333333333333333,0.05138888888888889,0.08333333333333333,0.05138888888888889,0.1105032619554549,0.1031171046197414,0.20252801646334623,0.002507388264058578,0.012551203590886678,0.0025558121475249785,-1.6619695829078458,0.95,volatility_qlike,descriptive_only
gk_future_7,price_onchain,rf,cqr,111,1440,1440,1440,1,0.9118055555555555,-0.03819444444444442,0.03819444444444442,0.04513888888888889,0.043055555555555555,0.04513888888888889,0.043055555555555555,0.11814438803383831,0.10621830485983991,0.1654689892527469,0.001361648142178059,0.009908874904616408,0.0027750765891405185,-1.7139393562524934,0.95,volatility_qlike,descriptive_only
gk_future_7,price_onchain,rf,cqr,222,1440,1440,1440,1,0.8944444444444445,-0.05555555555555547,0.05555555555555547,0.06041666666666667,0.04513888888888889,0.06041666666666667,0.04513888888888889,0.10759442421724241,0.09245084720915869,0.14992825720969985,0.001223820278642354,0.009167679735678442,0.0025243861516000467,-1.7214221213061223,0.95,volatility_qlike,descriptive_only
gk_future_7,price_onchain,rf,cqr,333,1440,1440,1440,1,0.9076388888888889,-0.04236111111111107,0.04236111111111107,0.05,0.04236111111111111,0.05,0.04236111111111111,0.11776647062757853,0.10385483614972625,0.16112256248116547,0.001335852133973573,0.009608046098591916,0.0026922119280554705,-1.7165465076643427,0.95,volatility_qlike,descriptive_only
gk_future_7,price_onchain,rf,cqr,444,1440,1440,1440,1,0.9006944444444445,-0.04930555555555549,0.04930555555555549,0.05625,0.043055555555555555,0.05625,0.043055555555555555,0.11724154195371995,0.1031623527431183,0.16627765780997097,0.0013461071078892304,0.009564988347841887,0.0028108343373599476,-1.716944577189352,0.95,volatility_qlike,descriptive_only
gk_future_7,price_onchain,rf,cqr,555,1440,1440,1440,1,0.9111111111111111,-0.03888888888888886,0.03888888888888886,0.044444444444444446,0.044444444444444446,0.044444444444444446,0.044444444444444446,0.11713535315543362,0.1062496728483035,0.16337700322839213,0.0013659239883047382,0.00985865401518863,0.00271850109240497,-1.7143023153227366,0.95,volatility_qlike,descriptive_only
gk_future_7,price_onchain,rf,cqr,666,1440,1440,1440,1,0.8986111111111111,-0.05138888888888882,0.05138888888888882,0.058333333333333334,0.043055555555555555,0.058333333333333334,0.043055555555555555,0.11163091433867464,0.09939153609726685,0.15262184245918048,0.0012410374445345315,0.009145900667939313,0.0025745086169448837,-1.7213942572600343,0.95,volatility_qlike,descriptive_only
gk_future_7,price_onchain,rf,raw_quantile,111,1440,1440,1440,1,0.5430555555555555,-0.40694444444444444,0.40694444444444444,0.35347222222222224,0.10347222222222222,0.35347222222222224,0.10347222222222222,0.05389397226537356,0.0364802788328719,0.30610864630825263,0.0037971893139298915,0.009908874904616408,0.003855526843776332,-1.7139393562524934,0.95,volatility_qlike,descriptive_only
gk_future_7,price_onchain,rf,raw_quantile,222,1440,1440,1440,1,0.6451388888888889,-0.304861111111111,0.304861111111111,0.27708333333333335,0.07777777777777778,0.27708333333333335,0.07777777777777778,0.060296241787070416,0.0470407543266744,0.2263665879152701,0.002695075996778266,0.009167679735678442,0.0029640887011033934,-1.7214221213061223,0.95,volatility_qlike,descriptive_only
gk_future_7,price_onchain,rf,raw_quantile,333,1440,1440,1440,1,0.5625,-0.38749999999999996,0.38749999999999996,0.34375,0.09375,0.34375,0.09375,0.05925695813175727,0.041724756240435104,0.2841400725811315,0.003523462858969702,0.009608046098591916,0.0035800389555584906,-1.7165465076643427,0.95,volatility_qlike,descriptive_only
gk_future_7,price_onchain,rf,raw_quantile,444,1440,1440,1440,1,0.5743055555555555,-0.37569444444444444,0.37569444444444444,0.3326388888888889,0.09305555555555556,0.3326388888888889,0.09305555555555556,0.05817485289378882,0.0408838436942775,0.2861549924269524,0.003474976325427144,0.009564988347841887,0.003678898485246575,-1.716944577189352,0.95,volatility_qlike,descriptive_only
gk_future_7,price_onchain,rf,raw_quantile,555,1440,1440,1440,1,0.5458333333333333,-0.4041666666666667,0.4041666666666667,0.35,0.10416666666666667,0.35,0.10416666666666667,0.0523176506393916,0.0363487543273149,0.2972501630203914,0.003701262113407696,0.00985865401518863,0.003729991962102,-1.7143023153227366,0.95,volatility_qlike,descriptive_only
gk_future_7,price_onchain,rf,raw_quantile,666,1440,1440,1440,1,0.6340277777777777,-0.3159722222222222,0.3159722222222222,0.28680555555555554,0.07916666666666666,0.28680555555555554,0.07916666666666666,0.06276324840610108,0.04735956471099305,0.23425184813687114,0.0027633497850787264,0.009145900667939313,0.003092946418342961,-1.7213942572600343,0.95,volatility_qlike,descriptive_only
gk_future_7,price_onchain,rf,regime_cqr,111,1440,1440,1440,1,0.9013888888888889,-0.04861111111111105,0.04861111111111105,0.05,0.04861111111111111,0.05,0.04861111111111111,0.11485590386706619,0.10497925347310005,0.16548079473616586,0.001329519647324895,0.009908874904616408,0.002807500221079156,-1.7139393562524934,0.95,volatility_qlike,descriptive_only
gk_future_7,price_onchain,rf,regime_cqr,222,1440,1440,1440,1,0.8888888888888888,-0.061111111111111116,0.061111111111111116,0.06319444444444444,0.04791666666666667,0.06319444444444444,0.04791666666666667,0.10556897509469808,0.0897324447331825,0.15121927706631053,0.0012220857989257191,0.009167679735678442,0.0025583961277319497,-1.7214221213061223,0.95,volatility_qlike,descriptive_only
gk_future_7,price_onchain,rf,regime_cqr,333,1440,1440,1440,1,0.8944444444444445,-0.05555555555555547,0.05555555555555547,0.05763888888888889,0.04791666666666667,0.05763888888888889,0.04791666666666667,0.11447486954846246,0.1009267238586648,0.16226441233496844,0.0013338551645149513,0.009608046098591916,0.0027227551438591666,-1.7165465076643427,0.95,volatility_qlike,descriptive_only
gk_future_7,price_onchain,rf,regime_cqr,444,1440,1440,1440,1,0.8895833333333333,-0.060416666666666674,0.060416666666666674,0.06041666666666667,0.05,0.06041666666666667,0.05,0.11368065035080112,0.0990725350012197,0.16696846135930316,0.0013349137942879866,0.009564988347841887,0.002839297739694497,-1.716944577189352,0.95,volatility_qlike,descriptive_only
gk_future_7,price_onchain,rf,regime_cqr,555,1440,1440,1440,1,0.9048611111111111,-0.04513888888888884,0.04513888888888884,0.04583333333333333,0.049305555555555554,0.04583333333333333,0.049305555555555554,0.11417794765990212,0.10413224170434955,0.1627156290478071,0.001336975278614846,0.00985865401518863,0.0027309154475802355,-1.7143023153227366,0.95,volatility_qlike,descriptive_only
gk_future_7,price_onchain,rf,regime_cqr,666,1440,1440,1440,1,0.89375,-0.05624999999999991,0.05624999999999991,0.06180555555555556,0.044444444444444446,0.06180555555555556,0.044444444444444446,0.10915753698981351,0.09417795446423305,0.15186676080174913,0.0012353993810239488,0.009145900667939313,0.0025612696390196837,-1.7213942572600343,0.95,volatility_qlike,descriptive_only
gk_future_7,price_onchain,rf,regime_sym_conformal,111,1440,1440,1440,1,0.8652777777777778,-0.08472222222222214,0.08472222222222214,0.06736111111111111,0.06736111111111111,0.06736111111111111,0.06736111111111111,0.10077252503349812,0.0955857546169657,0.20669630389558968,0.002515746958077277,0.010508016606037228,0.002651660639312371,-1.7105209078961676,0.95,volatility_qlike,descriptive_only
gk_future_7,price_onchain,rf,regime_sym_conformal,222,1440,1440,1440,1,0.8534722222222222,-0.09652777777777777,0.09652777777777777,0.075,0.07152777777777777,0.075,0.07152777777777777,0.09371372696214557,0.0866860374065414,0.16376117446762445,0.0015192615581077586,0.00986675960873525,0.0025747678035827563,-1.7176894827761404,0.95,volatility_qlike,descriptive_only
gk_future_7,price_onchain,rf,regime_sym_conformal,333,1440,1440,1440,1,0.8652777777777778,-0.08472222222222214,0.08472222222222214,0.06736111111111111,0.06736111111111111,0.06736111111111111,0.06736111111111111,0.09828399951111202,0.090694157184244,0.19322356460795492,0.0022008278994639914,0.010380836427257432,0.002629761215734785,-1.7123982397461703,0.95,volatility_qlike,descriptive_only
gk_future_7,price_onchain,rf,regime_sym_conformal,444,1440,1440,1440,1,0.8736111111111111,-0.07638888888888884,0.07638888888888884,0.059722222222222225,0.06666666666666667,0.059722222222222225,0.06666666666666667,0.09848919581302937,0.08978649494084,0.1899686330456942,0.002117368826437623,0.010352910438560183,0.002631846999704637,-1.7127774484381229,0.95,volatility_qlike,descriptive_only
gk_future_7,price_onchain,rf,regime_sym_conformal,555,1440,1440,1440,1,0.8659722222222223,-0.0840277777777777,0.0840277777777777,0.06666666666666667,0.06736111111111111,0.06666666666666667,0.06736111111111111,0.10119414250890964,0.0924226098178469,0.20786514754808402,0.002506018202882067,0.010389620315701332,0.002690610485819938,-1.711709327227892,0.95,volatility_qlike,descriptive_only
gk_future_7,price_onchain,rf,regime_sym_conformal,666,1440,1440,1440,1,0.8604166666666667,-0.08958333333333324,0.08958333333333324,0.06944444444444445,0.07013888888888889,0.06944444444444445,0.07013888888888889,0.09429917959880309,0.0883429722223354,0.16321825426265482,0.0015258545727806576,0.009961136496647843,0.0025546017837856172,-1.7168685453779309,0.95,volatility_qlike,descriptive_only
gk_future_7,price_onchain,rf,sym_conformal,111,1440,1440,1440,1,0.88125,-0.06874999999999998,0.06874999999999998,0.05763888888888889,0.06111111111111111,0.05763888888888889,0.06111111111111111,0.10275693961672525,0.0941679384465769,0.20679768338874124,0.0025005105506652366,0.010508016606037228,0.0026694315340532013,-1.7105209078961676,0.95,volatility_qlike,descriptive_only
gk_future_7,price_onchain,rf,sym_conformal,222,1440,1440,1440,1,0.8680555555555556,-0.08194444444444438,0.08194444444444438,0.06527777777777778,0.06666666666666667,0.06527777777777778,0.06666666666666667,0.09563114812825799,0.08330966253937766,0.16077423261586674,0.0015236096927915691,0.00986675960873525,0.0024957461226050026,-1.7176894827761404,0.95,volatility_qlike,descriptive_only
gk_future_7,price_onchain,rf,sym_conformal,333,1440,1440,1440,1,0.8833333333333333,-0.06666666666666665,0.06666666666666665,0.05625,0.06041666666666667,0.05625,0.06041666666666667,0.1003560864280772,0.0899094427565881,0.19200620307928828,0.002198050979310334,0.010380836427257432,0.002602104097671777,-1.7123982397461703,0.95,volatility_qlike,descriptive_only
gk_future_7,price_onchain,rf,sym_conformal,444,1440,1440,1440,1,0.8881944444444444,-0.06180555555555556,0.06180555555555556,0.052083333333333336,0.059722222222222225,0.052083333333333336,0.059722222222222225,0.10077264621604502,0.09074033765370534,0.1890623915905595,0.002123281942313489,0.010352910438560183,0.002603277847450404,-1.7127774484381229,0.95,volatility_qlike,descriptive_only
gk_future_7,price_onchain,rf,sym_conformal,555,1440,1440,1440,1,0.8819444444444444,-0.06805555555555554,0.06805555555555554,0.05694444444444444,0.06111111111111111,0.05694444444444444,0.06111111111111111,0.1033752652387266,0.09147173993168364,0.20853929413984287,0.002503687401514349,0.010389620315701332,0.0027097949519816274,-1.711709327227892,0.95,volatility_qlike,descriptive_only
gk_future_7,price_onchain,rf,sym_conformal,666,1440,1440,1440,1,0.8743055555555556,-0.0756944444444444,0.0756944444444444,0.059722222222222225,0.06597222222222222,0.059722222222222225,0.06597222222222222,0.09600379921202006,0.08426393458535975,0.16138966966446702,0.001532110353920762,0.009961136496647843,0.0025026313876908173,-1.7168685453779309,0.95,volatility_qlike,descriptive_only
gk_future_7,price_onchain,ridge,cqr,111,1440,1440,1440,1,0.98125,0.03125,0.03125,0.01875,0.0,0.01875,0.0,0.16756639284094574,0.16854187857905525,0.1716269737950728,0.0011114033715093794,0.008283492841620596,0.0031792709733673443,-1.7231960733591434,0.95,volatility_qlike,descriptive_only
gk_future_7,price_onchain,ridge,cqr,222,1440,1440,1440,1,0.98125,0.03125,0.03125,0.01875,0.0,0.01875,0.0,0.16756639284094574,0.16854187857905525,0.1716269737950728,0.0011114033715093794,0.008284148678866938,0.0031792709733673443,-1.723185542248631,0.95,volatility_qlike,descriptive_only
gk_future_7,price_onchain,ridge,cqr,333,1440,1440,1440,1,0.98125,0.03125,0.03125,0.01875,0.0,0.01875,0.0,0.16756639284094574,0.16854187857905525,0.1716269737950728,0.0011114033715093794,0.008270055667743538,0.0031792709733673443,-1.723368540195885,0.95,volatility_qlike,descriptive_only
gk_future_7,price_onchain,ridge,cqr,444,1440,1440,1440,1,0.98125,0.03125,0.03125,0.01875,0.0,0.01875,0.0,0.16756639284094574,0.16854187857905525,0.1716269737950728,0.0011114033715093794,0.008264931696218822,0.0031792709733673443,-1.723423211277319,0.95,volatility_qlike,descriptive_only
gk_future_7,price_onchain,ridge,cqr,555,1440,1440,1440,1,0.98125,0.03125,0.03125,0.01875,0.0,0.01875,0.0,0.16756639284094574,0.16854187857905525,0.1716269737950728,0.0011114033715093794,0.008286712473852558,0.0031792709733673443,-1.7231283591839441,0.95,volatility_qlike,descriptive_only
gk_future_7,price_onchain,ridge,cqr,666,1440,1440,1440,1,0.98125,0.03125,0.03125,0.01875,0.0,0.01875,0.0,0.16756639284094574,0.16854187857905525,0.1716269737950728,0.0011114033715093794,0.008291131942142841,0.0031792709733673443,-1.723112895725813,0.95,volatility_qlike,descriptive_only
gk_future_7,price_onchain,ridge,raw_quantile,111,1440,1440,1440,1,0.98125,0.03125,0.03125,0.01875,0.0,0.01875,0.0,0.1666079249853372,0.16654538051523077,0.17080002777354059,0.0011027105691661806,0.008283492841620596,0.0031672901251722373,-1.7231960733591434,0.95,volatility_qlike,descriptive_only
gk_future_7,price_onchain,ridge,raw_quantile,222,1440,1440,1440,1,0.98125,0.03125,0.03125,0.01875,0.0,0.01875,0.0,0.1666079249853372,0.16654538051523077,0.17080002777354059,0.0011027105691661806,0.008284148678866938,0.0031672901251722373,-1.723185542248631,0.95,volatility_qlike,descriptive_only
gk_future_7,price_onchain,ridge,raw_quantile,333,1440,1440,1440,1,0.98125,0.03125,0.03125,0.01875,0.0,0.01875,0.0,0.1666079249853372,0.16654538051523077,0.17080002777354059,0.0011027105691661806,0.008270055667743538,0.0031672901251722373,-1.723368540195885,0.95,volatility_qlike,descriptive_only
gk_future_7,price_onchain,ridge,raw_quantile,444,1440,1440,1440,1,0.98125,0.03125,0.03125,0.01875,0.0,0.01875,0.0,0.1666079249853372,0.16654538051523077,0.17080002777354059,0.0011027105691661806,0.008264931696218822,0.0031672901251722373,-1.723423211277319,0.95,volatility_qlike,descriptive_only
gk_future_7,price_onchain,ridge,raw_quantile,555,1440,1440,1440,1,0.98125,0.03125,0.03125,0.01875,0.0,0.01875,0.0,0.1666079249853372,0.16654538051523077,0.17080002777354059,0.0011027105691661806,0.008286712473852558,0.0031672901251722373,-1.7231283591839441,0.95,volatility_qlike,descriptive_only
gk_future_7,price_onchain,ridge,raw_quantile,666,1440,1440,1440,1,0.98125,0.03125,0.03125,0.01875,0.0,0.01875,0.0,0.1666079249853372,0.16654538051523077,0.17080002777354059,0.0011027105691661806,0.008291131942142841,0.0031672901251722373,-1.723112895725813,0.95,volatility_qlike,descriptive_only
gk_future_7,price_onchain,ridge,regime_cqr,111,1440,1440,1440,1,0.98125,0.03125,0.03125,0.01875,0.0,0.01875,0.0,0.16690867406193008,0.16854187857905525,0.17096925501605714,0.0011031818867716838,0.008283492841620596,0.003171049488629649,-1.7231960733591434,0.95,volatility_qlike,descriptive_only
gk_future_7,price_onchain,ridge,regime_cqr,222,1440,1440,1440,1,0.98125,0.03125,0.03125,0.01875,0.0,0.01875,0.0,0.16690867406193008,0.16854187857905525,0.17096925501605714,0.0011031818867716838,0.008284148678866938,0.003171049488629649,-1.723185542248631,0.95,volatility_qlike,descriptive_only
gk_future_7,price_onchain,ridge,regime_cqr,333,1440,1440,1440,1,0.98125,0.03125,0.03125,0.01875,0.0,0.01875,0.0,0.16690867406193008,0.16854187857905525,0.17096925501605714,0.0011031818867716838,0.008270055667743538,0.003171049488629649,-1.723368540195885,0.95,volatility_qlike,descriptive_only
gk_future_7,price_onchain,ridge,regime_cqr,444,1440,1440,1440,1,0.98125,0.03125,0.03125,0.01875,0.0,0.01875,0.0,0.16690867406193008,0.16854187857905525,0.17096925501605714,0.0011031818867716838,0.008264931696218822,0.003171049488629649,-1.723423211277319,0.95,volatility_qlike,descriptive_only
gk_future_7,price_onchain,ridge,regime_cqr,555,1440,1440,1440,1,0.98125,0.03125,0.03125,0.01875,0.0,0.01875,0.0,0.16690867406193008,0.16854187857905525,0.17096925501605714,0.0011031818867716838,0.008286712473852558,0.003171049488629649,-1.7231283591839441,0.95,volatility_qlike,descriptive_only
gk_future_7,price_onchain,ridge,regime_cqr,666,1440,1440,1440,1,0.98125,0.03125,0.03125,0.01875,0.0,0.01875,0.0,0.16690867406193008,0.16854187857905525,0.17096925501605714,0.0011031818867716838,0.008291131942142841,0.003171049488629649,-1.723112895725813,0.95,volatility_qlike,descriptive_only
gk_future_7,price_onchain,ridge,regime_sym_conformal,111,1440,1440,1440,1,0.8881944444444444,-0.06180555555555556,0.06180555555555556,0.05347222222222222,0.058333333333333334,0.05347222222222222,0.058333333333333334,0.10166907495970341,0.1048249107548463,0.16970589013489742,0.0017769017419869556,0.009459206552797339,0.0024657455113853838,-1.7116991032793565,0.95,volatility_qlike,descriptive_only
gk_future_7,price_onchain,ridge,regime_sym_conformal,222,1440,1440,1440,1,0.8881944444444444,-0.06180555555555556,0.06180555555555556,0.05347222222222222,0.058333333333333334,0.05347222222222222,0.058333333333333334,0.10166815594272474,0.10482639744334035,0.16970076337133666,0.0017768018702772424,0.009459194268764817,0.002465717214006079,-1.7117037054131123,0.95,volatility_qlike,descriptive_only
gk_future_7,price_onchain,ridge,regime_sym_conformal,333,1440,1440,1440,1,0.8881944444444444,-0.06180555555555556,0.06180555555555556,0.05347222222222222,0.058333333333333334,0.05347222222222222,0.058333333333333334,0.1016833986791385,0.10480160131766031,0.16978571524046687,0.001778457761577304,0.009459412131452403,0.0024661851194342724,-1.7116269896229097,0.95,volatility_qlike,descriptive_only
gk_future_7,price_onchain,ridge,regime_sym_conformal,444,1440,1440,1440,1,0.8881944444444444,-0.06180555555555556,0.06180555555555556,0.05347222222222222,0.058333333333333334,0.05347222222222222,0.058333333333333334,0.10169072954835837,0.1047895605814189,0.16982653333042239,0.0017792541355229005,0.009459503796713212,0.0024664091977375643,-1.7115897641169744,0.95,volatility_qlike,descriptive_only
gk_future_7,price_onchain,ridge,regime_sym_conformal,555,1440,1440,1440,1,0.8881944444444444,-0.06180555555555556,0.06180555555555556,0.05347222222222222,0.058333333333333334,0.05347222222222222,0.058333333333333334,0.1016630471215835,0.10482445839362464,0.1696724334742152,0.0017762499073578804,0.009459122791645829,0.0024655609294974043,-1.7117290393605364,0.95,volatility_qlike,descriptive_only
gk_future_7,price_onchain,ridge,regime_sym_conformal,666,1440,1440,1440,1,0.8881944444444444,-0.06180555555555556,0.06180555555555556,0.05347222222222222,0.058333333333333334,0.05347222222222222,0.058333333333333334,0.10166091177036035,0.1048223761665376,0.16966060179585365,0.0017760194345500058,0.009459091114226425,0.0024654956103462404,-1.7117395865206797,0.95,volatility_qlike,descriptive_only
gk_future_7,price_onchain,ridge,sym_conformal,111,1440,1440,1440,1,0.9013888888888889,-0.04861111111111105,0.04861111111111105,0.043055555555555555,0.05555555555555555,0.043055555555555555,0.05555555555555555,0.10266825377645954,0.1050839672712692,0.16397350948266767,0.0016964539512919954,0.009459206552797339,0.0024028837857746,-1.7116991032793565,0.95,volatility_qlike,descriptive_only
gk_future_7,price_onchain,ridge,sym_conformal,222,1440,1440,1440,1,0.9013888888888889,-0.04861111111111105,0.04861111111111105,0.043055555555555555,0.05555555555555555,0.043055555555555555,0.05555555555555555,0.1026678654513383,0.1050853484031707,0.1639671368957858,0.001696330796109241,0.009459194268764817,0.0024028476262853093,-1.7117037054131123,0.95,volatility_qlike,descriptive_only
gk_future_7,price_onchain,ridge,sym_conformal,333,1440,1440,1440,1,0.9013888888888889,-0.04861111111111105,0.04861111111111105,0.043055555555555555,0.05555555555555555,0.043055555555555555,0.05555555555555555,0.10267414935549872,0.1050619813484976,0.16407321103762978,0.0016983800271331525,0.009459412131452403,0.002403450248807499,-1.7116269896229097,0.95,volatility_qlike,descriptive_only
gk_future_7,price_onchain,ridge,sym_conformal,444,1440,1440,1440,1,0.9013888888888889,-0.04861111111111105,0.04861111111111105,0.043055555555555555,0.05555555555555555,0.043055555555555555,0.05555555555555555,0.10267704525301682,0.1050503775500446,0.1641245547116064,0.0016993713426043,0.009459503796713212,0.0024037425251857646,-1.7115897641169744,0.95,volatility_qlike,descriptive_only
gk_future_7,price_onchain,ridge,sym_conformal,555,1440,1440,1440,1,0.9013888888888889,-0.04861111111111105,0.04861111111111105,0.043055555555555555,0.05555555555555555,0.043055555555555555,0.05555555555555555,0.10266566285287429,0.1050929043484725,0.1639319969206805,0.001695651363096305,0.009459122791645829,0.002402648559920612,-1.7117290393605364,0.95,volatility_qlike,descriptive_only
gk_future_7,price_onchain,ridge,sym_conformal,666,1440,1440,1440,1,0.9013888888888889,-0.04861111111111105,0.04861111111111105,0.043055555555555555,0.05555555555555555,0.043055555555555555,0.05555555555555555,0.10266472993026948,0.1050960266979316,0.16391735383432718,0.0016953681686743527,0.009459091114226425,0.002402565677183733,-1.7117395865206797,0.95,volatility_qlike,descriptive_only
gk_future_7,price_only,gbr,cqr,111,1440,1440,1440,1,0.9694444444444444,0.019444444444444486,0.019444444444444486,0.027777777777777776,0.002777777777777778,0.027777777777777776,0.002777777777777778,0.13627411728364228,0.13349993633948765,0.1415701561957789,0.0009789743322424316,0.008711603941106535,0.0025602795726519453,-1.718249047936934,0.95,volatility_qlike,descriptive_only
gk_future_7,price_only,gbr,cqr,222,1440,1440,1440,1,0.9708333333333333,0.02083333333333337,0.02083333333333337,0.02847222222222222,0.0006944444444444445,0.02847222222222222,0.0006944444444444445,0.1406914481246911,0.1391170551464335,0.14515114116350153,0.0009779904969609834,0.008765380698595292,0.00265078803212646,-1.7168052342221196,0.95,volatility_qlike,descriptive_only
gk_future_7,price_only,gbr,cqr,333,1440,1440,1440,1,0.9791666666666666,0.029166666666666674,0.029166666666666674,0.02013888888888889,0.0006944444444444445,0.02013888888888889,0.0006944444444444445,0.14968586908468925,0.1497982506115593,0.15418450075037057,0.0010199521172602278,0.008988676807746973,0.002834660401498941,-1.7151930307084648,0.95,volatility_qlike,descriptive_only
gk_future_7,price_only,gbr,cqr,444,1440,1440,1440,1,0.9777777777777777,0.02777777777777779,0.02777777777777779,0.021527777777777778,0.0006944444444444445,0.021527777777777778,0.0006944444444444445,0.14678053902830698,0.1447195439244106,0.15077977096534584,0.0010122791160155898,0.008921090664671678,0.00275721515811796,-1.7163105040463316,0.95,volatility_qlike,descriptive_only
gk_future_7,price_only,gbr,cqr,555,1440,1440,1440,1,0.9798611111111111,0.029861111111111116,0.029861111111111116,0.019444444444444445,0.0006944444444444445,0.019444444444444445,0.0006944444444444445,0.1500901907023363,0.1502078269590478,0.1545031800176383,0.0010208200274241016,0.009003407070182925,0.002841759473016759,-1.7150001547112923,0.95,volatility_qlike,descriptive_only
gk_future_7,price_only,gbr,cqr,666,1440,1440,1440,1,0.9798611111111111,0.029861111111111116,0.029861111111111116,0.019444444444444445,0.0006944444444444445,0.019444444444444445,0.0006944444444444445,0.151487853036716,0.1512160729325148,0.15558237331881963,0.0010258293564904112,0.009006537630672079,0.0028637299764799847,-1.7153478745856976,0.95,volatility_qlike,descriptive_only
gk_future_7,price_only,gbr,raw_quantile,111,1440,1440,1440,1,0.9680555555555556,0.018055555555555602,0.018055555555555602,0.029166666666666667,0.002777777777777778,0.029166666666666667,0.002777777777777778,0.1345366226531557,0.13202303423570566,0.1405228320328612,0.0009745099110505726,0.008711603941106535,0.002538560889770863,-1.718249047936934,0.95,volatility_qlike,descriptive_only
gk_future_7,price_only,gbr,raw_quantile,222,1440,1440,1440,1,0.9694444444444444,0.019444444444444486,0.019444444444444486,0.029861111111111113,0.0006944444444444445,0.029861111111111113,0.0006944444444444445,0.13973252137985753,0.1382550930651331,0.14476090276464615,0.0009802211213000172,0.008765380698595292,0.0026388014478160413,-1.7168052342221196,0.95,volatility_qlike,descriptive_only
gk_future_7,price_only,gbr,raw_quantile,333,1440,1440,1440,1,0.9791666666666666,0.029166666666666674,0.029166666666666674,0.02013888888888889,0.0006944444444444445,0.02013888888888889,0.0006944444444444445,0.14896373378834038,0.1493274658329254,0.1534993951629566,0.0010118511687792384,0.008988676807746973,0.0028256337102945802,-1.7151930307084648,0.95,volatility_qlike,descriptive_only
gk_future_7,price_only,gbr,raw_quantile,444,1440,1440,1440,1,0.9777777777777777,0.02777777777777779,0.02777777777777779,0.021527777777777778,0.0006944444444444445,0.021527777777777778,0.0006944444444444445,0.1459117944617193,0.1444823311880287,0.15042693310911262,0.001014317476692105,0.008921090664671678,0.0027463558510356137,-1.7163105040463316,0.95,volatility_qlike,descriptive_only
gk_future_7,price_only,gbr,raw_quantile,555,1440,1440,1440,1,0.9798611111111111,0.029861111111111116,0.029861111111111116,0.019444444444444445,0.0006944444444444445,0.019444444444444445,0.0006944444444444445,0.14937331047548305,0.1495553556643321,0.15382327816246796,0.0010127834838805096,0.009003407070182925,0.002832798470181093,-1.7150001547112923,0.95,volatility_qlike,descriptive_only
gk_future_7,price_only,gbr,raw_quantile,666,1440,1440,1440,1,0.9798611111111111,0.029861111111111116,0.029861111111111116,0.019444444444444445,0.0006944444444444445,0.019444444444444445,0.0006944444444444445,0.15073398955107456,0.1506228259831065,0.15486041915802376,0.0010172037960410316,0.009006537630672079,0.0028543066829094664,-1.7153478745856976,0.95,volatility_qlike,descriptive_only
gk_future_7,price_only,gbr,regime_cqr,111,1440,1440,1440,1,0.9694444444444444,0.019444444444444486,0.019444444444444486,0.027777777777777776,0.002777777777777778,0.027777777777777776,0.002777777777777778,0.135448850673563,0.1327509202706869,0.1407448895856996,0.0009686584996164405,0.008711603941106535,0.0025499637400259543,-1.718249047936934,0.95,volatility_qlike,descriptive_only
gk_future_7,price_only,gbr,regime_cqr,222,1440,1440,1440,1,0.9708333333333333,0.02083333333333337,0.02083333333333337,0.02847222222222222,0.0006944444444444445,0.02847222222222222,0.0006944444444444445,0.1401639359490465,0.1388243107971578,0.14462362898785694,0.0009713965947654253,0.008765380698595292,0.0026441941299309027,-1.7168052342221196,0.95,volatility_qlike,descriptive_only
gk_future_7,price_only,gbr,regime_cqr,333,1440,1440,1440,1,0.9791666666666666,0.029166666666666674,0.029166666666666674,0.02013888888888889,0.0006944444444444445,0.02013888888888889,0.0006944444444444445,0.1491615830270887,0.1496099789345643,0.15366021469277005,0.0010133985415402209,0.008988676807746973,0.0028281068257789343,-1.7151930307084648,0.95,volatility_qlike,descriptive_only
gk_future_7,price_only,gbr,regime_cqr,444,1440,1440,1440,1,0.9777777777777777,0.02777777777777779,0.02777777777777779,0.021527777777777778,0.0006944444444444445,0.021527777777777778,0.0006944444444444445,0.1462550958305546,0.1446575063015234,0.15025432776759345,0.0010057110760436844,0.008921090664671678,0.002750647118146055,-1.7163105040463316,0.95,volatility_qlike,descriptive_only
gk_future_7,price_only,gbr,regime_cqr,555,1440,1440,1440,1,0.9798611111111111,0.029861111111111116,0.029861111111111116,0.019444444444444445,0.0006944444444444445,0.019444444444444445,0.0006944444444444445,0.14957030746252148,0.1498029383058651,0.15398329677782344,0.0010143214869264162,0.009003407070182925,0.002835260932519073,-1.7150001547112923,0.95,volatility_qlike,descriptive_only
gk_future_7,price_only,gbr,regime_cqr,666,1440,1440,1440,1,0.9798611111111111,0.029861111111111116,0.029861111111111116,0.019444444444444445,0.0006944444444444445,0.019444444444444445,0.0006944444444444445,0.15092008883899288,0.1506228259831065,0.15501460912109652,0.0010187323040188722,0.009006537630672079,0.0028566329240084453,-1.7153478745856976,0.95,volatility_qlike,descriptive_only
gk_future_7,price_only,gbr,regime_sym_conformal,111,1440,1440,1440,1,0.8465277777777778,-0.10347222222222219,0.10347222222222219,0.09166666666666666,0.06180555555555556,0.09166666666666666,0.06180555555555556,0.09454896587481017,0.0861582368873013,0.18585849527488532,0.002120436396659253,0.010363934249398533,0.002526025985212786,-1.711085069986637,0.95,volatility_qlike,descriptive_only
gk_future_7,price_only,gbr,regime_sym_conformal,222,1440,1440,1440,1,0.85,-0.09999999999999998,0.09999999999999998,0.08680555555555555,0.06319444444444444,0.08680555555555555,0.06319444444444444,0.09385334849921069,0.0810880718229525,0.19314040514733924,0.002251891185903929,0.010481170128809968,0.0025766189427794553,-1.7096941751721093,0.95,volatility_qlike,descriptive_only
gk_future_7,price_only,gbr,regime_sym_conformal,333,1440,1440,1440,1,0.85625,-0.09375,0.09375,0.08819444444444445,0.05555555555555555,0.08819444444444445,0.05555555555555555,0.092117899224442,0.0831796716064575,0.16383803819883566,0.0016019034663526058,0.010740727922910644,0.002494047488618192,-1.7086702677182781,0.95,volatility_qlike,descriptive_only
gk_future_7,price_only,gbr,regime_sym_conformal,444,1440,1440,1440,1,0.85625,-0.09375,0.09375,0.0875,0.05625,0.0875,0.05625,0.09314147326678755,0.0818866586533675,0.17598633036520026,0.0018911319416762202,0.010736301895703458,0.0025085263174536923,-1.7081795580196675,0.95,volatility_qlike,descriptive_only
gk_future_7,price_only,gbr,regime_sym_conformal,555,1440,1440,1440,1,0.8576388888888888,-0.09236111111111112,0.09236111111111112,0.08611111111111111,0.05625,0.08611111111111111,0.05625,0.09211732947171056,0.0836482691019526,0.16385888917992106,0.001599781254248286,0.010765909076026274,0.002496690975249645,-1.7084483066522245,0.95,volatility_qlike,descriptive_only
gk_future_7,price_only,gbr,regime_sym_conformal,666,1440,1440,1440,1,0.8569444444444444,-0.09305555555555556,0.09305555555555556,0.08611111111111111,0.05694444444444444,0.08611111111111111,0.05694444444444444,0.0927478013496606,0.0859862821350912,0.16693310038147172,0.0016509761726688614,0.010740798544219476,0.002522351336867838,-1.7082717860395111,0.95,volatility_qlike,descriptive_only
gk_future_7,price_only,gbr,sym_conformal,111,1440,1440,1440,1,0.8604166666666667,-0.08958333333333324,0.08958333333333324,0.08472222222222223,0.05486111111111111,0.08472222222222223,0.05486111111111111,0.09618053941825809,0.088304927224876,0.1836904420777851,0.0020956352712572534,0.010363934249398533,0.0024966257806872793,-1.711085069986637,0.95,volatility_qlike,descriptive_only
gk_future_7,price_only,gbr,sym_conformal,222,1440,1440,1440,1,0.8673611111111111,-0.08263888888888882,0.08263888888888882,0.07847222222222222,0.05416666666666667,0.07847222222222222,0.05416666666666667,0.09579679862579982,0.080678171970649,0.19008768650439756,0.0022214803712247806,0.010481170128809968,0.0025307117913850614,-1.7096941751721093,0.95,volatility_qlike,descriptive_only
gk_future_7,price_only,gbr,sym_conformal,333,1440,1440,1440,1,0.8659722222222223,-0.0840277777777777,0.0840277777777777,0.08125,0.05277777777777778,0.08125,0.05277777777777778,0.09445945860900229,0.08711049020015466,0.1622938970103479,0.001553537935664737,0.010740727922910644,0.0025038094895938655,-1.7086702677182781,0.95,volatility_qlike,descriptive_only
gk_future_7,price_only,gbr,sym_conformal,444,1440,1440,1440,1,0.8666666666666667,-0.08333333333333326,0.08333333333333326,0.07916666666666666,0.05416666666666667,0.07916666666666666,0.05416666666666667,0.09548450357981307,0.08790142861312969,0.17475785155220233,0.001849644610634178,0.010736301895703458,0.0025193016781707854,-1.7081795580196675,0.95,volatility_qlike,descriptive_only
gk_future_7,price_only,gbr,sym_conformal,555,1440,1440,1440,1,0.8680555555555556,-0.08194444444444438,0.08194444444444438,0.07847222222222222,0.05347222222222222,0.07847222222222222,0.05347222222222222,0.0944783861040167,0.08694294677063545,0.16222713577882786,0.0015491508140083618,0.010765909076026274,0.0025065275804622388,-1.7084483066522245,0.95,volatility_qlike,descriptive_only
gk_future_7,price_only,gbr,sym_conformal,666,1440,1440,1440,1,0.8701388888888889,-0.07986111111111105,0.07986111111111105,0.07569444444444444,0.05416666666666667,0.07569444444444444,0.05416666666666667,0.09511241713074868,0.08841004327228175,0.16548485622987383,0.0016056543670396255,0.010740798544219476,0.0025314670387071255,-1.7082717860395111,0.95,volatility_qlike,descriptive_only
gk_future_7,price_only,gru,cqr,111,1440,1440,1440,1,0.9986111111111111,0.04861111111111116,0.04861111111111116,0.0,0.001388888888888889,0.0,0.001388888888888889,0.1935198829033139,0.1880978345870971,0.19394211238405382,0.0015837512083512948,0.009119413980921056,0.003264801601249956,-1.7103385262296378,0.95,volatility_qlike,descriptive_only
gk_future_7,price_only,gru,cqr,222,1440,1440,1440,1,0.9909722222222223,0.0409722222222223,0.0409722222222223,0.004166666666666667,0.004861111111111111,0.004166666666666667,0.004861111111111111,0.14970569067284734,0.1447101627283997,0.15347385404995775,0.0011201766779711027,0.0088386165215842,0.0027166696732777444,-1.714051749675052,0.95,volatility_qlike,descriptive_only
gk_future_7,price_only,gru,cqr,333,1440,1440,1440,1,0.9736111111111111,0.023611111111111138,0.023611111111111138,0.0125,0.013888888888888888,0.0125,0.013888888888888888,0.13491577769522436,0.13053535661325083,0.1477310695811751,0.0010026731055291205,0.009337914486729814,0.0026906036340001624,-1.7071792127711154,0.95,volatility_qlike,descriptive_only
gk_future_7,price_only,gru,cqr,444,1440,1440,1440,1,0.9590277777777778,0.009027777777777857,0.009027777777777857,0.03194444444444444,0.009027777777777777,0.03194444444444444,0.009027777777777777,0.1456806893225762,0.1371806776520464,0.1553094434833754,0.001195340514310978,0.009975241215063994,0.002687395572773312,-1.702541885010368,0.95,volatility_qlike,descriptive_only
gk_future_7,price_only,gru,cqr,555,1440,1440,1440,1,0.9840277777777777,0.03402777777777777,0.03402777777777777,0.007638888888888889,0.008333333333333333,0.007638888888888889,0.008333333333333333,0.14265368458392763,0.14224581264570305,0.14967457857428468,0.0011046074368840342,0.008623893679734361,0.002637257027472985,-1.7139590700110325,0.95,volatility_qlike,descriptive_only
gk_future_7,price_only,gru,cqr,666,1440,1440,1440,1,0.9979166666666667,0.04791666666666672,0.04791666666666672,0.0006944444444444445,0.001388888888888889,0.0006944444444444445,0.001388888888888889,0.15342788089020867,0.14814987111026706,0.15387305525343214,0.001217797061719429,0.008905444464415668,0.002629029319616278,-1.7153130828487735,0.95,volatility_qlike,descriptive_only
gk_future_7,price_only,gru,raw_quantile,111,1440,1440,1440,1,0.9986111111111111,0.04861111111111116,0.04861111111111116,0.0,0.001388888888888889,0.0,0.001388888888888889,0.19260916286020802,0.1879149721935391,0.19303139234094793,0.001583508228619884,0.009119413980921056,0.003242276579903719,-1.7103385262296378,0.95,volatility_qlike,descriptive_only
gk_future_7,price_only,gru,raw_quantile,222,1440,1440,1440,1,0.9909722222222223,0.0409722222222223,0.0409722222222223,0.004166666666666667,0.004861111111111111,0.004166666666666667,0.004861111111111111,0.14484475757473972,0.13774502091109744,0.14861675289306658,0.0010597048761982393,0.0088386165215842,0.0026557139461283285,-1.714051749675052,0.95,volatility_qlike,descriptive_only
gk_future_7,price_only,gru,raw_quantile,333,1440,1440,1440,1,0.9576388888888889,0.007638888888888973,0.007638888888888973,0.024305555555555556,0.018055555555555554,0.024305555555555556,0.018055555555555554,0.12555023819699673,0.1173523738980293,0.1423107990952972,0.0009206422285719477,0.009337914486729814,0.0026371277488103887,-1.7071792127711154,0.95,volatility_qlike,descriptive_only
gk_future_7,price_only,gru,raw_quantile,444,1440,1440,1440,1,0.95,0.0,0.0,0.04027777777777778,0.009722222222222222,0.04027777777777778,0.009722222222222222,0.1404500435944808,0.12887633778154844,0.1563831796461393,0.0012885680581475204,0.009975241215063994,0.0026210114330058655,-1.702541885010368,0.95,volatility_qlike,descriptive_only
gk_future_7,price_only,gru,raw_quantile,555,1440,1440,1440,1,0.9840277777777777,0.03402777777777777,0.03402777777777777,0.007638888888888889,0.008333333333333333,0.007638888888888889,0.008333333333333333,0.1381355009539725,0.1355802826583385,0.14515639494432953,0.0010498437491293642,0.008623893679734361,0.0025790661244787768,-1.7139590700110325,0.95,volatility_qlike,descriptive_only
gk_future_7,price_only,gru,raw_quantile,666,1440,1440,1440,1,0.9972222222222222,0.047222222222222276,0.047222222222222276,0.0006944444444444445,0.0020833333333333333,0.0006944444444444445,0.0020833333333333333,0.15081974579661614,0.1431921618059277,0.15132518859479205,0.001187314003352293,0.008905444464415668,0.0025958157115174105,-1.7153130828487735,0.95,volatility_qlike,descriptive_only
gk_future_7,price_only,gru,regime_cqr,111,1440,1440,1440,1,0.9986111111111111,0.04861111111111116,0.04861111111111116,0.0,0.001388888888888889,0.0,0.001388888888888889,0.19380484652517463,0.18813706189393992,0.19407721483563353,0.0015863794637893823,0.009119413980921056,0.0032655509071013605,-1.7103385262296378,0.95,volatility_qlike,descriptive_only
gk_future_7,price_only,gru,regime_cqr,222,1440,1440,1440,1,0.9909722222222223,0.0409722222222223,0.0409722222222223,0.004166666666666667,0.004861111111111111,0.004166666666666667,0.004861111111111111,0.14955329979843437,0.14438775747951935,0.15332146317554476,0.0011182717920409403,0.0088386165215842,0.0027147647873475827,-1.714051749675052,0.95,volatility_qlike,descriptive_only
gk_future_7,price_only,gru,regime_cqr,333,1440,1440,1440,1,0.9715277777777778,0.021527777777777812,0.021527777777777812,0.013888888888888888,0.014583333333333334,0.013888888888888888,0.014583333333333334,0.13342148384223368,0.12695972600934363,0.14564775249969844,0.0009845819680373374,0.009337914486729814,0.0026566118444550295,-1.7071792127711154,0.95,volatility_qlike,descriptive_only
gk_future_7,price_only,gru,regime_cqr,444,1440,1440,1440,1,0.9590277777777778,0.009027777777777857,0.009027777777777857,0.03194444444444444,0.009027777777777777,0.03194444444444444,0.009027777777777777,0.1453455169200274,0.13700054779586265,0.15491908585023767,0.0011897669922060026,0.009975241215063994,0.0026832101540498433,-1.702541885010368,0.95,volatility_qlike,descriptive_only
gk_future_7,price_only,gru,regime_cqr,555,1440,1440,1440,1,0.9840277777777777,0.03402777777777777,0.03402777777777777,0.007638888888888889,0.008333333333333333,0.007638888888888889,0.008333333333333333,0.14158663411883235,0.13926490116864434,0.1486075281091894,0.0010880893202158562,0.008623893679734361,0.0026270988825137813,-1.7139590700110325,0.95,volatility_qlike,descriptive_only
gk_future_7,price_only,gru,regime_cqr,666,1440,1440,1440,1,0.9972222222222222,0.047222222222222276,0.047222222222222276,0.0006944444444444445,0.0020833333333333333,0.0006944444444444445,0.0020833333333333333,0.1523953864845068,0.1462104056924137,0.15290082928268267,0.0012042275114021715,0.008905444464415668,0.0026182932206647988,-1.7153130828487735,0.95,volatility_qlike,descriptive_only
gk_future_7,price_only,gru,regime_sym_conformal,111,1440,1440,1440,1,0.9111111111111111,-0.03888888888888886,0.03888888888888886,0.03888888888888889,0.05,0.03888888888888889,0.05,0.10119241665483,0.0975582288057545,0.14667729297826326,0.0014447916514033015,0.009780950403142192,0.002222140673053185,-1.7055253971726132,0.95,volatility_qlike,descriptive_only
gk_future_7,price_only,gru,regime_sym_conformal,222,1440,1440,1440,1,0.8895833333333333,-0.060416666666666674,0.060416666666666674,0.05,0.06041666666666667,0.05,0.06041666666666667,0.09709258980409496,0.091819397237694,0.15407588330649208,0.001540420738821942,0.010301497928654682,0.0023114763438402647,-1.7102672384898432,0.95,volatility_qlike,descriptive_only
gk_future_7,price_only,gru,regime_sym_conformal,333,1440,1440,1440,1,0.8881944444444444,-0.06180555555555556,0.06180555555555556,0.05347222222222222,0.058333333333333334,0.05347222222222222,0.058333333333333334,0.1011363726800716,0.1002187112684731,0.17989117720748035,0.001771132065887147,0.010804896098130819,0.0027261473642997665,-1.6959288299329198,0.95,volatility_qlike,descriptive_only
gk_future_7,price_only,gru,regime_sym_conformal,444,1440,1440,1440,1,0.8756944444444444,-0.07430555555555551,0.07430555555555551,0.07430555555555556,0.05,0.07430555555555556,0.05,0.10106305248961613,0.0945634385096367,0.19719218256638973,0.0025601377558228697,0.010549664144131669,0.0023696668083367793,-1.6972955865702235,0.95,volatility_qlike,descriptive_only
gk_future_7,price_only,gru,regime_sym_conformal,555,1440,1440,1440,1,0.8979166666666667,-0.05208333333333326,0.05208333333333326,0.05277777777777778,0.049305555555555554,0.05277777777777778,0.049305555555555554,0.10271815704298291,0.0990023513064255,0.17247803976710013,0.0019124366395663413,0.010095188949477408,0.0023995143546110664,-1.6985596229164097,0.95,volatility_qlike,descriptive_only
gk_future_7,price_only,gru,regime_sym_conformal,666,1440,1440,1440,1,0.8854166666666666,-0.06458333333333333,0.06458333333333333,0.05555555555555555,0.059027777777777776,0.05555555555555555,0.059027777777777776,0.10018192150580199,0.099472090227005,0.173260874337287,0.001887884290625673,0.010260984103711984,0.0024436375678064054,-1.6947596921888957,0.95,volatility_qlike,descriptive_only
gk_future_7,price_only,gru,sym_conformal,111,1440,1440,1440,1,0.9270833333333334,-0.022916666666666585,0.022916666666666585,0.027083333333333334,0.04583333333333333,0.027083333333333334,0.04583333333333333,0.10445561919413089,0.0975582301616668,0.1463189310250529,0.001414616270790199,0.009780950403142192,0.002243357004836028,-1.7055253971726132,0.95,volatility_qlike,descriptive_only
gk_future_7,price_only,gru,sym_conformal,222,1440,1440,1440,1,0.9,-0.04999999999999993,0.04999999999999993,0.04236111111111111,0.05763888888888889,0.04236111111111111,0.05763888888888889,0.09960396019612539,0.0942165218293666,0.15327961545532917,0.0015347719761720305,0.010301497928654682,0.0022972184102111053,-1.7102672384898432,0.95,volatility_qlike,descriptive_only
gk_future_7,price_only,gru,sym_conformal,333,1440,1440,1440,1,0.89375,-0.05624999999999991,0.05624999999999991,0.050694444444444445,0.05555555555555555,0.050694444444444445,0.05555555555555555,0.1028131327954017,0.1032287031412124,0.18141187164478548,0.0017608346393388349,0.010804896098130819,0.0027744621517807066,-1.6959288299329198,0.95,volatility_qlike,descriptive_only
gk_future_7,price_only,gru,sym_conformal,444,1440,1440,1440,1,0.8909722222222223,-0.05902777777777768,0.05902777777777768,0.06180555555555556,0.04722222222222222,0.06180555555555556,0.04722222222222222,0.10269581627669844,0.0945634469389915,0.19023568280012068,0.0024803827255048846,0.010549664144131669,0.002275509344498038,-1.6972955865702235,0.95,volatility_qlike,descriptive_only
gk_future_7,price_only,gru,sym_conformal,555,1440,1440,1440,1,0.9125,-0.03749999999999998,0.03749999999999998,0.043055555555555555,0.044444444444444446,0.043055555555555555,0.044444444444444446,0.10402461511289904,0.1010887064039707,0.17067191633017953,0.0018854970924334935,0.010095188949477408,0.002381300815820898,-1.6985596229164097,0.95,volatility_qlike,descriptive_only
gk_future_7,price_only,gru,sym_conformal,666,1440,1440,1440,1,0.8993055555555556,-0.050694444444444375,0.050694444444444375,0.04375,0.05694444444444444,0.04375,0.05694444444444444,0.10174472534563389,0.0959163568913936,0.1701551280411011,0.0017973056694992246,0.010260984103711984,0.0024565725315282053,-1.6947596921888957,0.95,volatility_qlike,descriptive_only
gk_future_7,price_only,har_ols,cqr,111,1440,1440,1440,1,0.9597222222222223,0.009722222222222299,0.009722222222222299,0.025,0.015277777777777777,0.025,0.015277777777777777,0.13403891853961708,0.12742714606200206,0.14947563505828587,0.0009159074011102664,0.008510403122049367,0.002820983475346787,-1.7205885432575037,0.95,volatility_qlike,descriptive_only
gk_future_7,price_only,har_ols,cqr,222,1440,1440,1440,1,0.9597222222222223,0.009722222222222299,0.009722222222222299,0.025,0.015277777777777777,0.025,0.015277777777777777,0.13403891853961708,0.12742714606200206,0.14947563505828587,0.0009159074011102664,0.008510403122049367,0.002820983475346787,-1.7205885432575037,0.95,volatility_qlike,descriptive_only
gk_future_7,price_only,har_ols,cqr,333,1440,1440,1440,1,0.9597222222222223,0.009722222222222299,0.009722222222222299,0.025,0.015277777777777777,0.025,0.015277777777777777,0.13403891853961708,0.12742714606200206,0.14947563505828587,0.0009159074011102664,0.008510403122049367,0.002820983475346787,-1.7205885432575037,0.95,volatility_qlike,descriptive_only
gk_future_7,price_only,har_ols,cqr,444,1440,1440,1440,1,0.9597222222222223,0.009722222222222299,0.009722222222222299,0.025,0.015277777777777777,0.025,0.015277777777777777,0.13403891853961708,0.12742714606200206,0.14947563505828587,0.0009159074011102664,0.008510403122049367,0.002820983475346787,-1.7205885432575037,0.95,volatility_qlike,descriptive_only
gk_future_7,price_only,har_ols,cqr,555,1440,1440,1440,1,0.9597222222222223,0.009722222222222299,0.009722222222222299,0.025,0.015277777777777777,0.025,0.015277777777777777,0.13403891853961708,0.12742714606200206,0.14947563505828587,0.0009159074011102664,0.008510403122049367,0.002820983475346787,-1.7205885432575037,0.95,volatility_qlike,descriptive_only
gk_future_7,price_only,har_ols,cqr,666,1440,1440,1440,1,0.9597222222222223,0.009722222222222299,0.009722222222222299,0.025,0.015277777777777777,0.025,0.015277777777777777,0.13403891853961708,0.12742714606200206,0.14947563505828587,0.0009159074011102664,0.008510403122049367,0.002820983475346787,-1.7205885432575037,0.95,volatility_qlike,descriptive_only
gk_future_7,price_only,har_ols,raw_quantile,111,1440,1440,1440,1,0.9458333333333333,-0.004166666666666652,0.004166666666666652,0.034027777777777775,0.02013888888888889,0.034027777777777775,0.02013888888888889,0.1257909958429949,0.12213331783279355,0.14410887716330775,0.0008387462769256581,0.008510403122049367,0.002763975652156943,-1.7205885432575037,0.95,volatility_qlike,descriptive_only
gk_future_7,price_only,har_ols,raw_quantile,222,1440,1440,1440,1,0.9458333333333333,-0.004166666666666652,0.004166666666666652,0.034027777777777775,0.02013888888888889,0.034027777777777775,0.02013888888888889,0.1257909958429949,0.12213331783279355,0.14410887716330775,0.0008387462769256581,0.008510403122049367,0.002763975652156943,-1.7205885432575037,0.95,volatility_qlike,descriptive_only
gk_future_7,price_only,har_ols,raw_quantile,333,1440,1440,1440,1,0.9458333333333333,-0.004166666666666652,0.004166666666666652,0.034027777777777775,0.02013888888888889,0.034027777777777775,0.02013888888888889,0.1257909958429949,0.12213331783279355,0.14410887716330775,0.0008387462769256581,0.008510403122049367,0.002763975652156943,-1.7205885432575037,0.95,volatility_qlike,descriptive_only
gk_future_7,price_only,har_ols,raw_quantile,444,1440,1440,1440,1,0.9458333333333333,-0.004166666666666652,0.004166666666666652,0.034027777777777775,0.02013888888888889,0.034027777777777775,0.02013888888888889,0.1257909958429949,0.12213331783279355,0.14410887716330775,0.0008387462769256581,0.008510403122049367,0.002763975652156943,-1.7205885432575037,0.95,volatility_qlike,descriptive_only
gk_future_7,price_only,har_ols,raw_quantile,555,1440,1440,1440,1,0.9458333333333333,-0.004166666666666652,0.004166666666666652,0.034027777777777775,0.02013888888888889,0.034027777777777775,0.02013888888888889,0.1257909958429949,0.12213331783279355,0.14410887716330775,0.0008387462769256581,0.008510403122049367,0.002763975652156943,-1.7205885432575037,0.95,volatility_qlike,descriptive_only
gk_future_7,price_only,har_ols,raw_quantile,666,1440,1440,1440,1,0.9458333333333333,-0.004166666666666652,0.004166666666666652,0.034027777777777775,0.02013888888888889,0.034027777777777775,0.02013888888888889,0.1257909958429949,0.12213331783279355,0.14410887716330775,0.0008387462769256581,0.008510403122049367,0.002763975652156943,-1.7205885432575037,0.95,volatility_qlike,descriptive_only
gk_future_7,price_only,har_ols,regime_cqr,111,1440,1440,1440,1,0.9597222222222223,0.009722222222222299,0.009722222222222299,0.025694444444444443,0.014583333333333334,0.025694444444444443,0.014583333333333334,0.13420185949843158,0.12760562146282817,0.1487046548999992,0.0009158989475433304,0.008510403122049367,0.002801717424956555,-1.7205885432575037,0.95,volatility_qlike,descriptive_only
gk_future_7,price_only,har_ols,regime_cqr,222,1440,1440,1440,1,0.9597222222222223,0.009722222222222299,0.009722222222222299,0.025694444444444443,0.014583333333333334,0.025694444444444443,0.014583333333333334,0.13420185949843158,0.12760562146282817,0.1487046548999992,0.0009158989475433304,0.008510403122049367,0.002801717424956555,-1.7205885432575037,0.95,volatility_qlike,descriptive_only
gk_future_7,price_only,har_ols,regime_cqr,333,1440,1440,1440,1,0.9597222222222223,0.009722222222222299,0.009722222222222299,0.025694444444444443,0.014583333333333334,0.025694444444444443,0.014583333333333334,0.13420185949843158,0.12760562146282817,0.1487046548999992,0.0009158989475433304,0.008510403122049367,0.002801717424956555,-1.7205885432575037,0.95,volatility_qlike,descriptive_only
gk_future_7,price_only,har_ols,regime_cqr,444,1440,1440,1440,1,0.9597222222222223,0.009722222222222299,0.009722222222222299,0.025694444444444443,0.014583333333333334,0.025694444444444443,0.014583333333333334,0.13420185949843158,0.12760562146282817,0.1487046548999992,0.0009158989475433304,0.008510403122049367,0.002801717424956555,-1.7205885432575037,0.95,volatility_qlike,descriptive_only
gk_future_7,price_only,har_ols,regime_cqr,555,1440,1440,1440,1,0.9597222222222223,0.009722222222222299,0.009722222222222299,0.025694444444444443,0.014583333333333334,0.025694444444444443,0.014583333333333334,0.13420185949843158,0.12760562146282817,0.1487046548999992,0.0009158989475433304,0.008510403122049367,0.002801717424956555,-1.7205885432575037,0.95,volatility_qlike,descriptive_only
gk_future_7,price_only,har_ols,regime_cqr,666,1440,1440,1440,1,0.9597222222222223,0.009722222222222299,0.009722222222222299,0.025694444444444443,0.014583333333333334,0.025694444444444443,0.014583333333333334,0.13420185949843158,0.12760562146282817,0.1487046548999992,0.0009158989475433304,0.008510403122049367,0.002801717424956555,-1.7205885432575037,0.95,volatility_qlike,descriptive_only
gk_future_7,price_only,har_ols,regime_sym_conformal,111,1440,1440,1440,1,0.89375,-0.05624999999999991,0.05624999999999991,0.06527777777777778,0.04097222222222222,0.06527777777777778,0.04097222222222222,0.10045594911697225,0.1021525011752136,0.15983024596191145,0.0017889476106919924,0.010145183309182015,0.0022068085383556966,-1.7164942645966088,0.95,volatility_qlike,descriptive_only
gk_future_7,price_only,har_ols,regime_sym_conformal,222,1440,1440,1440,1,0.89375,-0.05624999999999991,0.05624999999999991,0.06527777777777778,0.04097222222222222,0.06527777777777778,0.04097222222222222,0.10045594911697225,0.1021525011752136,0.15983024596191145,0.0017889476106919924,0.010145183309182015,0.0022068085383556966,-1.7164942645966088,0.95,volatility_qlike,descriptive_only
gk_future_7,price_only,har_ols,regime_sym_conformal,333,1440,1440,1440,1,0.89375,-0.05624999999999991,0.05624999999999991,0.06527777777777778,0.04097222222222222,0.06527777777777778,0.04097222222222222,0.10045594911697225,0.1021525011752136,0.15983024596191145,0.0017889476106919924,0.010145183309182015,0.0022068085383556966,-1.7164942645966088,0.95,volatility_qlike,descriptive_only
gk_future_7,price_only,har_ols,regime_sym_conformal,444,1440,1440,1440,1,0.89375,-0.05624999999999991,0.05624999999999991,0.06527777777777778,0.04097222222222222,0.06527777777777778,0.04097222222222222,0.10045594911697225,0.1021525011752136,0.15983024596191145,0.0017889476106919924,0.010145183309182015,0.0022068085383556966,-1.7164942645966088,0.95,volatility_qlike,descriptive_only
gk_future_7,price_only,har_ols,regime_sym_conformal,555,1440,1440,1440,1,0.89375,-0.05624999999999991,0.05624999999999991,0.06527777777777778,0.04097222222222222,0.06527777777777778,0.04097222222222222,0.10045594911697225,0.1021525011752136,0.15983024596191145,0.0017889476106919924,0.010145183309182015,0.0022068085383556966,-1.7164942645966088,0.95,volatility_qlike,descriptive_only
gk_future_7,price_only,har_ols,regime_sym_conformal,666,1440,1440,1440,1,0.89375,-0.05624999999999991,0.05624999999999991,0.06527777777777778,0.04097222222222222,0.06527777777777778,0.04097222222222222,0.10045594911697225,0.1021525011752136,0.15983024596191145,0.0017889476106919924,0.010145183309182015,0.0022068085383556966,-1.7164942645966088,0.95,volatility_qlike,descriptive_only
gk_future_7,price_only,har_ols,sym_conformal,111,1440,1440,1440,1,0.9104166666666667,-0.039583333333333304,0.039583333333333304,0.05138888888888889,0.03819444444444445,0.05138888888888889,0.03819444444444445,0.10226917939961512,0.1001836359176539,0.1549363872420248,0.0016820967857753152,0.010145183309182015,0.0021913128952752103,-1.7164942645966088,0.95,volatility_qlike,descriptive_only
gk_future_7,price_only,har_ols,sym_conformal,222,1440,1440,1440,1,0.9104166666666667,-0.039583333333333304,0.039583333333333304,0.05138888888888889,0.03819444444444445,0.05138888888888889,0.03819444444444445,0.10226917939961512,0.1001836359176539,0.1549363872420248,0.0016820967857753152,0.010145183309182015,0.0021913128952752103,-1.7164942645966088,0.95,volatility_qlike,descriptive_only
gk_future_7,price_only,har_ols,sym_conformal,333,1440,1440,1440,1,0.9104166666666667,-0.039583333333333304,0.039583333333333304,0.05138888888888889,0.03819444444444445,0.05138888888888889,0.03819444444444445,0.10226917939961512,0.1001836359176539,0.1549363872420248,0.0016820967857753152,0.010145183309182015,0.0021913128952752103,-1.7164942645966088,0.95,volatility_qlike,descriptive_only
gk_future_7,price_only,har_ols,sym_conformal,444,1440,1440,1440,1,0.9104166666666667,-0.039583333333333304,0.039583333333333304,0.05138888888888889,0.03819444444444445,0.05138888888888889,0.03819444444444445,0.10226917939961512,0.1001836359176539,0.1549363872420248,0.0016820967857753152,0.010145183309182015,0.0021913128952752103,-1.7164942645966088,0.95,volatility_qlike,descriptive_only
gk_future_7,price_only,har_ols,sym_conformal,555,1440,1440,1440,1,0.9104166666666667,-0.039583333333333304,0.039583333333333304,0.05138888888888889,0.03819444444444445,0.05138888888888889,0.03819444444444445,0.10226917939961512,0.1001836359176539,0.1549363872420248,0.0016820967857753152,0.010145183309182015,0.0021913128952752103,-1.7164942645966088,0.95,volatility_qlike,descriptive_only
gk_future_7,price_only,har_ols,sym_conformal,666,1440,1440,1440,1,0.9104166666666667,-0.039583333333333304,0.039583333333333304,0.05138888888888889,0.03819444444444445,0.05138888888888889,0.03819444444444445,0.10226917939961512,0.1001836359176539,0.1549363872420248,0.0016820967857753152,0.010145183309182015,0.0021913128952752103,-1.7164942645966088,0.95,volatility_qlike,descriptive_only
gk_future_7,price_only,lstm,cqr,111,1440,1440,1440,1,0.9944444444444445,0.04444444444444451,0.04444444444444451,0.0006944444444444445,0.004861111111111111,0.0006944444444444445,0.004861111111111111,0.15586556990973702,0.14846226386725903,0.15806725406356195,0.0013037134123103373,0.008662061826613788,0.0026479679392786143,-1.7197510084709762,0.95,volatility_qlike,descriptive_only
gk_future_7,price_only,lstm,cqr,222,1440,1440,1440,1,0.975,0.025000000000000022,0.025000000000000022,0.006944444444444444,0.018055555555555554,0.006944444444444444,0.018055555555555554,0.15079462016042913,0.1442249184843752,0.16174961559625964,0.0010429103989166725,0.009852014795636228,0.003000829990989722,-1.7066383769554625,0.95,volatility_qlike,descriptive_only
gk_future_7,price_only,lstm,cqr,333,1440,1440,1440,1,0.9902777777777778,0.04027777777777786,0.04027777777777786,0.001388888888888889,0.008333333333333333,0.001388888888888889,0.008333333333333333,0.1430432365475312,0.13445958837243688,0.14616932573342037,0.00111301827932059,0.009316023904981627,0.0025412148640148236,-1.7152559081014656,0.95,volatility_qlike,descriptive_only
gk_future_7,price_only,lstm,cqr,444,1440,1440,1440,1,0.9777777777777777,0.02777777777777779,0.02777777777777779,0.015277777777777777,0.006944444444444444,0.015277777777777777,0.006944444444444444,0.13190464207652924,0.12864108011126513,0.1402363844513914,0.0009346691201413663,0.008861672771369865,0.002571240491143321,-1.7164864739680148,0.95,volatility_qlike,descriptive_only
gk_future_7,price_only,lstm,cqr,555,1440,1440,1440,1,0.9645833333333333,0.014583333333333393,0.014583333333333393,0.015277777777777777,0.02013888888888889,0.015277777777777777,0.02013888888888889,0.13704777338269925,0.1276205218917002,0.15050252921123833,0.0010770812525406695,0.008919399393881021,0.00268548197774019,-1.7097827013641305,0.95,volatility_qlike,descriptive_only
gk_future_7,price_only,lstm,cqr,666,1440,1440,1440,1,0.9923611111111111,0.04236111111111118,0.04236111111111118,0.004166666666666667,0.003472222222222222,0.004166666666666667,0.003472222222222222,0.19495232115918448,0.18945103138685226,0.19748858947003625,0.0014526847149151513,0.009038886179683008,0.0034845300218356596,-1.7073634002899674,0.95,volatility_qlike,descriptive_only
gk_future_7,price_only,lstm,raw_quantile,111,1440,1440,1440,1,0.9944444444444445,0.04444444444444451,0.04444444444444451,0.0006944444444444445,0.004861111111111111,0.0006944444444444445,0.004861111111111111,0.15586556990973702,0.14846226386725903,0.15806725406356195,0.0013037134123103373,0.008662061826613788,0.0026479679392786143,-1.7197510084709762,0.95,volatility_qlike,descriptive_only
gk_future_7,price_only,lstm,raw_quantile,222,1440,1440,1440,1,0.975,0.025000000000000022,0.025000000000000022,0.006944444444444444,0.018055555555555554,0.006944444444444444,0.018055555555555554,0.14643973396483081,0.13045337190851564,0.1573947294006613,0.0009922753605141987,0.009852014795636228,0.0029425928745022366,-1.7066383769554625,0.95,volatility_qlike,descriptive_only
gk_future_7,price_only,lstm,raw_quantile,333,1440,1440,1440,1,0.9895833333333334,0.039583333333333415,0.039583333333333415,0.001388888888888889,0.009027777777777777,0.001388888888888889,0.009027777777777777,0.14043788226044848,0.1309579105582088,0.14368043994222557,0.0010805930963064965,0.009316023904981627,0.002511417902249046,-1.7152559081014656,0.95,volatility_qlike,descriptive_only
gk_future_7,price_only,lstm,raw_quantile,444,1440,1440,1440,1,0.9777777777777777,0.02777777777777779,0.02777777777777779,0.015277777777777777,0.006944444444444444,0.015277777777777777,0.006944444444444444,0.13062135323481114,0.127761211246252,0.13898374944731984,0.0009193943555610538,0.008861672771369865,0.002555199380621845,-1.7164864739680148,0.95,volatility_qlike,descriptive_only
gk_future_7,price_only,lstm,raw_quantile,555,1440,1440,1440,1,0.9638888888888889,0.01388888888888895,0.01388888888888895,0.01597222222222222,0.02013888888888889,0.01597222222222222,0.02013888888888889,0.12617553858500383,0.11515049450099465,0.1400014012081261,0.0009618341097905057,0.008919399393881021,0.0025382009204125483,-1.7097827013641305,0.95,volatility_qlike,descriptive_only
gk_future_7,price_only,lstm,raw_quantile,666,1440,1440,1440,1,0.9923611111111111,0.04236111111111118,0.04236111111111118,0.004166666666666667,0.003472222222222222,0.004166666666666667,0.003472222222222222,0.19495232115918448,0.18945103138685226,0.19748858947003625,0.0014526847149151513,0.009038886179683008,0.0034845300218356596,-1.7073634002899674,0.95,volatility_qlike,descriptive_only
gk_future_7,price_only,lstm,regime_cqr,111,1440,1440,1440,1,0.9944444444444445,0.04444444444444451,0.04444444444444451,0.0006944444444444445,0.004861111111111111,0.0006944444444444445,0.004861111111111111,0.1559726057970162,0.1485128672793507,0.15817428995084112,0.0013050513609013273,0.008662061826613788,0.0026493058878696045,-1.7197510084709762,0.95,volatility_qlike,descriptive_only
gk_future_7,price_only,lstm,regime_cqr,222,1440,1440,1440,1,0.975,0.025000000000000022,0.025000000000000022,0.006944444444444444,0.018055555555555554,0.006944444444444444,0.018055555555555554,0.15077052964985047,0.1442249184843752,0.16172552508568097,0.0010426092675344392,0.009852014795636228,0.0030005288596074886,-1.7066383769554625,0.95,volatility_qlike,descriptive_only
gk_future_7,price_only,lstm,regime_cqr,333,1440,1440,1440,1,0.9902777777777778,0.04027777777777786,0.04027777777777786,0.001388888888888889,0.008333333333333333,0.001388888888888889,0.008333333333333333,0.14306553447489612,0.13445958837243688,0.1461916236607853,0.0011132970034126515,0.009316023904981627,0.002541493588106885,-1.7152559081014656,0.95,volatility_qlike,descriptive_only
gk_future_7,price_only,lstm,regime_cqr,444,1440,1440,1440,1,0.9777777777777777,0.02777777777777779,0.02777777777777779,0.015277777777777777,0.006944444444444444,0.015277777777777777,0.006944444444444444,0.13187461652639265,0.1288273946133531,0.1402063589012548,0.0009342938007646591,0.008861672771369865,0.002570865171766614,-1.7164864739680148,0.95,volatility_qlike,descriptive_only
gk_future_7,price_only,lstm,regime_cqr,555,1440,1440,1440,1,0.9659722222222222,0.015972222222222276,0.015972222222222276,0.015277777777777777,0.01875,0.015277777777777777,0.01875,0.13759466481207733,0.1277350272500084,0.1492099573270988,0.001085189261211103,0.008919399393881021,0.0026450596719662686,-1.7097827013641305,0.95,volatility_qlike,descriptive_only
gk_future_7,price_only,lstm,regime_cqr,666,1440,1440,1440,1,0.9923611111111111,0.04236111111111118,0.04236111111111118,0.004166666666666667,0.003472222222222222,0.004166666666666667,0.003472222222222222,0.19495232115918448,0.18945103138685226,0.19748858947003625,0.0014526847149151513,0.009038886179683008,0.0034845300218356596,-1.7073634002899674,0.95,volatility_qlike,descriptive_only
gk_future_7,price_only,lstm,regime_sym_conformal,111,1440,1440,1440,1,0.8819444444444444,-0.06805555555555554,0.06805555555555554,0.07083333333333333,0.04722222222222222,0.07083333333333333,0.04722222222222222,0.10166946555854936,0.0981429944305007,0.17471550372882041,0.0020159332935104747,0.010387817912243238,0.0023519542997099394,-1.7076952571768371,0.95,volatility_qlike,descriptive_only
gk_future_7,price_only,lstm,regime_sym_conformal,222,1440,1440,1440,1,0.88125,-0.06874999999999998,0.06874999999999998,0.06319444444444444,0.05555555555555555,0.06319444444444444,0.05555555555555555,0.10291612616581355,0.10626881883755,0.17998244946764203,0.0019101941284981525,0.01022110596240221,0.002589367108192801,-1.7110895649844848,0.95,volatility_qlike,descriptive_only
gk_future_7,price_only,lstm,regime_sym_conformal,333,1440,1440,1440,1,0.8576388888888888,-0.09236111111111112,0.09236111111111112,0.08958333333333333,0.05277777777777778,0.08958333333333333,0.05277777777777778,0.0993536521136659,0.0927403482821911,0.20192010286506096,0.0026227707690526124,0.010504543566226772,0.002425231802573815,-1.7055857735719622,0.95,volatility_qlike,descriptive_only
gk_future_7,price_only,lstm,regime_sym_conformal,444,1440,1440,1440,1,0.8916666666666667,-0.05833333333333324,0.05833333333333324,0.05763888888888889,0.050694444444444445,0.05763888888888889,0.050694444444444445,0.10323016131858241,0.0964705729470709,0.17747399648638548,0.001880241029911679,0.010182545395407073,0.002556608882247861,-1.7093184779496944,0.95,volatility_qlike,descriptive_only
gk_future_7,price_only,lstm,regime_sym_conformal,555,1440,1440,1440,1,0.8909722222222223,-0.05902777777777768,0.05902777777777768,0.05138888888888889,0.05763888888888889,0.05138888888888889,0.05763888888888889,0.1030832869873493,0.0993553388713014,0.1729006817366378,0.0020069714985834096,0.010238262351917327,0.002315545544832438,-1.7103607405006016,0.95,volatility_qlike,descriptive_only
gk_future_7,price_only,lstm,regime_sym_conformal,666,1440,1440,1440,1,0.8770833333333333,-0.07291666666666663,0.07291666666666663,0.06666666666666667,0.05625,0.06666666666666667,0.05625,0.1020226618758917,0.0905608895448177,0.17921083881333771,0.0019283628693427565,0.011353685850439228,0.0025519081009905903,-1.676491139924324,0.95,volatility_qlike,descriptive_only
gk_future_7,price_only,lstm,sym_conformal,111,1440,1440,1440,1,0.8923611111111112,-0.057638888888888795,0.057638888888888795,0.06458333333333334,0.043055555555555555,0.06458333333333334,0.043055555555555555,0.10361290607187479,0.098142996430397,0.17460841118540504,0.001979610207083304,0.010387817912243238,0.0023856000725517262,-1.7076952571768371,0.95,volatility_qlike,descriptive_only
gk_future_7,price_only,lstm,sym_conformal,222,1440,1440,1440,1,0.8916666666666667,-0.05833333333333324,0.05833333333333324,0.05277777777777778,0.05555555555555555,0.05277777777777778,0.05555555555555555,0.10454666188193688,0.09553841874003405,0.17060384298727385,0.001788526920306751,0.01022110596240221,0.002476569154374998,-1.7110895649844848,0.95,volatility_qlike,descriptive_only
gk_future_7,price_only,lstm,sym_conformal,333,1440,1440,1440,1,0.8784722222222222,-0.07152777777777775,0.07152777777777775,0.07847222222222222,0.043055555555555555,0.07847222222222222,0.043055555555555555,0.10180761682180063,0.0927403531968593,0.19612287035554385,0.002560595353946986,0.010504543566226772,0.002342476404941514,-1.7055857735719622,0.95,volatility_qlike,descriptive_only
gk_future_7,price_only,lstm,sym_conformal,444,1440,1440,1440,1,0.9034722222222222,-0.046527777777777724,0.046527777777777724,0.052083333333333336,0.044444444444444446,0.052083333333333336,0.044444444444444446,0.10587026162021272,0.0964705757796764,0.1728410724766003,0.0018698268687512315,0.010182545395407073,0.0024511999431636794,-1.7093184779496944,0.95,volatility_qlike,descriptive_only
gk_future_7,price_only,lstm,sym_conformal,555,1440,1440,1440,1,0.8986111111111111,-0.05138888888888882,0.05138888888888882,0.049305555555555554,0.052083333333333336,0.049305555555555554,0.052083333333333336,0.10380573611861711,0.09682369045913214,0.17348510958501373,0.0020214354066002273,0.010238262351917327,0.0023156923330250176,-1.7103607405006016,0.95,volatility_qlike,descriptive_only
gk_future_7,price_only,lstm,sym_conformal,666,1440,1440,1440,1,0.8916666666666667,-0.05833333333333324,0.05833333333333324,0.05486111111111111,0.05347222222222222,0.05486111111111111,0.05347222222222222,0.10391652150752226,0.090560894459486,0.17427597398463152,0.0018517481805232926,0.011353685850439228,0.002505151169092397,-1.676491139924324,0.95,volatility_qlike,descriptive_only
gk_future_7,price_only,rf,cqr,111,1440,1440,1440,1,0.9284722222222223,-0.0215277777777777,0.0215277777777777,0.03888888888888889,0.03263888888888889,0.03888888888888889,0.03263888888888889,0.12300767359433548,0.1109067998180249,0.1578415627875349,0.0011242067779090104,0.010257106170749132,0.002821832291779268,-1.7083235731960391,0.95,volatility_qlike,descriptive_only
gk_future_7,price_only,rf,cqr,222,1440,1440,1440,1,0.9125,-0.03749999999999998,0.03749999999999998,0.03680555555555556,0.050694444444444445,0.03680555555555556,0.050694444444444445,0.10742823254816557,0.09713465803292115,0.15655485424564533,0.001220862628380793,0.008956323281961527,0.0026930087277602425,-1.7227327391993361,0.95,volatility_qlike,descriptive_only
gk_future_7,price_only,rf,cqr,333,1440,1440,1440,1,0.90625,-0.043749999999999956,0.043749999999999956,0.044444444444444446,0.049305555555555554,0.044444444444444446,0.049305555555555554,0.11021916003428056,0.099056068046043,0.16138840475731278,0.00130557155518401,0.009466164796634079,0.002729138563748714,-1.7178245089458986,0.95,volatility_qlike,descriptive_only
gk_future_7,price_only,rf,cqr,444,1440,1440,1440,1,0.9090277777777778,-0.04097222222222219,0.04097222222222219,0.04513888888888889,0.04583333333333333,0.04513888888888889,0.04583333333333333,0.10988816283862175,0.10201669129055625,0.16045762904658942,0.0013149369927244546,0.009431101682131801,0.0026965037334401847,-1.7178311574228056,0.95,volatility_qlike,descriptive_only
gk_future_7,price_only,rf,cqr,555,1440,1440,1440,1,0.9041666666666667,-0.04583333333333328,0.04583333333333328,0.04583333333333333,0.05,0.04583333333333333,0.05,0.1098585946770261,0.0977316705754797,0.16534619935163125,0.0013698801956397724,0.009826695472972963,0.0027637747881509135,-1.7147037921664772,0.95,volatility_qlike,descriptive_only
gk_future_7,price_only,rf,cqr,666,1440,1440,1440,1,0.9048611111111111,-0.04513888888888884,0.04513888888888884,0.04513888888888889,0.05,0.04513888888888889,0.05,0.1097601606363298,0.10006448001265755,0.16346156378820925,0.0013396901791722887,0.00984356728215581,0.002746848915532847,-1.7145727284366956,0.95,volatility_qlike,descriptive_only
gk_future_7,price_only,rf,raw_quantile,111,1440,1440,1440,1,0.8090277777777778,-0.14097222222222217,0.14097222222222217,0.14097222222222222,0.05,0.14097222222222222,0.05,0.0888803540151171,0.07476561229823589,0.18017582002568505,0.001394510294276756,0.010257106170749132,0.003109885206365279,-1.7083235731960391,0.95,volatility_qlike,descriptive_only
gk_future_7,price_only,rf,raw_quantile,222,1440,1440,1440,1,0.5881944444444445,-0.3618055555555555,0.3618055555555555,0.31875,0.09305555555555556,0.31875,0.09305555555555556,0.051229534293985274,0.03938714358976575,0.25801008129669467,0.002928500229025212,0.008956323281961527,0.0035217518033920647,-1.7227327391993361,0.95,volatility_qlike,descriptive_only
gk_future_7,price_only,rf,raw_quantile,333,1440,1440,1440,1,0.5534722222222223,-0.3965277777777777,0.3965277777777777,0.34444444444444444,0.10208333333333333,0.34444444444444444,0.10208333333333333,0.04843622055078982,0.03570012955994385,0.286445195118957,0.0033828655188276715,0.009466164796634079,0.0037782643591461624,-1.7178245089458986,0.95,volatility_qlike,descriptive_only
gk_future_7,price_only,rf,raw_quantile,444,1440,1440,1440,1,0.5576388888888889,-0.39236111111111105,0.39236111111111105,0.33541666666666664,0.10694444444444444,0.33541666666666664,0.10694444444444444,0.048155653215028474,0.0355992476591792,0.285369598900128,0.003340477652020123,0.009431101682131801,0.0037937623204829843,-1.7178311574228056,0.95,volatility_qlike,descriptive_only
gk_future_7,price_only,rf,raw_quantile,555,1440,1440,1440,1,0.5270833333333333,-0.4229166666666666,0.4229166666666666,0.36180555555555555,0.1111111111111111,0.36180555555555555,0.1111111111111111,0.04544211030638277,0.0330032333733451,0.3067000417771272,0.0036808323893046152,0.009826695472972963,0.00398666865512347,-1.7147037921664772,0.95,volatility_qlike,descriptive_only
gk_future_7,price_only,rf,raw_quantile,666,1440,1440,1440,1,0.525,-0.42499999999999993,0.42499999999999993,0.36041666666666666,0.11458333333333333,0.36041666666666666,0.11458333333333333,0.04567468106970841,0.0332475540150104,0.30615522923076455,0.003688193683382997,0.00984356728215581,0.003965687047386024,-1.7145727284366956,0.95,volatility_qlike,descriptive_only
gk_future_7,price_only,rf,regime_cqr,111,1440,1440,1440,1,0.9229166666666667,-0.027083333333333237,0.027083333333333237,0.041666666666666664,0.035416666666666666,0.041666666666666664,0.035416666666666666,0.12127993641945409,0.10998407824924285,0.16043569725925041,0.0011228783515921758,0.010257106170749132,0.0028880140798889886,-1.7083235731960391,0.95,volatility_qlike,descriptive_only
gk_future_7,price_only,rf,regime_cqr,222,1440,1440,1440,1,0.9006944444444445,-0.04930555555555549,0.04930555555555549,0.04583333333333333,0.05347222222222222,0.04583333333333333,0.05347222222222222,0.10441937141027867,0.0921051283023881,0.15786609925335313,0.0012277983225714893,0.008956323281961527,0.0027188541587622427,-1.7227327391993361,0.95,volatility_qlike,descriptive_only
gk_future_7,price_only,rf,regime_cqr,333,1440,1440,1440,1,0.8923611111111112,-0.057638888888888795,0.057638888888888795,0.050694444444444445,0.05694444444444444,0.050694444444444445,0.05694444444444444,0.10710503460085169,0.09578038315714846,0.16235132880367636,0.0012889745417485447,0.009466164796634079,0.0027698086783432686,-1.7178245089458986,0.95,volatility_qlike,descriptive_only
gk_future_7,price_only,rf,regime_cqr,444,1440,1440,1440,1,0.8972222222222223,-0.0527777777777777,0.0527777777777777,0.049305555555555554,0.05347222222222222,0.049305555555555554,0.05347222222222222,0.10674146097115494,0.0962040703676171,0.16206580662168993,0.0012952247750775447,0.009431101682131801,0.0027564203904646076,-1.7178311574228056,0.95,volatility_qlike,descriptive_only
gk_future_7,price_only,rf,regime_cqr,555,1440,1440,1440,1,0.8958333333333334,-0.054166666666666585,0.054166666666666585,0.05,0.05416666666666667,0.05,0.05416666666666667,0.10798981276523825,0.09887174356242355,0.16528239768466765,0.0013551598578714413,0.009826695472972963,0.002776900084245156,-1.7147037921664772,0.95,volatility_qlike,descriptive_only
gk_future_7,price_only,rf,regime_cqr,666,1440,1440,1440,1,0.89375,-0.05624999999999991,0.05624999999999991,0.049305555555555554,0.05694444444444444,0.049305555555555554,0.05694444444444444,0.10667894450651157,0.09693194127634899,0.16402857792971007,0.001307287812818783,0.00984356728215581,0.0027934266354238727,-1.7145727284366956,0.95,volatility_qlike,descriptive_only
gk_future_7,price_only,rf,regime_sym_conformal,111,1440,1440,1440,1,0.8430555555555556,-0.1069444444444444,0.1069444444444444,0.10138888888888889,0.05555555555555555,0.10138888888888889,0.05555555555555555,0.10163396408984582,0.0924092332883114,0.23646763196243717,0.003260964382687415,0.01118496801652261,0.002650726416373418,-1.7027742377942698,0.95,volatility_qlike,descriptive_only
gk_future_7,price_only,rf,regime_sym_conformal,222,1440,1440,1440,1,0.8611111111111112,-0.0888888888888888,0.0888888888888888,0.06805555555555555,0.07083333333333333,0.06805555555555555,0.07083333333333333,0.09362391882365964,0.0853159612548547,0.16700733322658579,0.0015443364765215493,0.009542069676612516,0.002630846854142999,-1.7191507340292906,0.95,volatility_qlike,descriptive_only
gk_future_7,price_only,rf,regime_sym_conformal,333,1440,1440,1440,1,0.8604166666666667,-0.08958333333333324,0.08958333333333324,0.07222222222222222,0.06736111111111111,0.07222222222222222,0.06736111111111111,0.09722443947013544,0.0924440165550564,0.19613282466506907,0.0022193597277814937,0.009966464748226026,0.002683960888845139,-1.7145481152895066,0.95,volatility_qlike,descriptive_only
gk_future_7,price_only,rf,regime_sym_conformal,444,1440,1440,1440,1,0.8597222222222223,-0.09027777777777768,0.09027777777777768,0.07152777777777777,0.06875,0.07152777777777777,0.06875,0.09748000057564513,0.0921095855759577,0.1968707754911119,0.002220120306897457,0.009934329185232703,0.002701649080380244,-1.714836498447173,0.95,volatility_qlike,descriptive_only
gk_future_7,price_only,rf,regime_sym_conformal,555,1440,1440,1440,1,0.8555555555555555,-0.09444444444444444,0.09444444444444444,0.07291666666666667,0.07152777777777777,0.07291666666666667,0.07152777777777777,0.09944886403266823,0.0926711837253988,0.21698273081258,0.00264973204966913,0.01019116628991045,0.0027748362206452735,-1.7122689546612908,0.95,volatility_qlike,descriptive_only
gk_future_7,price_only,rf,regime_sym_conformal,666,1440,1440,1440,1,0.8520833333333333,-0.09791666666666665,0.09791666666666665,0.07777777777777778,0.07013888888888889,0.07777777777777778,0.07013888888888889,0.09906733367412157,0.092836110671167,0.217246868835076,0.002658955489058275,0.010223041642293436,0.00277221623181853,-1.711986459300293,0.95,volatility_qlike,descriptive_only
gk_future_7,price_only,rf,sym_conformal,111,1440,1440,1440,1,0.8673611111111111,-0.08263888888888882,0.08263888888888882,0.08958333333333333,0.043055555555555555,0.08958333333333333,0.043055555555555555,0.10538436636641754,0.09361081855857276,0.2264325033807697,0.0031003641193527516,0.01118496801652261,0.0025604484651663957,-1.7027742377942698,0.95,volatility_qlike,descriptive_only
gk_future_7,price_only,rf,sym_conformal,222,1440,1440,1440,1,0.8791666666666667,-0.0708333333333333,0.0708333333333333,0.05763888888888889,0.06319444444444444,0.05763888888888889,0.06319444444444444,0.09588995101818555,0.08558272070037601,0.16449958711380386,0.00154624949573125,0.009542069676612516,0.0025662401821137486,-1.7191507340292906,0.95,volatility_qlike,descriptive_only
gk_future_7,price_only,rf,sym_conformal,333,1440,1440,1440,1,0.8798611111111111,-0.07013888888888886,0.07013888888888886,0.059027777777777776,0.06111111111111111,0.059027777777777776,0.06111111111111111,0.09979962523131124,0.09072032934375504,0.19356215601051222,0.0021948277303519416,0.009966464748226026,0.0026442261699107703,-1.7145481152895066,0.95,volatility_qlike,descriptive_only
gk_future_7,price_only,rf,sym_conformal,444,1440,1440,1440,1,0.88125,-0.06874999999999998,0.06874999999999998,0.05625,0.0625,0.05625,0.0625,0.1000963172873323,0.09039536690085505,0.1942965685958518,0.002199929040764142,0.009934329185232703,0.002657485174132056,-1.714836498447173,0.95,volatility_qlike,descriptive_only
gk_future_7,price_only,rf,sym_conformal,555,1440,1440,1440,1,0.8743055555555556,-0.0756944444444444,0.0756944444444444,0.06041666666666667,0.06527777777777778,0.06041666666666667,0.06527777777777778,0.10235536429567355,0.0919508959601947,0.21504467958553866,0.0026327971236654725,0.01019116628991045,0.002743319865972898,-1.7122689546612908,0.95,volatility_qlike,descriptive_only
gk_future_7,price_only,rf,sym_conformal,666,1440,1440,1440,1,0.8736111111111111,-0.07638888888888884,0.07638888888888884,0.06180555555555556,0.06458333333333334,0.06180555555555556,0.06458333333333334,0.10193497028907099,0.09191675388922754,0.21567023891071774,0.0026363214234482934,0.010223041642293436,0.002755434549319554,-1.711986459300293,0.95,volatility_qlike,descriptive_only
gk_future_7,price_only,ridge,cqr,111,1440,1440,1440,1,0.98125,0.03125,0.03125,0.01875,0.0,0.01875,0.0,0.16756639284094574,0.16854187857905525,0.1716269737950728,0.0011114033715093794,0.008282519585273238,0.0031792709733673443,-1.7232002732916993,0.95,volatility_qlike,descriptive_only
gk_future_7,price_only,ridge,cqr,222,1440,1440,1440,1,0.98125,0.03125,0.03125,0.01875,0.0,0.01875,0.0,0.16756639284094574,0.16854187857905525,0.1716269737950728,0.0011114033715093794,0.008283627199609372,0.0031792709733673443,-1.723188168373267,0.95,volatility_qlike,descriptive_only
gk_future_7,price_only,ridge,cqr,333,1440,1440,1440,1,0.98125,0.03125,0.03125,0.01875,0.0,0.01875,0.0,0.16756639284094574,0.16854187857905525,0.1716269737950728,0.0011114033715093794,0.008261504807945661,0.0031792709733673443,-1.723407824926242,0.95,volatility_qlike,descriptive_only
gk_future_7,price_only,ridge,cqr,444,1440,1440,1440,1,0.98125,0.03125,0.03125,0.01875,0.0,0.01875,0.0,0.16756639284094574,0.16854187857905525,0.1716269737950728,0.0011114033715093794,0.008258387305574382,0.0031792709733673443,-1.7234532493297974,0.95,volatility_qlike,descriptive_only
gk_future_7,price_only,ridge,cqr,555,1440,1440,1440,1,0.98125,0.03125,0.03125,0.01875,0.0,0.01875,0.0,0.16756639284094574,0.16854187857905525,0.1716269737950728,0.0011114033715093794,0.008286712473852556,0.0031792709733673443,-1.7231283591839441,0.95,volatility_qlike,descriptive_only
gk_future_7,price_only,ridge,cqr,666,1440,1440,1440,1,0.98125,0.03125,0.03125,0.01875,0.0,0.01875,0.0,0.16756639284094574,0.16854187857905525,0.1716269737950728,0.0011114033715093794,0.008291131942142838,0.0031792709733673443,-1.723112895725813,0.95,volatility_qlike,descriptive_only
gk_future_7,price_only,ridge,raw_quantile,111,1440,1440,1440,1,0.98125,0.03125,0.03125,0.01875,0.0,0.01875,0.0,0.1666079249853372,0.16654538051523077,0.17080002777354059,0.0011027105691661806,0.008282519585273238,0.0031672901251722373,-1.7232002732916993,0.95,volatility_qlike,descriptive_only
gk_future_7,price_only,ridge,raw_quantile,222,1440,1440,1440,1,0.98125,0.03125,0.03125,0.01875,0.0,0.01875,0.0,0.1666079249853372,0.16654538051523077,0.17080002777354059,0.0011027105691661806,0.008283627199609372,0.0031672901251722373,-1.723188168373267,0.95,volatility_qlike,descriptive_only
gk_future_7,price_only,ridge,raw_quantile,333,1440,1440,1440,1,0.98125,0.03125,0.03125,0.01875,0.0,0.01875,0.0,0.1666079249853372,0.16654538051523077,0.17080002777354059,0.0011027105691661806,0.008261504807945661,0.0031672901251722373,-1.723407824926242,0.95,volatility_qlike,descriptive_only
gk_future_7,price_only,ridge,raw_quantile,444,1440,1440,1440,1,0.98125,0.03125,0.03125,0.01875,0.0,0.01875,0.0,0.1666079249853372,0.16654538051523077,0.17080002777354059,0.0011027105691661806,0.008258387305574382,0.0031672901251722373,-1.7234532493297974,0.95,volatility_qlike,descriptive_only
gk_future_7,price_only,ridge,raw_quantile,555,1440,1440,1440,1,0.98125,0.03125,0.03125,0.01875,0.0,0.01875,0.0,0.1666079249853372,0.16654538051523077,0.17080002777354059,0.0011027105691661806,0.008286712473852556,0.0031672901251722373,-1.7231283591839441,0.95,volatility_qlike,descriptive_only
gk_future_7,price_only,ridge,raw_quantile,666,1440,1440,1440,1,0.98125,0.03125,0.03125,0.01875,0.0,0.01875,0.0,0.1666079249853372,0.16654538051523077,0.17080002777354059,0.0011027105691661806,0.008291131942142838,0.0031672901251722373,-1.723112895725813,0.95,volatility_qlike,descriptive_only
gk_future_7,price_only,ridge,regime_cqr,111,1440,1440,1440,1,0.98125,0.03125,0.03125,0.01875,0.0,0.01875,0.0,0.16690867406193008,0.16854187857905525,0.17096925501605714,0.0011031818867716838,0.008282519585273238,0.003171049488629649,-1.7232002732916993,0.95,volatility_qlike,descriptive_only
gk_future_7,price_only,ridge,regime_cqr,222,1440,1440,1440,1,0.98125,0.03125,0.03125,0.01875,0.0,0.01875,0.0,0.16690867406193008,0.16854187857905525,0.17096925501605714,0.0011031818867716838,0.008283627199609372,0.003171049488629649,-1.723188168373267,0.95,volatility_qlike,descriptive_only
gk_future_7,price_only,ridge,regime_cqr,333,1440,1440,1440,1,0.98125,0.03125,0.03125,0.01875,0.0,0.01875,0.0,0.16690867406193008,0.16854187857905525,0.17096925501605714,0.0011031818867716838,0.008261504807945661,0.003171049488629649,-1.723407824926242,0.95,volatility_qlike,descriptive_only
gk_future_7,price_only,ridge,regime_cqr,444,1440,1440,1440,1,0.98125,0.03125,0.03125,0.01875,0.0,0.01875,0.0,0.16690867406193008,0.16854187857905525,0.17096925501605714,0.0011031818867716838,0.008258387305574382,0.003171049488629649,-1.7234532493297974,0.95,volatility_qlike,descriptive_only
gk_future_7,price_only,ridge,regime_cqr,555,1440,1440,1440,1,0.98125,0.03125,0.03125,0.01875,0.0,0.01875,0.0,0.16690867406193008,0.16854187857905525,0.17096925501605714,0.0011031818867716838,0.008286712473852556,0.003171049488629649,-1.7231283591839441,0.95,volatility_qlike,descriptive_only
gk_future_7,price_only,ridge,regime_cqr,666,1440,1440,1440,1,0.98125,0.03125,0.03125,0.01875,0.0,0.01875,0.0,0.16690867406193008,0.16854187857905525,0.17096925501605714,0.0011031818867716838,0.008291131942142838,0.003171049488629649,-1.723112895725813,0.95,volatility_qlike,descriptive_only
gk_future_7,price_only,ridge,regime_sym_conformal,111,1440,1440,1440,1,0.9006944444444445,-0.04930555555555549,0.04930555555555549,0.050694444444444445,0.04861111111111111,0.050694444444444445,0.04861111111111111,0.0982743696636914,0.0969027217711405,0.15612355808775555,0.001595356314555089,0.00969240533844949,0.0023077326376387043,-1.7205902247118396,0.95,volatility_qlike,descriptive_only
gk_future_7,price_only,ridge,regime_sym_conformal,222,1440,1440,1440,1,0.9006944444444445,-0.04930555555555549,0.04930555555555549,0.050694444444444445,0.04861111111111111,0.050694444444444445,0.04861111111111111,0.09827385757537578,0.096906833656913,0.15612222654163732,0.001595306738802234,0.009692308496083045,0.0023077489247386044,-1.7205909407316728,0.95,volatility_qlike,descriptive_only
gk_future_7,price_only,ridge,regime_sym_conformal,333,1440,1440,1440,1,0.9013888888888889,-0.04861111111111105,0.04861111111111105,0.05,0.04861111111111111,0.05,0.04861111111111111,0.09828226928008087,0.0968384887116173,0.1561446187036644,0.0015961392779573012,0.00969391758862543,0.0023074761896342143,-1.720579082743498,0.95,volatility_qlike,descriptive_only
gk_future_7,price_only,ridge,regime_sym_conformal,444,1440,1440,1440,1,0.9013888888888889,-0.04861111111111105,0.04861111111111105,0.05,0.04861111111111111,0.05,0.04861111111111111,0.09828625114466953,0.0968054841191508,0.15615541276164113,0.0015965424491505178,0.009694694718142074,0.002307342869890413,-1.7205733889550767,0.95,volatility_qlike,descriptive_only
gk_future_7,price_only,ridge,regime_sym_conformal,555,1440,1440,1440,1,0.9006944444444445,-0.04930555555555549,0.04930555555555549,0.050694444444444445,0.04861111111111111,0.050694444444444445,0.04861111111111111,0.0982710218626967,0.0969294950119319,0.15611487780517708,0.0015950335270758348,0.009691774687166735,0.0023078384180534963,-1.7205948928717254,0.95,volatility_qlike,descriptive_only
gk_future_7,price_only,ridge,regime_sym_conformal,666,1440,1440,1440,1,0.9006944444444445,-0.04930555555555549,0.04930555555555549,0.050694444444444445,0.04861111111111111,0.050694444444444445,0.04861111111111111,0.09826983293012785,0.0969389423389804,0.15611180901906888,0.001594919630135045,0.009691552097205606,0.002307875595341579,-1.7205965435068826,0.95,volatility_qlike,descriptive_only
gk_future_7,price_only,ridge,sym_conformal,111,1440,1440,1440,1,0.9173611111111111,-0.032638888888888884,0.032638888888888884,0.03680555555555556,0.04583333333333333,0.03680555555555556,0.04583333333333333,0.09954567823777956,0.094332531147471,0.1526139700721347,0.0015278339533807612,0.00969240533844949,0.002287515298422511,-1.7205902247118396,0.95,volatility_qlike,descriptive_only
gk_future_7,price_only,ridge,sym_conformal,222,1440,1440,1440,1,0.9173611111111111,-0.032638888888888884,0.032638888888888884,0.03680555555555556,0.04583333333333333,0.03680555555555556,0.04583333333333333,0.09954583689677649,0.09433481833739074,0.1526112376731544,0.0015277504055232383,0.009692308496083045,0.0022875305363055276,-1.7205909407316728,0.95,volatility_qlike,descriptive_only
gk_future_7,price_only,ridge,sym_conformal,333,1440,1440,1440,1,0.9173611111111111,-0.032638888888888884,0.032638888888888884,0.03680555555555556,0.04583333333333333,0.03680555555555556,0.04583333333333333,0.09954303620844797,0.09429644227113435,0.15265670562036218,0.0015291420633516584,0.00969391758862543,0.0022872755771573008,-1.720579082743498,0.95,volatility_qlike,descriptive_only
gk_future_7,price_only,ridge,sym_conformal,444,1440,1440,1440,1,0.9173611111111111,-0.032638888888888884,0.032638888888888884,0.03680555555555556,0.04583333333333333,0.03680555555555556,0.04583333333333333,0.09954155276847089,0.09427762795055035,0.1526787022227393,0.0015298164535237524,0.009694694718142074,0.0022871511020446334,-1.7205733889550767,0.95,volatility_qlike,descriptive_only
gk_future_7,price_only,ridge,sym_conformal,555,1440,1440,1440,1,0.9173611111111111,-0.032638888888888884,0.032638888888888884,0.03680555555555556,0.04583333333333333,0.03680555555555556,0.04583333333333333,0.09954668934345234,0.09434737496872064,0.15259618571623254,0.00152729034982394,0.009691774687166735,0.0022876142930817775,-1.7205948928717254,0.95,volatility_qlike,descriptive_only
gk_future_7,price_only,ridge,sym_conformal,666,1440,1440,1440,1,0.9173611111111111,-0.032638888888888884,0.032638888888888884,0.03680555555555556,0.04583333333333333,0.03680555555555556,0.04583333333333333,0.09954703381452694,0.0943525857186408,0.15258991395106694,0.0015270987470985178,0.009691552097205606,0.0022876491016780593,-1.7205965435068826,0.95,volatility_qlike,descriptive_only
ret_future_1,price_only,gbr,regime_sym_conformal,111,1440,1440,1440,1,0.9472222222222222,-0.002777777777777768,0.002777777777777768,0.025694444444444443,0.027083333333333334,0.025694444444444443,0.027083333333333334,0.12553772872204938,0.1180946532417101,0.16803781886820293,0.0021226669978464383,0.010495525396334986,0.002078278473858539,0.0008795434006315361,0.95,return_squared_error,descriptive_only
ret_future_1,price_only,gbr,regime_sym_conformal,222,1440,1440,1440,1,0.94375,-0.006249999999999978,0.006249999999999978,0.02847222222222222,0.027777777777777776,0.02847222222222222,0.027777777777777776,0.13030779262016717,0.1205124440862371,0.17478009464923164,0.0022569867393272746,0.011019402009147304,0.0021125156269034204,0.0009432897433090725,0.95,return_squared_error,descriptive_only
ret_future_1,price_only,gbr,regime_sym_conformal,333,1440,1440,1440,1,0.95,0.0,0.0,0.02361111111111111,0.02638888888888889,0.02361111111111111,0.02638888888888889,0.13038422569408334,0.1219994698955302,0.17750374996901297,0.002230159226517132,0.010956855824831566,0.0022074345227080954,0.0009429129672887741,0.95,return_squared_error,descriptive_only
ret_future_1,price_only,gbr,regime_sym_conformal,444,1440,1440,1440,1,0.9513888888888888,0.001388888888888884,0.001388888888888884,0.025694444444444443,0.022916666666666665,0.025694444444444443,0.022916666666666665,0.12550380215336238,0.1196828383513377,0.1676355153680073,0.002109539857853387,0.010234393959876171,0.0020813480263467007,0.0008422291471521201,0.95,return_squared_error,descriptive_only
ret_future_1,price_only,gbr,regime_sym_conformal,555,1440,1440,1440,1,0.9402777777777778,-0.009722222222222188,0.009722222222222188,0.034027777777777775,0.025694444444444443,0.034027777777777775,0.025694444444444443,0.1257871112793304,0.11833446207096475,0.17114211400842552,0.002195014973894956,0.01112568681185377,0.0020835378763155842,0.0009553418472895601,0.95,return_squared_error,descriptive_only
ret_future_1,price_only,gbr,regime_sym_conformal,666,1440,1440,1440,1,0.94375,-0.006249999999999978,0.006249999999999978,0.027777777777777776,0.02847222222222222,0.027777777777777776,0.02847222222222222,0.12634577715410286,0.1192839090872521,0.17316886819888352,0.002231805757416306,0.010549266826003885,0.002097415947555685,0.0008871792018253031,0.95,return_squared_error,descriptive_only
ret_future_1,price_only,gbr,sym_conformal,111,1440,1440,1440,1,0.9541666666666667,0.004166666666666763,0.004166666666666763,0.024305555555555556,0.021527777777777778,0.024305555555555556,0.021527777777777778,0.13015738640403993,0.11844410880692804,0.1748029124883926,0.002234999643930331,0.010495525396334986,0.0021350731682793886,0.0008795434006315361,0.95,return_squared_error,descriptive_only
ret_future_1,price_only,gbr,sym_conformal,222,1440,1440,1440,1,0.9513888888888888,0.001388888888888884,0.001388888888888884,0.025,0.02361111111111111,0.025,0.02361111111111111,0.13617072218038895,0.1226465232337696,0.180144485165776,0.002316424463886723,0.011019402009147304,0.00218718766525758,0.0009432897433090725,0.95,return_squared_error,descriptive_only
ret_future_1,price_only,gbr,sym_conformal,333,1440,1440,1440,1,0.9527777777777777,0.002777777777777768,0.002777777777777768,0.02361111111111111,0.02361111111111111,0.02361111111111111,0.02361111111111111,0.13508704019251175,0.1260935259218566,0.18229918652740204,0.002299983234532355,0.010956855824831566,0.002257496428652599,0.0009429129672887741,0.95,return_squared_error,descriptive_only
ret_future_1,price_only,gbr,sym_conformal,444,1440,1440,1440,1,0.9541666666666667,0.004166666666666763,0.004166666666666763,0.024305555555555556,0.021527777777777778,0.024305555555555556,0.021527777777777778,0.13148315979522196,0.1249209156148375,0.1747411106828762,0.0022237740357998123,0.010234393959876171,0.0021447537312719984,0.0008422291471521201,0.95,return_squared_error,descriptive_only
ret_future_1,price_only,gbr,sym_conformal,555,1440,1440,1440,1,0.9493055555555555,-0.000694444444444442,0.000694444444444442,0.029166666666666667,0.021527777777777778,0.029166666666666667,0.021527777777777778,0.13207458646232917,0.12345507990643881,0.17414893074092014,0.002223030867646816,0.01112568681185377,0.002130692400876092,0.0009553418472895601,0.95,return_squared_error,descriptive_only
ret_future_1,price_only,gbr,sym_conformal,666,1440,1440,1440,1,0.95,0.0,0.0,0.024305555555555556,0.025694444444444443,0.024305555555555556,0.025694444444444443,0.13069063517120255,0.12129861268644204,0.17797657380616516,0.002279287526894799,0.010549266826003885,0.002170126818259232,0.0008871792018253031,0.95,return_squared_error,descriptive_only
ret_future_1,price_only,har_ols,regime_sym_conformal,111,1440,1440,1440,1,0.9569444444444445,0.006944444444444531,0.006944444444444531,0.020833333333333332,0.022222222222222223,0.020833333333333332,0.022222222222222223,0.12861587704642277,0.1213729896736634,0.1645751929342499,0.0020613746245459227,0.009981401993653499,0.0020530051988102266,0.0008295261803436581,0.95,return_squared_error,descriptive_only
ret_future_1,price_only,har_ols,regime_sym_conformal,222,1440,1440,1440,1,0.9569444444444445,0.006944444444444531,0.006944444444444531,0.020833333333333332,0.022222222222222223,0.020833333333333332,0.022222222222222223,0.12861587704642277,0.1213729896736634,0.1645751929342499,0.0020613746245459227,0.009981401993653499,0.0020530051988102266,0.0008295261803436581,0.95,return_squared_error,descriptive_only
ret_future_1,price_only,har_ols,regime_sym_conformal,333,1440,1440,1440,1,0.9569444444444445,0.006944444444444531,0.006944444444444531,0.020833333333333332,0.022222222222222223,0.020833333333333332,0.022222222222222223,0.12861587704642277,0.1213729896736634,0.1645751929342499,0.0020613746245459227,0.009981401993653499,0.0020530051988102266,0.0008295261803436581,0.95,return_squared_error,descriptive_only
ret_future_1,price_only,har_ols,regime_sym_conformal,444,1440,1440,1440,1,0.9569444444444445,0.006944444444444531,0.006944444444444531,0.020833333333333332,0.022222222222222223,0.020833333333333332,0.022222222222222223,0.12861587704642277,0.1213729896736634,0.1645751929342499,0.0020613746245459227,0.009981401993653499,0.0020530051988102266,0.0008295261803436581,0.95,return_squared_error,descriptive_only
ret_future_1,price_only,har_ols,regime_sym_conformal,555,1440,1440,1440,1,0.9569444444444445,0.006944444444444531,0.006944444444444531,0.020833333333333332,0.022222222222222223,0.020833333333333332,0.022222222222222223,0.12861587704642277,0.1213729896736634,0.1645751929342499,0.0020613746245459227,0.009981401993653499,0.0020530051988102266,0.0008295261803436581,0.95,return_squared_error,descriptive_only
ret_future_1,price_only,har_ols,regime_sym_conformal,666,1440,1440,1440,1,0.9569444444444445,0.006944444444444531,0.006944444444444531,0.020833333333333332,0.022222222222222223,0.020833333333333332,0.022222222222222223,0.12861587704642277,0.1213729896736634,0.1645751929342499,0.0020613746245459227,0.009981401993653499,0.0020530051988102266,0.0008295261803436581,0.95,return_squared_error,descriptive_only
ret_future_1,price_only,har_ols,sym_conformal,111,1440,1440,1440,1,0.9569444444444445,0.006944444444444531,0.006944444444444531,0.01875,0.024305555555555556,0.01875,0.024305555555555556,0.13064789168302696,0.12247964642515835,0.17016818216322832,0.0021360506281823274,0.009981401993653499,0.0021181539258982827,0.0008295261803436581,0.95,return_squared_error,descriptive_only
ret_future_1,price_only,har_ols,sym_conformal,222,1440,1440,1440,1,0.9569444444444445,0.006944444444444531,0.006944444444444531,0.01875,0.024305555555555556,0.01875,0.024305555555555556,0.13064789168302696,0.12247964642515835,0.17016818216322832,0.0021360506281823274,0.009981401993653499,0.0021181539258982827,0.0008295261803436581,0.95,return_squared_error,descriptive_only
ret_future_1,price_only,har_ols,sym_conformal,333,1440,1440,1440,1,0.9569444444444445,0.006944444444444531,0.006944444444444531,0.01875,0.024305555555555556,0.01875,0.024305555555555556,0.13064789168302696,0.12247964642515835,0.17016818216322832,0.0021360506281823274,0.009981401993653499,0.0021181539258982827,0.0008295261803436581,0.95,return_squared_error,descriptive_only
ret_future_1,price_only,har_ols,sym_conformal,444,1440,1440,1440,1,0.9569444444444445,0.006944444444444531,0.006944444444444531,0.01875,0.024305555555555556,0.01875,0.024305555555555556,0.13064789168302696,0.12247964642515835,0.17016818216322832,0.0021360506281823274,0.009981401993653499,0.0021181539258982827,0.0008295261803436581,0.95,return_squared_error,descriptive_only
ret_future_1,price_only,har_ols,sym_conformal,555,1440,1440,1440,1,0.9569444444444445,0.006944444444444531,0.006944444444444531,0.01875,0.024305555555555556,0.01875,0.024305555555555556,0.13064789168302696,0.12247964642515835,0.17016818216322832,0.0021360506281823274,0.009981401993653499,0.0021181539258982827,0.0008295261803436581,0.95,return_squared_error,descriptive_only
ret_future_1,price_only,har_ols,sym_conformal,666,1440,1440,1440,1,0.9569444444444445,0.006944444444444531,0.006944444444444531,0.01875,0.024305555555555556,0.01875,0.024305555555555556,0.13064789168302696,0.12247964642515835,0.17016818216322832,0.0021360506281823274,0.009981401993653499,0.0021181539258982827,0.0008295261803436581,0.95,return_squared_error,descriptive_only
ret_future_1,price_only,rf,regime_sym_conformal,111,1440,1440,1440,1,0.9513888888888888,0.001388888888888884,0.001388888888888884,0.025,0.02361111111111111,0.025,0.02361111111111111,0.12561912812755513,0.1185105960563224,0.1687472346793109,0.0021246781240552137,0.010191911061705985,0.0020940027429274637,0.0008404611919972412,0.95,return_squared_error,descriptive_only
ret_future_1,price_only,rf,regime_sym_conformal,222,1440,1440,1440,1,0.9534722222222223,0.003472222222222321,0.003472222222222321,0.02361111111111111,0.022916666666666665,0.02361111111111111,0.022916666666666665,0.12617550854399925,0.1160017642135207,0.16842421471459135,0.0021184557718918083,0.010152050378113998,0.0020921495959728797,0.0008354910983276265,0.95,return_squared_error,descriptive_only
ret_future_1,price_only,rf,regime_sym_conformal,333,1440,1440,1440,1,0.9520833333333333,0.002083333333333326,0.002083333333333326,0.022222222222222223,0.025694444444444443,0.022222222222222223,0.025694444444444443,0.12936945272540404,0.1194417111034571,0.16869996572351098,0.002105917262231353,0.010395832881030864,0.002111581880856326,0.0008692334372037252,0.95,return_squared_error,descriptive_only
ret_future_1,price_only,rf,regime_sym_conformal,444,1440,1440,1440,1,0.9520833333333333,0.002083333333333326,0.002083333333333326,0.024305555555555556,0.02361111111111111,0.024305555555555556,0.02361111111111111,0.1268805932020445,0.1164887399906257,0.16845513341423649,0.002121654878796464,0.010166296565755874,0.0020897234565593515,0.0008348230199775772,0.95,return_squared_error,descriptive_only
ret_future_1,price_only,rf,regime_sym_conformal,555,1440,1440,1440,1,0.9520833333333333,0.002083333333333326,0.002083333333333326,0.025,0.022916666666666665,0.025,0.022916666666666665,0.1264019459029702,0.119695849573045,0.16756027278993496,0.0021026957457164386,0.009985325412830065,0.0020863110740318375,0.0008201177749794659,0.95,return_squared_error,descriptive_only
ret_future_1,price_only,rf,regime_sym_conformal,666,1440,1440,1440,1,0.9527777777777777,0.002777777777777768,0.002777777777777768,0.024305555555555556,0.022916666666666665,0.024305555555555556,0.022916666666666665,0.12658471857289016,0.1213170809047076,0.16900014390644083,0.002122778074167807,0.010076353330304677,0.00210222552349312,0.0008299554825895366,0.95,return_squared_error,descriptive_only
ret_future_1,price_only,rf,sym_conformal,111,1440,1440,1440,1,0.95,0.0,0.0,0.024305555555555556,0.025694444444444443,0.024305555555555556,0.025694444444444443,0.12988833388199458,0.1223475602336005,0.17454232266604486,0.0022150843487536917,0.010191911061705985,0.002148473717897334,0.0008404611919972412,0.95,return_squared_error,descriptive_only
ret_future_1,price_only,rf,sym_conformal,222,1440,1440,1440,1,0.9548611111111112,0.004861111111111205,0.004861111111111205,0.022916666666666665,0.022222222222222223,0.022916666666666665,0.022222222222222223,0.1312321808451853,0.1239659301049266,0.17426971504343414,0.0022129269571993385,0.010152050378113998,0.002143815918886418,0.0008354910983276265,0.95,return_squared_error,descriptive_only
ret_future_1,price_only,rf,sym_conformal,333,1440,1440,1440,1,0.95625,0.006250000000000089,0.006250000000000089,0.021527777777777778,0.022222222222222223,0.021527777777777778,0.022222222222222223,0.1349881111030324,0.129032914518748,0.17514455970308992,0.0022099861567891894,0.010395832881030864,0.002168627835787962,0.0008692334372037252,0.95,return_squared_error,descriptive_only
ret_future_1,price_only,rf,sym_conformal,444,1440,1440,1440,1,0.9541666666666667,0.004166666666666763,0.004166666666666763,0.02361111111111111,0.022222222222222223,0.02361111111111111,0.022222222222222223,0.13152511264768713,0.12226170546795985,0.17426568641271098,0.002215894501741469,0.010166296565755874,0.0021407476585762098,0.0008348230199775772,0.95,return_squared_error,descriptive_only
ret_future_1,price_only,rf,sym_conformal,555,1440,1440,1440,1,0.9534722222222223,0.003472222222222321,0.003472222222222321,0.024305555555555556,0.022222222222222223,0.024305555555555556,0.022222222222222223,0.1315189480032781,0.1270969257522957,0.1732928555355332,0.0022019963042244767,0.009985325412830065,0.002130325084163757,0.0008201177749794659,0.95,return_squared_error,descriptive_only
ret_future_1,price_only,rf,sym_conformal,666,1440,1440,1440,1,0.9541666666666667,0.004166666666666763,0.004166666666666763,0.022916666666666665,0.022916666666666665,0.022916666666666665,0.022916666666666665,0.13122715207316424,0.1276105514096513,0.1748578807485856,0.002217309149294816,0.010076353330304677,0.0021541378694197285,0.0008299554825895366,0.95,return_squared_error,descriptive_only
ret_future_1,price_only,ridge,regime_sym_conformal,111,1440,1440,1440,1,0.9548611111111112,0.004861111111111205,0.004861111111111205,0.021527777777777778,0.02361111111111111,0.021527777777777778,0.02361111111111111,0.12755041782752252,0.1222103796696515,0.16489553065309923,0.002063042369593254,0.009881635624675382,0.0020593458967341307,0.0008174981552835886,0.95,return_squared_error,descriptive_only
ret_future_1,price_only,ridge,regime_sym_conformal,222,1440,1440,1440,1,0.9555555555555556,0.005555555555555647,0.005555555555555647,0.021527777777777778,0.022916666666666665,0.021527777777777778,0.022916666666666665,0.12759545840275932,0.1214941559670267,0.16479557527115196,0.002062319182759253,0.00988368777392983,0.00205757019901945,0.0008177249562904782,0.95,return_squared_error,descriptive_only
ret_future_1,price_only,ridge,regime_sym_conformal,333,1440,1440,1440,1,0.9541666666666667,0.004166666666666763,0.004166666666666763,0.022222222222222223,0.02361111111111111,0.022222222222222223,0.02361111111111111,0.12752740971119297,0.1226504532679035,0.16496934970615904,0.0020636303859267184,0.009880874399801651,0.0020606033567271602,0.0008173995304666393,0.95,return_squared_error,descriptive_only
ret_future_1,price_only,ridge,regime_sym_conformal,444,1440,1440,1440,1,0.9548611111111112,0.004861111111111205,0.004861111111111205,0.021527777777777778,0.02361111111111111,0.021527777777777778,0.02361111111111111,0.12754034093998784,0.1223989838190748,0.16492351189170099,0.002063210518601517,0.009881257200616365,0.002059877278690913,0.0008174536615949416,0.95,return_squared_error,descriptive_only
ret_future_1,price_only,ridge,regime_sym_conformal,555,1440,1440,1440,1,0.9555555555555556,0.005555555555555647,0.005555555555555647,0.021527777777777778,0.022916666666666665,0.021527777777777778,0.022916666666666665,0.12759353451690486,0.1214990295964113,0.16479911958315308,0.0020623490253010037,0.009883586723691643,0.0020576289642777277,0.0008177143012778113,0.95,return_squared_error,descriptive_only
ret_future_1,price_only,ridge,regime_sym_conformal,666,1440,1440,1440,1,0.9548611111111112,0.004861111111111205,0.004861111111111205,0.021527777777777778,0.02361111111111111,0.021527777777777778,0.02361111111111111,0.12756922990905858,0.1218742905575186,0.16484643730752124,0.0020627342387611364,0.009882390800252614,0.002058426693926799,0.0008175871756606002,0.95,return_squared_error,descriptive_only
ret_future_1,price_only,ridge,sym_conformal,111,1440,1440,1440,1,0.9555555555555556,0.005555555555555647,0.005555555555555647,0.02013888888888889,0.024305555555555556,0.02013888888888889,0.024305555555555556,0.13134266066178815,0.1263531662933892,0.17102462703631438,0.0021506572976865133,0.009881635624675382,0.002124958378221249,0.0008174981552835886,0.95,return_squared_error,descriptive_only
ret_future_1,price_only,ridge,sym_conformal,222,1440,1440,1440,1,0.95625,0.006250000000000089,0.006250000000000089,0.02013888888888889,0.02361111111111111,0.02013888888888889,0.02361111111111111,0.13128457970057433,0.12559165326882954,0.1708852892044138,0.002148740776952862,0.00988368777392983,0.0021233914531573863,0.0008177249562904782,0.95,return_squared_error,descriptive_only
ret_future_1,price_only,ridge,sym_conformal,333,1440,1440,1440,1,0.9548611111111112,0.004861111111111205,0.004861111111111205,0.020833333333333332,0.024305555555555556,0.020833333333333332,0.024305555555555556,0.13137698264273776,0.12680329691140846,0.17112403267453863,0.0021519336527448417,0.009880874399801651,0.0021261671641185265,0.0008173995304666393,0.95,return_squared_error,descriptive_only
ret_future_1,price_only,ridge,sym_conformal,444,1440,1440,1440,1,0.9555555555555556,0.005555555555555647,0.005555555555555647,0.02013888888888889,0.024305555555555556,0.02013888888888889,0.024305555555555556,0.13135725831922038,0.12654461672618575,0.17106328313366917,0.0021511195765393067,0.009881257200616365,0.0021254625018023283,0.0008174536615949416,0.95,return_squared_error,descriptive_only
ret_future_1,price_only,ridge,sym_conformal,555,1440,1440,1440,1,0.95625,0.006250000000000089,0.006250000000000089,0.02013888888888889,0.02361111111111111,0.02013888888888889,0.02361111111111111,0.13128684212475597,0.1256213382778282,0.17089027433379364,0.0021488179054232883,0.009883586723691643,0.002123438952921456,0.0008177143012778113,0.95,return_squared_error,descriptive_only
ret_future_1,price_only,ridge,sym_conformal,666,1440,1440,1440,1,0.9555555555555556,0.005555555555555647,0.005555555555555647,0.02013888888888889,0.024305555555555556,0.02013888888888889,0.024305555555555556,0.13131705309396338,0.12601743274288998,0.17095755808906682,0.002149827930939706,0.009882390800252614,0.0021241110212868656,0.0008175871756606002,0.95,return_squared_error,descriptive_only
rs_future_7,full,gbr,cqr,111,1440,1440,1440,1,0.9743055555555555,0.02430555555555558,0.02430555555555558,0.021527777777777778,0.004166666666666667,0.021527777777777778,0.004166666666666667,0.15665619369802053,0.158037036863536,0.16057248012576422,0.0009764741440113996,0.008903354865420331,0.003037837859132611,-1.7262761475461559,0.95,volatility_qlike,descriptive_only
rs_future_7,full,gbr,cqr,222,1440,1440,1440,1,0.9368055555555556,-0.013194444444444398,0.013194444444444398,0.03819444444444445,0.025,0.03819444444444445,0.025,0.12109982964290396,0.1087059936735113,0.14893376840381994,0.0009990046724729876,0.012013812943448433,0.002724339537622416,-1.6818057199154668,0.95,volatility_qlike,descriptive_only
rs_future_7,full,gbr,cqr,333,1440,1440,1440,1,0.9736111111111111,0.023611111111111138,0.023611111111111138,0.022222222222222223,0.004166666666666667,0.022222222222222223,0.004166666666666667,0.1619889848778764,0.1629732507216912,0.16527545592332862,0.0010116349740636836,0.00926927111100647,0.003120251424019437,-1.721816460487609,0.95,volatility_qlike,descriptive_only
rs_future_7,full,gbr,cqr,444,1440,1440,1440,1,0.9722222222222222,0.022222222222222254,0.022222222222222254,0.02361111111111111,0.004166666666666667,0.02361111111111111,0.004166666666666667,0.15741907530637297,0.15374562699750724,0.16122682759210166,0.0010213521563128384,0.009303348937424051,0.0030093185334896097,-1.7211484511655188,0.95,volatility_qlike,descriptive_only
rs_future_7,full,gbr,cqr,555,1440,1440,1440,1,0.9756944444444444,0.025694444444444464,0.025694444444444464,0.020833333333333332,0.003472222222222222,0.020833333333333332,0.003472222222222222,0.15744540496805576,0.1565285979055908,0.16101722451453065,0.0009861233161942138,0.009056447427519524,0.003039307296668958,-1.7247682863077103,0.95,volatility_qlike,descriptive_only
rs_future_7,full,gbr,cqr,666,1440,1440,1440,1,0.9763888888888889,0.026388888888888906,0.026388888888888906,0.022222222222222223,0.001388888888888889,0.022222222222222223,0.001388888888888889,0.1568956966514583,0.1579906313571053,0.16013859720508306,0.0009562635043041945,0.008822095959418406,0.0030472014258227887,-1.7261835455052679,0.95,volatility_qlike,descriptive_only
rs_future_7,full,gbr,raw_quantile,111,1440,1440,1440,1,0.9680555555555556,0.018055555555555602,0.018055555555555602,0.027777777777777776,0.004166666666666667,0.027777777777777776,0.004166666666666667,0.1550344543064624,0.1578219602900104,0.16005035957627756,0.00098369287266871,0.008903354865420331,0.003017566116738134,-1.7262761475461559,0.95,volatility_qlike,descriptive_only
rs_future_7,full,gbr,raw_quantile,222,1440,1440,1440,1,0.8986111111111111,-0.05138888888888882,0.05138888888888882,0.07430555555555556,0.027083333333333334,0.07430555555555556,0.027083333333333334,0.10668486092727379,0.09800280575353595,0.14755320993970383,0.001107229417327398,0.012013812943448433,0.0025816008311651023,-1.6818057199154668,0.95,volatility_qlike,descriptive_only
rs_future_7,full,gbr,raw_quantile,333,1440,1440,1440,1,0.9729166666666667,0.022916666666666696,0.022916666666666696,0.022916666666666665,0.004166666666666667,0.022916666666666665,0.004166666666666667,0.16088881612433698,0.16178106959432295,0.16529700892213556,0.0010259259084531005,0.00926927111100647,0.003106499314600195,-1.721816460487609,0.95,volatility_qlike,descriptive_only
rs_future_7,full,gbr,raw_quantile,444,1440,1440,1440,1,0.9715277777777778,0.021527777777777812,0.021527777777777812,0.024305555555555556,0.004166666666666667,0.024305555555555556,0.004166666666666667,0.15583930291941403,0.1536755178665035,0.16075255950064216,0.0010292426088633379,0.009303348937424051,0.002989571378652623,-1.7211484511655188,0.95,volatility_qlike,descriptive_only
rs_future_7,full,gbr,raw_quantile,555,1440,1440,1440,1,0.9708333333333333,0.02083333333333337,0.02083333333333337,0.025694444444444443,0.003472222222222222,0.025694444444444443,0.003472222222222222,0.1557911542638964,0.1556162833633444,0.160474257253928,0.0009932272684811385,0.009056447427519524,0.0030186291628669652,-1.7247682863077103,0.95,volatility_qlike,descriptive_only
rs_future_7,full,gbr,raw_quantile,666,1440,1440,1440,1,0.9708333333333333,0.02083333333333337,0.02083333333333337,0.027777777777777776,0.001388888888888889,0.027777777777777776,0.001388888888888889,0.15571513729229525,0.157700099600983,0.16004135584464468,0.0009685894622827728,0.008822095959418406,0.0030324444338332497,-1.7261835455052679,0.95,volatility_qlike,descriptive_only
rs_future_7,full,gbr,regime_cqr,111,1440,1440,1440,1,0.9743055555555555,0.02430555555555558,0.02430555555555558,0.021527777777777778,0.004166666666666667,0.021527777777777778,0.004166666666666667,0.15623615403554678,0.158037036863536,0.16015244046329044,0.0009712236482304777,0.008903354865420331,0.0030325873633516884,-1.7262761475461559,0.95,volatility_qlike,descriptive_only
rs_future_7,full,gbr,regime_cqr,222,1440,1440,1440,1,0.9354166666666667,-0.014583333333333282,0.014583333333333282,0.03958333333333333,0.025,0.03958333333333333,0.025,0.12072933239277021,0.11052617279323855,0.14849028395200753,0.0010001830475613637,0.012013812943448433,0.002712074051238731,-1.6818057199154668,0.95,volatility_qlike,descriptive_only
rs_future_7,full,gbr,regime_cqr,333,1440,1440,1440,1,0.9736111111111111,0.023611111111111138,0.023611111111111138,0.022222222222222223,0.004166666666666667,0.022222222222222223,0.004166666666666667,0.16151390655554637,0.1629732507216912,0.16480037760099858,0.001005696495034558,0.00926927111100647,0.0031143129449903114,-1.721816460487609,0.95,volatility_qlike,descriptive_only
rs_future_7,full,gbr,regime_cqr,444,1440,1440,1440,1,0.9722222222222222,0.022222222222222254,0.022222222222222254,0.02361111111111111,0.004166666666666667,0.02361111111111111,0.004166666666666667,0.1569592669238255,0.15374562699750724,0.16076701920955422,0.0010156045515309943,0.009303348937424051,0.003003570928707766,-1.7211484511655188,0.95,volatility_qlike,descriptive_only
rs_future_7,full,gbr,regime_cqr,555,1440,1440,1440,1,0.9756944444444444,0.025694444444444464,0.025694444444444464,0.020833333333333332,0.003472222222222222,0.020833333333333332,0.003472222222222222,0.1570131591324149,0.1556162833633444,0.16058497867888982,0.0009807202432487035,0.009056447427519524,0.0030339042237234473,-1.7247682863077103,0.95,volatility_qlike,descriptive_only
rs_future_7,full,gbr,regime_cqr,666,1440,1440,1440,1,0.9763888888888889,0.026388888888888906,0.026388888888888906,0.022222222222222223,0.001388888888888889,0.022222222222222223,0.001388888888888889,0.15635596800738089,0.1579906313571053,0.15959886856100564,0.0009495168962532267,0.008822095959418406,0.003040454817771821,-1.7261835455052679,0.95,volatility_qlike,descriptive_only
rs_future_7,full,gbr,regime_sym_conformal,111,1440,1440,1440,1,0.8569444444444444,-0.09305555555555556,0.09305555555555556,0.07916666666666666,0.06388888888888888,0.07916666666666666,0.06388888888888888,0.09644717198480919,0.0848491969505897,0.1686660864065473,0.0016326729573278612,0.010340620557355464,0.002583979202835725,-1.7198159845079002,0.95,volatility_qlike,descriptive_only
rs_future_7,full,gbr,regime_sym_conformal,222,1440,1440,1440,1,0.8527777777777777,-0.09722222222222221,0.09722222222222221,0.08888888888888889,0.058333333333333334,0.08888888888888889,0.058333333333333334,0.11174613668616372,0.1001326074196768,0.24576118322502852,0.0031864824060355524,0.014116750504942521,0.002957547174590065,-1.6773799221564205,0.95,volatility_qlike,descriptive_only
rs_future_7,full,gbr,regime_sym_conformal,333,1440,1440,1440,1,0.8527777777777777,-0.09722222222222221,0.09722222222222221,0.08333333333333333,0.06388888888888888,0.08333333333333333,0.06388888888888888,0.09854002816452334,0.0912972178917647,0.17257349450663134,0.0016968657451642093,0.011307005393976288,0.0026174716175014793,-1.712261349047186,0.95,volatility_qlike,descriptive_only
rs_future_7,full,gbr,regime_sym_conformal,444,1440,1440,1440,1,0.8625,-0.08749999999999991,0.08749999999999991,0.07430555555555556,0.06319444444444444,0.07430555555555556,0.06319444444444444,0.0970989807656892,0.0914607681102009,0.1695971255054854,0.001521932772712597,0.011269170772235403,0.002717995364924443,-1.7127069884491246,0.95,volatility_qlike,descriptive_only
rs_future_7,full,gbr,regime_sym_conformal,555,1440,1440,1440,1,0.8618055555555556,-0.08819444444444435,0.08819444444444435,0.07430555555555556,0.06388888888888888,0.07430555555555556,0.06388888888888888,0.09755872030163651,0.0847978542467973,0.16733543658872999,0.001591549096853029,0.010515319700875029,0.0025918368178651265,-1.718252589112879,0.95,volatility_qlike,descriptive_only
rs_future_7,full,gbr,regime_sym_conformal,666,1440,1440,1440,1,0.8479166666666667,-0.1020833333333333,0.1020833333333333,0.08333333333333333,0.06875,0.08333333333333333,0.06875,0.0953274599607462,0.0857598882092909,0.17278629760685027,0.0016899418901991233,0.010289965859734324,0.0026297155499720383,-1.721091934346582,0.95,volatility_qlike,descriptive_only
rs_future_7,full,gbr,sym_conformal,111,1440,1440,1440,1,0.8777777777777778,-0.07222222222222219,0.07222222222222219,0.06527777777777778,0.05694444444444444,0.06527777777777778,0.05694444444444444,0.09855658352127722,0.08917092722705611,0.16440756405824936,0.0015790229461629004,0.010340620557355464,0.0025311661552932367,-1.7198159845079002,0.95,volatility_qlike,descriptive_only
rs_future_7,full,gbr,sym_conformal,222,1440,1440,1440,1,0.8770833333333333,-0.07291666666666663,0.07291666666666663,0.0798611111111111,0.043055555555555555,0.0798611111111111,0.043055555555555555,0.11502025475173468,0.1001326074196768,0.22938323587251272,0.0030174322310576804,0.014116750504942521,0.002717148665755043,-1.6773799221564205,0.95,volatility_qlike,descriptive_only
rs_future_7,full,gbr,sym_conformal,333,1440,1440,1440,1,0.8652777777777778,-0.08472222222222214,0.08472222222222214,0.07916666666666666,0.05555555555555555,0.07916666666666666,0.05555555555555555,0.10038665485679589,0.0930699414254125,0.1707781773556398,0.0016642137891944814,0.011307005393976288,0.0026052406446964173,-1.712261349047186,0.95,volatility_qlike,descriptive_only
rs_future_7,full,gbr,sym_conformal,444,1440,1440,1440,1,0.8743055555555556,-0.0756944444444444,0.0756944444444444,0.06944444444444445,0.05625,0.06944444444444445,0.05625,0.09887444690874672,0.09267667491800045,0.16817219418511786,0.001493039822139921,0.011269170772235403,0.0027112650324879316,-1.7127069884491246,0.95,volatility_qlike,descriptive_only
rs_future_7,full,gbr,sym_conformal,555,1440,1440,1440,1,0.8784722222222222,-0.07152777777777775,0.07152777777777775,0.06319444444444444,0.058333333333333334,0.06319444444444444,0.058333333333333334,0.09912750817088427,0.08784057090060854,0.16606270538873777,0.0015446828737727476,0.010515319700875029,0.0026068847609456015,-1.718252589112879,0.95,volatility_qlike,descriptive_only
rs_future_7,full,gbr,sym_conformal,666,1440,1440,1440,1,0.8694444444444445,-0.08055555555555549,0.08055555555555549,0.07013888888888889,0.06041666666666667,0.07013888888888889,0.06041666666666667,0.09750981089402444,0.0886731248738018,0.16653472588887794,0.001622976076577649,0.010289965859734324,0.0025403920706442047,-1.721091934346582,0.95,volatility_qlike,descriptive_only
rs_future_7,full,gru,cqr,111,1440,1440,1440,1,0.9444444444444444,-0.005555555555555536,0.005555555555555536,0.011805555555555555,0.04375,0.011805555555555555,0.04375,0.14928494532563738,0.1454432532191276,0.1855133396613981,0.001438882049325852,0.01129413888844472,0.003198951442209003,6349.854441958205,0.95,volatility_qlike,descriptive_only
rs_future_7,full,gru,cqr,222,1440,1440,1440,1,0.9673611111111111,0.01736111111111116,0.01736111111111116,0.006944444444444444,0.025694444444444443,0.006944444444444444,0.025694444444444443,0.12417205888878888,0.11857143956881305,0.14535117264260775,0.0012486245548761102,0.011460942422526562,0.0023851547611889877,57917.672769480785,0.95,volatility_qlike,descriptive_only
rs_future_7,full,gru,cqr,333,1440,1440,1440,1,0.9527777777777777,0.002777777777777768,0.002777777777777768,0.0125,0.034722222222222224,0.0125,0.034722222222222224,0.16309645388406996,0.14149318353770785,0.1941992895088133,0.0013716781037371153,0.011283792081747573,0.003483304133983121,45855.70715786097,0.95,volatility_qlike,descriptive_only
rs_future_7,full,gru,cqr,444,1440,1440,1440,1,0.9319444444444445,-0.01805555555555549,0.01805555555555549,0.017361111111111112,0.050694444444444445,0.017361111111111112,0.050694444444444445,0.13838671843607078,0.12851371255685,0.20283111007178362,0.0013293381318222263,0.012201360534198217,0.003741439619972268,177615.08259646752,0.95,volatility_qlike,descriptive_only
rs_future_7,full,gru,cqr,555,1440,1440,1440,1,0.9423611111111111,-0.007638888888888862,0.007638888888888862,0.001388888888888889,0.05625,0.001388888888888889,0.05625,0.1463916456862396,0.13598363112454565,0.19785512762385984,0.0015451852504776461,0.014100837470255173,0.0034011929401187536,277167.9642492108,0.95,volatility_qlike,descriptive_only
rs_future_7,full,gru,cqr,666,1440,1440,1440,1,0.9784722222222222,0.028472222222222232,0.028472222222222232,0.006944444444444444,0.014583333333333334,0.006944444444444444,0.014583333333333334,0.15933933020449018,0.15022836625576014,0.17424974185475556,0.0014434462038499533,0.011385774707442975,0.00291279734251884,52380.83430467671,0.95,volatility_qlike,descriptive_only
rs_future_7,full,gru,raw_quantile,111,1440,1440,1440,1,0.9402777777777778,-0.009722222222222188,0.009722222222222188,0.013194444444444444,0.04652777777777778,0.013194444444444444,0.04652777777777778,0.14102652905146693,0.1341435578651726,0.17952901317713438,0.0013737811087293555,0.01129413888844472,0.0031144442206989063,6349.854441958205,0.95,volatility_qlike,descriptive_only
rs_future_7,full,gru,raw_quantile,222,1440,1440,1440,1,0.8180555555555555,-0.13194444444444442,0.13194444444444442,0.03611111111111111,0.14583333333333334,0.03611111111111111,0.14583333333333334,0.10012384502794396,0.0976729858666658,0.24446809931694582,0.0013497197184597475,0.011460942422526562,0.004761982764463803,57917.672769480785,0.95,volatility_qlike,descriptive_only
rs_future_7,full,gru,raw_quantile,333,1440,1440,1440,1,0.9361111111111111,-0.01388888888888884,0.01388888888888884,0.015277777777777777,0.04861111111111111,0.015277777777777777,0.04861111111111111,0.15346642542539887,0.130868686363101,0.20759373609141143,0.0013349917751731882,0.011283792081747573,0.003854851627112003,45855.70715786097,0.95,volatility_qlike,descriptive_only
rs_future_7,full,gru,raw_quantile,444,1440,1440,1440,1,0.80625,-0.14374999999999993,0.14374999999999993,0.04513888888888889,0.1486111111111111,0.04513888888888889,0.1486111111111111,0.11149028725291521,0.0994026036933064,0.29134337343563704,0.0013071590075937347,0.012201360534198217,0.005976425328297095,177615.08259646752,0.95,volatility_qlike,descriptive_only
rs_future_7,full,gru,raw_quantile,555,1440,1440,1440,1,0.8159722222222222,-0.13402777777777775,0.13402777777777775,0.0020833333333333333,0.18194444444444444,0.0020833333333333333,0.18194444444444444,0.12390861058471876,0.1151644308120012,0.2860864922774897,0.0014994941561347912,0.014100837470255173,0.005652668150802356,277167.9642492108,0.95,volatility_qlike,descriptive_only
rs_future_7,full,gru,raw_quantile,666,1440,1440,1440,1,0.9395833333333333,-0.01041666666666663,0.01041666666666663,0.025,0.035416666666666666,0.025,0.035416666666666666,0.1424834143764908,0.13655602373182768,0.18039379977243092,0.0016604477798120995,0.011385774707442975,0.002849397214498579,52380.83430467671,0.95,volatility_qlike,descriptive_only
rs_future_7,full,gru,regime_cqr,111,1440,1440,1440,1,0.9423611111111111,-0.007638888888888862,0.007638888888888862,0.011805555555555555,0.04583333333333333,0.011805555555555555,0.04583333333333333,0.14919454475546284,0.14659655094146723,0.1872763910108452,0.0014337398207805484,0.01129413888844472,0.003248169954490485,6349.854441958205,0.95,volatility_qlike,descriptive_only
rs_future_7,full,gru,regime_cqr,222,1440,1440,1440,1,0.9569444444444445,0.006944444444444531,0.006944444444444531,0.009722222222222222,0.03333333333333333,0.009722222222222222,0.03333333333333333,0.12291592541025638,0.11689444631338114,0.15166168885159026,0.0012677991847266396,0.011460942422526562,0.002523743036563021,57917.672769480785,0.95,volatility_qlike,descriptive_only
rs_future_7,full,gru,regime_cqr,333,1440,1440,1440,1,0.9513888888888888,0.001388888888888884,0.001388888888888884,0.013888888888888888,0.034722222222222224,0.013888888888888888,0.034722222222222224,0.1631569207984314,0.141429642828599,0.19449036798224187,0.0013795546616427944,0.011283792081747573,0.003482704537913156,45855.70715786097,0.95,volatility_qlike,descriptive_only
rs_future_7,full,gru,regime_cqr,444,1440,1440,1440,1,0.9340277777777778,-0.015972222222222165,0.015972222222222165,0.01875,0.04722222222222222,0.01875,0.04722222222222222,0.1388878413712532,0.12847146858248804,0.1911956008753518,0.0013344402557890244,0.012201360534198217,0.0034454497660946753,177615.08259646752,0.95,volatility_qlike,descriptive_only
rs_future_7,full,gru,regime_cqr,555,1440,1440,1440,1,0.9368055555555556,-0.013194444444444398,0.013194444444444398,0.001388888888888889,0.06180555555555556,0.001388888888888889,0.06180555555555556,0.14615051791571332,0.13552349160833227,0.1994690521286203,0.0015447143193222774,0.014100837470255173,0.003442011983893134,277167.9642492108,0.95,volatility_qlike,descriptive_only
rs_future_7,full,gru,regime_cqr,666,1440,1440,1440,1,0.9756944444444444,0.025694444444444464,0.025694444444444464,0.009722222222222222,0.014583333333333334,0.009722222222222222,0.014583333333333334,0.15855171367290313,0.14969936758279795,0.17401755708802363,0.0014486367166375944,0.011385774707442975,0.0029018022105629006,52380.83430467671,0.95,volatility_qlike,descriptive_only
rs_future_7,full,gru,regime_sym_conformal,111,1440,1440,1440,1,0.8888888888888888,-0.061111111111111116,0.061111111111111116,0.04583333333333333,0.06527777777777778,0.04583333333333333,0.06527777777777778,0.11275244653102995,0.09736707243475576,0.1996622964670107,0.0018103383397759351,0.014292414512952625,0.003181219071899236,58941.391484070766,0.95,volatility_qlike,descriptive_only
rs_future_7,full,gru,regime_sym_conformal,222,1440,1440,1440,1,0.9006944444444445,-0.04930555555555549,0.04930555555555549,0.05277777777777778,0.04652777777777778,0.05277777777777778,0.04652777777777778,0.1127764280089386,0.1023993094596917,0.1745195368158655,0.0017693807928908167,0.013224512350944871,0.0025936076275057253,23322.50942014067,0.95,volatility_qlike,descriptive_only
rs_future_7,full,gru,regime_sym_conformal,333,1440,1440,1440,1,0.8923611111111112,-0.057638888888888795,0.057638888888888795,0.04375,0.06388888888888888,0.04375,0.06388888888888888,0.11192696804321901,0.0914612754123943,0.17891019345167242,0.0015483485208329336,0.014024067360404806,0.0029244063154587815,177525.8844711239,0.95,volatility_qlike,descriptive_only
rs_future_7,full,gru,regime_sym_conformal,444,1440,1440,1440,1,0.9222222222222223,-0.02777777777777768,0.02777777777777768,0.01875,0.059027777777777776,0.01875,0.059027777777777776,0.10843039695542923,0.1042857360150913,0.1719679813721188,0.0013993299087005707,0.012852980994040754,0.0028998696256023015,34798.89229837525,0.95,volatility_qlike,descriptive_only
rs_future_7,full,gru,regime_sym_conformal,555,1440,1440,1440,1,0.9201388888888888,-0.029861111111111116,0.029861111111111116,0.0125,0.06736111111111111,0.0125,0.06736111111111111,0.11525566563321071,0.0979411680435277,0.19359899430698535,0.0013967872696599452,0.015193187871778186,0.0034431875880145918,203439.19557076693,0.95,volatility_qlike,descriptive_only
rs_future_7,full,gru,regime_sym_conformal,666,1440,1440,1440,1,0.9229166666666667,-0.027083333333333237,0.027083333333333237,0.03194444444444444,0.04513888888888889,0.03194444444444444,0.04513888888888889,0.11993877260699151,0.11763649716087585,0.1744170056332453,0.0018256238929158647,0.013207327034586989,0.0025348012479151703,184524.36495041937,0.95,volatility_qlike,descriptive_only
rs_future_7,full,gru,sym_conformal,111,1440,1440,1440,1,0.9104166666666667,-0.039583333333333304,0.039583333333333304,0.03819444444444445,0.05138888888888889,0.03819444444444445,0.05138888888888889,0.11528446814045307,0.10646952316164965,0.18609399181772754,0.0016600975505564922,0.014292414512952625,0.0029922522448866,58941.391484070766,0.95,volatility_qlike,descriptive_only
rs_future_7,full,gru,sym_conformal,222,1440,1440,1440,1,0.9020833333333333,-0.04791666666666661,0.04791666666666661,0.05138888888888889,0.04652777777777778,0.05138888888888889,0.04652777777777778,0.11422525281345261,0.1023993156850338,0.17401531281804145,0.0017890448751131148,0.013224512350944871,0.0025613379453378257,23322.50942014067,0.95,volatility_qlike,descriptive_only
rs_future_7,full,gru,sym_conformal,333,1440,1440,1440,1,0.9090277777777778,-0.04097222222222219,0.04097222222222219,0.034722222222222224,0.05625,0.034722222222222224,0.05625,0.114473489118326,0.0972712635993957,0.17603107050049366,0.0015353253248920245,0.014024067360404806,0.002865451437620221,177525.8844711239,0.95,volatility_qlike,descriptive_only
rs_future_7,full,gru,sym_conformal,444,1440,1440,1440,1,0.9375,-0.012499999999999956,0.012499999999999956,0.011111111111111112,0.05138888888888889,0.011111111111111112,0.05138888888888889,0.11158176075874099,0.1009839884936809,0.16752987658435758,0.0013867334455085598,0.012852980994040754,0.0028015134691002828,34798.89229837525,0.95,volatility_qlike,descriptive_only
rs_future_7,full,gru,sym_conformal,555,1440,1440,1440,1,0.9243055555555556,-0.025694444444444353,0.025694444444444353,0.014583333333333334,0.06111111111111111,0.014583333333333334,0.06111111111111111,0.11676831671243737,0.0983554273843765,0.1897042958537164,0.0014114261941311707,0.015193187871778186,0.003331181202211644,203439.19557076693,0.95,volatility_qlike,descriptive_only
rs_future_7,full,gru,sym_conformal,666,1440,1440,1440,1,0.93125,-0.018749999999999933,0.018749999999999933,0.029166666666666667,0.03958333333333333,0.029166666666666667,0.03958333333333333,0.12086692662495702,0.11747670918703075,0.1675046467436662,0.0017836908621635687,0.013207327034586989,0.0024039253064279892,184524.36495041937,0.95,volatility_qlike,descriptive_only
rs_future_7,full,har_ols,cqr,111,1440,1440,1440,1,0.8666666666666667,-0.08333333333333326,0.08333333333333326,0.06597222222222222,0.06736111111111111,0.06597222222222222,0.06736111111111111,0.13223814618612476,0.1272384142680355,0.21363738004383556,0.0013421068212670678,0.011356032816400494,0.003998827679828728,4695.141655069483,0.95,volatility_qlike,descriptive_only
rs_future_7,full,har_ols,cqr,222,1440,1440,1440,1,0.8666666666666667,-0.08333333333333326,0.08333333333333326,0.06597222222222222,0.06736111111111111,0.06597222222222222,0.06736111111111111,0.13223814618612476,0.1272384142680355,0.21363738004383556,0.0013421068212670678,0.011356032816400494,0.003998827679828728,4695.141655069483,0.95,volatility_qlike,descriptive_only
rs_future_7,full,har_ols,cqr,333,1440,1440,1440,1,0.8666666666666667,-0.08333333333333326,0.08333333333333326,0.06597222222222222,0.06736111111111111,0.06597222222222222,0.06736111111111111,0.13223814618612476,0.1272384142680355,0.21363738004383556,0.0013421068212670678,0.011356032816400494,0.003998827679828728,4695.141655069483,0.95,volatility_qlike,descriptive_only
rs_future_7,full,har_ols,cqr,444,1440,1440,1440,1,0.8666666666666667,-0.08333333333333326,0.08333333333333326,0.06597222222222222,0.06736111111111111,0.06597222222222222,0.06736111111111111,0.13223814618612476,0.1272384142680355,0.21363738004383556,0.0013421068212670678,0.011356032816400494,0.003998827679828728,4695.141655069483,0.95,volatility_qlike,descriptive_only
rs_future_7,full,har_ols,cqr,555,1440,1440,1440,1,0.8666666666666667,-0.08333333333333326,0.08333333333333326,0.06597222222222222,0.06736111111111111,0.06597222222222222,0.06736111111111111,0.13223814618612476,0.1272384142680355,0.21363738004383556,0.0013421068212670678,0.011356032816400494,0.003998827679828728,4695.141655069483,0.95,volatility_qlike,descriptive_only
rs_future_7,full,har_ols,cqr,666,1440,1440,1440,1,0.8666666666666667,-0.08333333333333326,0.08333333333333326,0.06597222222222222,0.06736111111111111,0.06597222222222222,0.06736111111111111,0.13223814618612476,0.1272384142680355,0.21363738004383556,0.0013421068212670678,0.011356032816400494,0.003998827679828728,4695.141655069483,0.95,volatility_qlike,descriptive_only
rs_future_7,full,har_ols,raw_quantile,111,1440,1440,1440,1,0.6256944444444444,-0.3243055555555555,0.3243055555555555,0.19583333333333333,0.17847222222222223,0.19583333333333333,0.17847222222222223,0.09283719539247581,0.0945516229871057,0.33639083413606663,0.0022645159154360255,0.011356032816400494,0.006145254937965546,4695.141655069483,0.95,volatility_qlike,descriptive_only
rs_future_7,full,har_ols,raw_quantile,222,1440,1440,1440,1,0.6256944444444444,-0.3243055555555555,0.3243055555555555,0.19583333333333333,0.17847222222222223,0.19583333333333333,0.17847222222222223,0.09283719539247581,0.0945516229871057,0.33639083413606663,0.0022645159154360255,0.011356032816400494,0.006145254937965546,4695.141655069483,0.95,volatility_qlike,descriptive_only
rs_future_7,full,har_ols,raw_quantile,333,1440,1440,1440,1,0.6256944444444444,-0.3243055555555555,0.3243055555555555,0.19583333333333333,0.17847222222222223,0.19583333333333333,0.17847222222222223,0.09283719539247581,0.0945516229871057,0.33639083413606663,0.0022645159154360255,0.011356032816400494,0.006145254937965546,4695.141655069483,0.95,volatility_qlike,descriptive_only
rs_future_7,full,har_ols,raw_quantile,444,1440,1440,1440,1,0.6256944444444444,-0.3243055555555555,0.3243055555555555,0.19583333333333333,0.17847222222222223,0.19583333333333333,0.17847222222222223,0.09283719539247581,0.0945516229871057,0.33639083413606663,0.0022645159154360255,0.011356032816400494,0.006145254937965546,4695.141655069483,0.95,volatility_qlike,descriptive_only
rs_future_7,full,har_ols,raw_quantile,555,1440,1440,1440,1,0.6256944444444444,-0.3243055555555555,0.3243055555555555,0.19583333333333333,0.17847222222222223,0.19583333333333333,0.17847222222222223,0.09283719539247581,0.0945516229871057,0.33639083413606663,0.0022645159154360255,0.011356032816400494,0.006145254937965546,4695.141655069483,0.95,volatility_qlike,descriptive_only
rs_future_7,full,har_ols,raw_quantile,666,1440,1440,1440,1,0.6256944444444444,-0.3243055555555555,0.3243055555555555,0.19583333333333333,0.17847222222222223,0.19583333333333333,0.17847222222222223,0.09283719539247581,0.0945516229871057,0.33639083413606663,0.0022645159154360255,0.011356032816400494,0.006145254937965546,4695.141655069483,0.95,volatility_qlike,descriptive_only
rs_future_7,full,har_ols,regime_cqr,111,1440,1440,1440,1,0.8583333333333333,-0.09166666666666667,0.09166666666666667,0.075,0.06666666666666667,0.075,0.06666666666666667,0.13224830629981738,0.1281759511968755,0.21143216438258902,0.0014144709179200318,0.011356032816400494,0.0038713331916445993,4695.141655069483,0.95,volatility_qlike,descriptive_only
rs_future_7,full,har_ols,regime_cqr,222,1440,1440,1440,1,0.8583333333333333,-0.09166666666666667,0.09166666666666667,0.075,0.06666666666666667,0.075,0.06666666666666667,0.13224830629981738,0.1281759511968755,0.21143216438258902,0.0014144709179200318,0.011356032816400494,0.0038713331916445993,4695.141655069483,0.95,volatility_qlike,descriptive_only
rs_future_7,full,har_ols,regime_cqr,333,1440,1440,1440,1,0.8583333333333333,-0.09166666666666667,0.09166666666666667,0.075,0.06666666666666667,0.075,0.06666666666666667,0.13224830629981738,0.1281759511968755,0.21143216438258902,0.0014144709179200318,0.011356032816400494,0.0038713331916445993,4695.141655069483,0.95,volatility_qlike,descriptive_only
rs_future_7,full,har_ols,regime_cqr,444,1440,1440,1440,1,0.8583333333333333,-0.09166666666666667,0.09166666666666667,0.075,0.06666666666666667,0.075,0.06666666666666667,0.13224830629981738,0.1281759511968755,0.21143216438258902,0.0014144709179200318,0.011356032816400494,0.0038713331916445993,4695.141655069483,0.95,volatility_qlike,descriptive_only
rs_future_7,full,har_ols,regime_cqr,555,1440,1440,1440,1,0.8583333333333333,-0.09166666666666667,0.09166666666666667,0.075,0.06666666666666667,0.075,0.06666666666666667,0.13224830629981738,0.1281759511968755,0.21143216438258902,0.0014144709179200318,0.011356032816400494,0.0038713331916445993,4695.141655069483,0.95,volatility_qlike,descriptive_only
rs_future_7,full,har_ols,regime_cqr,666,1440,1440,1440,1,0.8583333333333333,-0.09166666666666667,0.09166666666666667,0.075,0.06666666666666667,0.075,0.06666666666666667,0.13224830629981738,0.1281759511968755,0.21143216438258902,0.0014144709179200318,0.011356032816400494,0.0038713331916445993,4695.141655069483,0.95,volatility_qlike,descriptive_only
rs_future_7,full,har_ols,regime_sym_conformal,111,1440,1440,1440,1,0.8701388888888889,-0.07986111111111105,0.07986111111111105,0.08402777777777778,0.04583333333333333,0.08402777777777778,0.04583333333333333,0.11083224289988097,0.1034701498326264,0.21872167250893354,0.002432983453618053,0.015290348186731612,0.0030350583591051902,196795.38859498463,0.95,volatility_qlike,descriptive_only
rs_future_7,full,har_ols,regime_sym_conformal,222,1440,1440,1440,1,0.8701388888888889,-0.07986111111111105,0.07986111111111105,0.08402777777777778,0.04583333333333333,0.08402777777777778,0.04583333333333333,0.11083224289988097,0.1034701498326264,0.21872167250893354,0.002432983453618053,0.015290348186731612,0.0030350583591051902,196795.38859498463,0.95,volatility_qlike,descriptive_only
rs_future_7,full,har_ols,regime_sym_conformal,333,1440,1440,1440,1,0.8701388888888889,-0.07986111111111105,0.07986111111111105,0.08402777777777778,0.04583333333333333,0.08402777777777778,0.04583333333333333,0.11083224289988097,0.1034701498326264,0.21872167250893354,0.002432983453618053,0.015290348186731612,0.0030350583591051902,196795.38859498463,0.95,volatility_qlike,descriptive_only
rs_future_7,full,har_ols,regime_sym_conformal,444,1440,1440,1440,1,0.8701388888888889,-0.07986111111111105,0.07986111111111105,0.08402777777777778,0.04583333333333333,0.08402777777777778,0.04583333333333333,0.11083224289988097,0.1034701498326264,0.21872167250893354,0.002432983453618053,0.015290348186731612,0.0030350583591051902,196795.38859498463,0.95,volatility_qlike,descriptive_only
rs_future_7,full,har_ols,regime_sym_conformal,555,1440,1440,1440,1,0.8701388888888889,-0.07986111111111105,0.07986111111111105,0.08402777777777778,0.04583333333333333,0.08402777777777778,0.04583333333333333,0.11083224289988097,0.1034701498326264,0.21872167250893354,0.002432983453618053,0.015290348186731612,0.0030350583591051902,196795.38859498463,0.95,volatility_qlike,descriptive_only
rs_future_7,full,har_ols,regime_sym_conformal,666,1440,1440,1440,1,0.8701388888888889,-0.07986111111111105,0.07986111111111105,0.08402777777777778,0.04583333333333333,0.08402777777777778,0.04583333333333333,0.11083224289988097,0.1034701498326264,0.21872167250893354,0.002432983453618053,0.015290348186731612,0.0030350583591051902,196795.38859498463,0.95,volatility_qlike,descriptive_only
rs_future_7,full,har_ols,sym_conformal,111,1440,1440,1440,1,0.8770833333333333,-0.07291666666666663,0.07291666666666663,0.07152777777777777,0.05138888888888889,0.07152777777777777,0.05138888888888889,0.11288607696292219,0.1075384099595816,0.22503108158337679,0.002149089039711093,0.015290348186731612,0.0034766879998732294,196795.38859498463,0.95,volatility_qlike,descriptive_only
rs_future_7,full,har_ols,sym_conformal,222,1440,1440,1440,1,0.8770833333333333,-0.07291666666666663,0.07291666666666663,0.07152777777777777,0.05138888888888889,0.07152777777777777,0.05138888888888889,0.11288607696292219,0.1075384099595816,0.22503108158337679,0.002149089039711093,0.015290348186731612,0.0034766879998732294,196795.38859498463,0.95,volatility_qlike,descriptive_only
rs_future_7,full,har_ols,sym_conformal,333,1440,1440,1440,1,0.8770833333333333,-0.07291666666666663,0.07291666666666663,0.07152777777777777,0.05138888888888889,0.07152777777777777,0.05138888888888889,0.11288607696292219,0.1075384099595816,0.22503108158337679,0.002149089039711093,0.015290348186731612,0.0034766879998732294,196795.38859498463,0.95,volatility_qlike,descriptive_only
rs_future_7,full,har_ols,sym_conformal,444,1440,1440,1440,1,0.8770833333333333,-0.07291666666666663,0.07291666666666663,0.07152777777777777,0.05138888888888889,0.07152777777777777,0.05138888888888889,0.11288607696292219,0.1075384099595816,0.22503108158337679,0.002149089039711093,0.015290348186731612,0.0034766879998732294,196795.38859498463,0.95,volatility_qlike,descriptive_only
rs_future_7,full,har_ols,sym_conformal,555,1440,1440,1440,1,0.8770833333333333,-0.07291666666666663,0.07291666666666663,0.07152777777777777,0.05138888888888889,0.07152777777777777,0.05138888888888889,0.11288607696292219,0.1075384099595816,0.22503108158337679,0.002149089039711093,0.015290348186731612,0.0034766879998732294,196795.38859498463,0.95,volatility_qlike,descriptive_only
rs_future_7,full,har_ols,sym_conformal,666,1440,1440,1440,1,0.8770833333333333,-0.07291666666666663,0.07291666666666663,0.07152777777777777,0.05138888888888889,0.07152777777777777,0.05138888888888889,0.11288607696292219,0.1075384099595816,0.22503108158337679,0.002149089039711093,0.015290348186731612,0.0034766879998732294,196795.38859498463,0.95,volatility_qlike,descriptive_only
rs_future_7,full,lstm,cqr,111,1440,1440,1440,1,0.9236111111111112,-0.026388888888888795,0.026388888888888795,0.03888888888888889,0.0375,0.03888888888888889,0.0375,0.13560478968994896,0.12804138252330693,0.18362012240254783,0.0014336209393865076,0.011346088742380024,0.003156882120677094,4307.513138067602,0.95,volatility_qlike,descriptive_only
rs_future_7,full,lstm,cqr,222,1440,1440,1440,1,0.9125,-0.03749999999999998,0.03749999999999998,0.04236111111111111,0.04513888888888889,0.04236111111111111,0.04513888888888889,0.14761272150243757,0.13985109057774026,0.18460406499623513,0.0016450946374196502,0.01410795556061417,0.0029700069874861327,175072.45385785456,0.95,volatility_qlike,descriptive_only
rs_future_7,full,lstm,cqr,333,1440,1440,1440,1,0.925,-0.02499999999999991,0.02499999999999991,0.010416666666666666,0.06458333333333334,0.010416666666666666,0.06458333333333334,0.13613452752698343,0.1319031387654992,0.20795744218864878,0.0013750436930788105,0.011917394880145,0.0038238923616373123,-1.562289004543954,0.95,volatility_qlike,descriptive_only
rs_future_7,full,lstm,cqr,444,1440,1440,1440,1,0.93125,-0.018749999999999933,0.018749999999999933,0.006944444444444444,0.06180555555555556,0.006944444444444444,0.06180555555555556,0.12384488410818134,0.12189642454987695,0.16764540196707994,0.0013742448893609344,0.01328076353590037,0.0028168901598159667,451685.50350747234,0.95,volatility_qlike,descriptive_only
rs_future_7,full,lstm,cqr,555,1440,1440,1440,1,0.9409722222222222,-0.009027777777777746,0.009027777777777746,0.02847222222222222,0.030555555555555555,0.02847222222222222,0.030555555555555555,0.13730364155840305,0.12966598570346832,0.17136353506119076,0.0014727829683520864,0.012165162115861645,0.002811305408177589,175763.45399539926,0.95,volatility_qlike,descriptive_only
rs_future_7,full,lstm,cqr,666,1440,1440,1440,1,0.8986111111111111,-0.05138888888888882,0.05138888888888882,0.04861111111111111,0.05277777777777778,0.04861111111111111,0.05277777777777778,0.14809027571407496,0.1407710217149613,0.19959250425353708,0.001749036005893309,0.014830227031112093,0.0032407766004450217,533162.2665674011,0.95,volatility_qlike,descriptive_only
rs_future_7,full,lstm,raw_quantile,111,1440,1440,1440,1,0.8583333333333333,-0.09166666666666667,0.09166666666666667,0.07083333333333333,0.07083333333333333,0.07083333333333333,0.07083333333333333,0.11704560346285382,0.109085788950324,0.21391979242288492,0.0016203618754482365,0.011346088742380024,0.00372763293512379,4307.513138067602,0.95,volatility_qlike,descriptive_only
rs_future_7,full,lstm,raw_quantile,222,1440,1440,1440,1,0.7354166666666667,-0.21458333333333324,0.21458333333333324,0.15694444444444444,0.1076388888888889,0.15694444444444444,0.1076388888888889,0.11454585499078446,0.10881624184548855,0.28293782709841453,0.0029441340260409465,0.01410795556061417,0.004129311651419323,175072.45385785456,0.95,volatility_qlike,descriptive_only
rs_future_7,full,lstm,raw_quantile,333,1440,1440,1440,1,0.8131944444444444,-0.1368055555555555,0.1368055555555555,0.049305555555555554,0.1375,0.049305555555555554,0.1375,0.10796533058908402,0.1017047278583049,0.23802226616362748,0.0014954789837446226,0.011917394880145,0.004455077670345969,-1.562289004543954,0.95,volatility_qlike,descriptive_only
rs_future_7,full,lstm,raw_quantile,444,1440,1440,1440,1,0.7833333333333333,-0.16666666666666663,0.16666666666666663,0.021527777777777778,0.1951388888888889,0.021527777777777778,0.1951388888888889,0.08885152538746799,0.0828036628663539,0.3488285111161082,0.0012346602832775599,0.01328076353590037,0.007486052494625049,451685.50350747234,0.95,volatility_qlike,descriptive_only
rs_future_7,full,lstm,raw_quantile,555,1440,1440,1440,1,0.8472222222222222,-0.10277777777777775,0.10277777777777775,0.059027777777777776,0.09375,0.059027777777777776,0.09375,0.11143427283160333,0.1026459280401468,0.2230360556764906,0.00208757378802502,0.012165162115861645,0.0034883276038871498,175763.45399539926,0.95,volatility_qlike,descriptive_only
rs_future_7,full,lstm,raw_quantile,666,1440,1440,1440,1,0.775,-0.17499999999999993,0.17499999999999993,0.06458333333333334,0.16041666666666668,0.06458333333333334,0.16041666666666668,0.118544700889874,0.11445526592433444,0.36374635908762243,0.0018443772601048724,0.014830227031112093,0.007249281717085594,533162.2665674011,0.95,volatility_qlike,descriptive_only
rs_future_7,full,lstm,regime_cqr,111,1440,1440,1440,1,0.9236111111111112,-0.026388888888888795,0.026388888888888795,0.03819444444444445,0.03819444444444445,0.03819444444444445,0.03819444444444445,0.13508818795924293,0.12773100714173705,0.18239545114084088,0.0014207587076994956,0.011346088742380024,0.003139127570821433,4307.513138067602,0.95,volatility_qlike,descriptive_only
rs_future_7,full,lstm,regime_cqr,222,1440,1440,1440,1,0.9083333333333333,-0.04166666666666663,0.04166666666666663,0.044444444444444446,0.04722222222222222,0.044444444444444446,0.04722222222222222,0.1469727122730913,0.13848494485181276,0.18658393176990518,0.0016862252847649325,0.01410795556061417,0.002978373009482602,175072.45385785456,0.95,volatility_qlike,descriptive_only
rs_future_7,full,lstm,regime_cqr,333,1440,1440,1440,1,0.9180555555555555,-0.03194444444444444,0.03194444444444444,0.010416666666666666,0.07152777777777777,0.010416666666666666,0.07152777777777777,0.13397506763349576,0.13027579707095174,0.20903990156890165,0.0013606578204002405,0.011917394880145,0.003865339718822203,-1.562289004543954,0.95,volatility_qlike,descriptive_only
rs_future_7,full,lstm,regime_cqr,444,1440,1440,1440,1,0.9180555555555555,-0.03194444444444444,0.03194444444444444,0.013194444444444444,0.06875,0.013194444444444444,0.06875,0.12302446471113267,0.12108988169924675,0.17998187994405382,0.0014115662712478087,0.01328076353590037,0.0030879807273534398,451685.50350747234,0.95,volatility_qlike,descriptive_only
rs_future_7,full,lstm,regime_cqr,555,1440,1440,1440,1,0.9319444444444445,-0.01805555555555549,0.01805555555555549,0.03125,0.03680555555555556,0.03125,0.03680555555555556,0.13582892138327263,0.12704712711274618,0.17350984636811098,0.0014752293164419549,0.012165162115861645,0.002862516842760726,175763.45399539926,0.95,volatility_qlike,descriptive_only
rs_future_7,full,lstm,regime_cqr,666,1440,1440,1440,1,0.8916666666666667,-0.05833333333333324,0.05833333333333324,0.05,0.058333333333333334,0.05,0.058333333333333334,0.14758863613726955,0.1398824876885815,0.20684273413572363,0.0017720051628438973,0.014830227031112093,0.0033990631905490964,533162.2665674011,0.95,volatility_qlike,descriptive_only
rs_future_7,full,lstm,regime_sym_conformal,111,1440,1440,1440,1,0.8708333333333333,-0.07916666666666661,0.07916666666666661,0.06458333333333334,0.06458333333333334,0.06458333333333334,0.06458333333333334,0.11906722386822705,0.0979609471659422,0.19860904629826573,0.0019071362512807243,0.01663735407745047,0.0030580899061758223,325925.5074794375,0.95,volatility_qlike,descriptive_only
rs_future_7,full,lstm,regime_sym_conformal,222,1440,1440,1440,1,0.9034722222222222,-0.046527777777777724,0.046527777777777724,0.05277777777777778,0.04375,0.05277777777777778,0.04375,0.12852416073779294,0.12542382946768735,0.19058998045538328,0.0020377116702679143,0.01586397636088235,0.002727037841116572,197299.02493486967,0.95,volatility_qlike,descriptive_only
rs_future_7,full,lstm,regime_sym_conformal,333,1440,1440,1440,1,0.8722222222222222,-0.07777777777777772,0.07777777777777772,0.05694444444444444,0.07083333333333333,0.05694444444444444,0.07083333333333333,0.12158499469370246,0.1142353566391517,0.2338664413262155,0.0025913934041979533,0.015973401263998134,0.00325526762895734,151366.19542913113,0.95,volatility_qlike,descriptive_only
rs_future_7,full,lstm,regime_sym_conformal,444,1440,1440,1440,1,0.8791666666666667,-0.0708333333333333,0.0708333333333333,0.06180555555555556,0.059027777777777776,0.06180555555555556,0.059027777777777776,0.11293531527083714,0.105509062423152,0.20762656425961118,0.002108350815555612,0.015789791457589367,0.003082313290934571,276299.47770816804,0.95,volatility_qlike,descriptive_only
rs_future_7,full,lstm,regime_sym_conformal,555,1440,1440,1440,1,0.8659722222222223,-0.0840277777777777,0.0840277777777777,0.09305555555555556,0.04097222222222222,0.09305555555555556,0.04097222222222222,0.11614534900463087,0.1128128183098068,0.20700637583665282,0.0027303641144530042,0.014561684889814526,0.002444795281463222,21558.554401582613,0.95,volatility_qlike,descriptive_only
rs_future_7,full,lstm,regime_sym_conformal,666,1440,1440,1440,1,0.8847222222222222,-0.06527777777777777,0.06527777777777777,0.05763888888888889,0.05763888888888889,0.05763888888888889,0.05763888888888889,0.12288843083150687,0.1204988527765845,0.20142463966696716,0.0018285976320141647,0.01618724219231926,0.003207018359659917,472229.8426112473,0.95,volatility_qlike,descriptive_only
rs_future_7,full,lstm,sym_conformal,111,1440,1440,1440,1,0.8763888888888889,-0.07361111111111107,0.07361111111111107,0.06180555555555556,0.06180555555555556,0.06180555555555556,0.06180555555555556,0.11977350995099789,0.098908856511116,0.1920434283073636,0.0018667680546519845,0.01663735407745047,0.002934317653032008,325925.5074794375,0.95,volatility_qlike,descriptive_only
rs_future_7,full,lstm,sym_conformal,222,1440,1440,1440,1,0.9069444444444444,-0.043055555555555514,0.043055555555555514,0.05277777777777778,0.04027777777777778,0.05277777777777778,0.04027777777777778,0.128658526781429,0.1257637962698936,0.18921441417841958,0.002059831163666929,0.01586397636088235,0.002670529190793463,197299.02493486967,0.95,volatility_qlike,descriptive_only
rs_future_7,full,lstm,sym_conformal,333,1440,1440,1440,1,0.88125,-0.06874999999999998,0.06874999999999998,0.05694444444444444,0.06180555555555556,0.05694444444444444,0.06180555555555556,0.12201094995252784,0.1135395243763923,0.2254597751023664,0.002626053318462754,0.015973401263998134,0.0030104410590963107,151366.19542913113,0.95,volatility_qlike,descriptive_only
rs_future_7,full,lstm,sym_conformal,444,1440,1440,1440,1,0.8972222222222223,-0.0527777777777777,0.0527777777777777,0.04861111111111111,0.05416666666666667,0.04861111111111111,0.05416666666666667,0.11424697796788272,0.1063856743276119,0.1952486048553807,0.0019267027878426077,0.015789791457589367,0.0029545123335418108,276299.47770816804,0.95,volatility_qlike,descriptive_only
rs_future_7,full,lstm,sym_conformal,555,1440,1440,1440,1,0.8798611111111111,-0.07013888888888886,0.07013888888888886,0.08402777777777778,0.03611111111111111,0.08402777777777778,0.03611111111111111,0.1166609397390857,0.1128128170967102,0.19594410574991897,0.0025053306085748607,0.014561684889814526,0.0023932720351730174,21558.554401582613,0.95,volatility_qlike,descriptive_only
rs_future_7,full,lstm,sym_conformal,666,1440,1440,1440,1,0.8979166666666667,-0.05208333333333326,0.05208333333333326,0.050694444444444445,0.05138888888888889,0.050694444444444445,0.05138888888888889,0.12543733604511037,0.1204988434910774,0.19214149333613012,0.0018139897995971088,0.01618724219231926,0.0029895475338060466,472229.8426112473,0.95,volatility_qlike,descriptive_only
rs_future_7,full,rf,cqr,111,1440,1440,1440,1,0.9256944444444445,-0.02430555555555547,0.02430555555555547,0.05763888888888889,0.016666666666666666,0.05763888888888889,0.016666666666666666,0.12068160907371794,0.1191767463648879,0.154553711270069,0.0013001204591017422,0.011482161587956506,0.002563722322649888,-1.7039297336781642,0.95,volatility_qlike,descriptive_only
rs_future_7,full,rf,cqr,222,1440,1440,1440,1,0.9319444444444445,-0.01805555555555549,0.01805555555555549,0.05138888888888889,0.016666666666666666,0.05138888888888889,0.016666666666666666,0.13136636219057904,0.12499917869927465,0.1621984181494168,0.0012135124808878978,0.012053202314382805,0.002841447972847428,-1.6978612297790525,0.95,volatility_qlike,descriptive_only
rs_future_7,full,rf,cqr,333,1440,1440,1440,1,0.9368055555555556,-0.013194444444444398,0.013194444444444398,0.04791666666666667,0.015277777777777777,0.04791666666666667,0.015277777777777777,0.13384802552624148,0.12834782538966755,0.16238811288115973,0.0011692707795783156,0.011789758832721825,0.002890432042450582,-1.6998751658684415,0.95,volatility_qlike,descriptive_only
rs_future_7,full,rf,cqr,444,1440,1440,1440,1,0.9243055555555556,-0.025694444444444353,0.025694444444444353,0.041666666666666664,0.034027777777777775,0.041666666666666664,0.034027777777777775,0.1199595264036997,0.10463404205088181,0.1673982825030778,0.0013711582369590643,0.010288938255922047,0.0028137988256177865,-1.7197385673877787,0.95,volatility_qlike,descriptive_only
rs_future_7,full,rf,cqr,555,1440,1440,1440,1,0.9416666666666667,-0.008333333333333304,0.008333333333333304,0.049305555555555554,0.009027777777777777,0.049305555555555554,0.009027777777777777,0.15025514207293938,0.1392686107685709,0.17697082362769057,0.0013061630374040663,0.011351200170130296,0.0031181075532881013,-1.7058409689995768,0.95,volatility_qlike,descriptive_only
rs_future_7,full,rf,cqr,666,1440,1440,1440,1,0.91875,-0.03125,0.03125,0.04861111111111111,0.03263888888888889,0.04861111111111111,0.03263888888888889,0.11530199700688629,0.10199571696567736,0.15922180231007466,0.0013819347431217762,0.010121678079743164,0.0025986103146299964,-1.720949251006422,0.95,volatility_qlike,descriptive_only
rs_future_7,full,rf,raw_quantile,111,1440,1440,1440,1,0.8423611111111111,-0.10763888888888884,0.10763888888888884,0.12708333333333333,0.030555555555555555,0.12708333333333333,0.030555555555555555,0.09702503508773129,0.092299949704075,0.16186252425910116,0.0016268101495808876,0.011482161587956506,0.002419752956896548,-1.7039297336781642,0.95,volatility_qlike,descriptive_only
rs_future_7,full,rf,raw_quantile,222,1440,1440,1440,1,0.8625,-0.08749999999999991,0.08749999999999991,0.11319444444444444,0.024305555555555556,0.11319444444444444,0.024305555555555556,0.1128034721624655,0.10487543273790756,0.16818285389823848,0.0014711405735446448,0.012053202314382805,0.002733430773911222,-1.6978612297790525,0.95,volatility_qlike,descriptive_only
rs_future_7,full,rf,raw_quantile,333,1440,1440,1440,1,0.8743055555555556,-0.0756944444444444,0.0756944444444444,0.10208333333333333,0.02361111111111111,0.10208333333333333,0.02361111111111111,0.11595361008521796,0.10601309515304085,0.16551597771353588,0.0013792746065379336,0.011789758832721825,0.002758624836300366,-1.6998751658684415,0.95,volatility_qlike,descriptive_only
rs_future_7,full,rf,raw_quantile,444,1440,1440,1440,1,0.5729166666666666,-0.3770833333333333,0.3770833333333333,0.31805555555555554,0.10902777777777778,0.31805555555555554,0.10902777777777778,0.059863045018272706,0.04019387043131735,0.28524332959833665,0.003468080981071732,0.010288938255922047,0.003663002258886594,-1.7197385673877787,0.95,volatility_qlike,descriptive_only
rs_future_7,full,rf,raw_quantile,555,1440,1440,1440,1,0.8222222222222222,-0.12777777777777777,0.12777777777777777,0.1486111111111111,0.029166666666666667,0.1486111111111111,0.029166666666666667,0.1216949952299252,0.10222779950178125,0.19036766129687926,0.0018059595019864463,0.011351200170130296,0.0029532320304354424,-1.7058409689995768,0.95,volatility_qlike,descriptive_only
rs_future_7,full,rf,raw_quantile,666,1440,1440,1440,1,0.5847222222222223,-0.3652777777777777,0.3652777777777777,0.30486111111111114,0.11041666666666666,0.30486111111111114,0.11041666666666666,0.05543855410040624,0.040920689053596596,0.2732282782243444,0.0034705177075968208,0.010121678079743164,0.0033601892480117,-1.720949251006422,0.95,volatility_qlike,descriptive_only
rs_future_7,full,rf,regime_cqr,111,1440,1440,1440,1,0.9159722222222222,-0.03402777777777777,0.03402777777777777,0.06111111111111111,0.022916666666666665,0.06111111111111111,0.022916666666666665,0.11855673712533031,0.11727761978796261,0.155102747822871,0.001293334285220919,0.011482161587956506,0.0025842344103507607,-1.7039297336781642,0.95,volatility_qlike,descriptive_only
rs_future_7,full,rf,regime_cqr,222,1440,1440,1440,1,0.9243055555555556,-0.025694444444444353,0.025694444444444353,0.05416666666666667,0.021527777777777778,0.05416666666666667,0.021527777777777778,0.13027063525980048,0.12363259595422085,0.16347123687366974,0.0012036739163615807,0.012053202314382805,0.002883107005480069,-1.6978612297790525,0.95,volatility_qlike,descriptive_only
rs_future_7,full,rf,regime_cqr,333,1440,1440,1440,1,0.9298611111111111,-0.020138888888888817,0.020138888888888817,0.052083333333333336,0.018055555555555554,0.052083333333333336,0.018055555555555554,0.13369177525252773,0.12864802940470527,0.16360138720496953,0.0011734222344469752,0.011789758832721825,0.002916612445677166,-1.6998751658684415,0.95,volatility_qlike,descriptive_only
rs_future_7,full,rf,regime_cqr,444,1440,1440,1440,1,0.9104166666666667,-0.039583333333333304,0.039583333333333304,0.049305555555555554,0.04027777777777778,0.049305555555555554,0.04027777777777778,0.1173079784560059,0.1048965421505895,0.16805953563633183,0.0013490137713310182,0.010288938255922047,0.0028524746195771815,-1.7197385673877787,0.95,volatility_qlike,descriptive_only
rs_future_7,full,rf,regime_cqr,555,1440,1440,1440,1,0.9347222222222222,-0.015277777777777724,0.015277777777777724,0.052083333333333336,0.013194444444444444,0.052083333333333336,0.013194444444444444,0.148332864690706,0.1361448353930754,0.1780786355088342,0.0012895421752379445,0.011351200170130296,0.0031624237124828155,-1.7058409689995768,0.95,volatility_qlike,descriptive_only
rs_future_7,full,rf,regime_cqr,666,1440,1440,1440,1,0.9090277777777778,-0.04097222222222219,0.04097222222222219,0.052083333333333336,0.03888888888888889,0.052083333333333336,0.03888888888888889,0.1109061371146941,0.09990163163008756,0.15941926223661806,0.0013355706718313606,0.010121678079743164,0.0026499108840839954,-1.720949251006422,0.95,volatility_qlike,descriptive_only
rs_future_7,full,rf,regime_sym_conformal,111,1440,1440,1440,1,0.8513888888888889,-0.0986111111111111,0.0986111111111111,0.09444444444444444,0.05416666666666667,0.09444444444444444,0.05416666666666667,0.10378207695558894,0.09827530428239495,0.1920632737525896,0.002328024138194875,0.012284933042667692,0.0024735577056197717,-1.7030800550772023,0.95,volatility_qlike,descriptive_only
rs_future_7,full,rf,regime_sym_conformal,222,1440,1440,1440,1,0.8583333333333333,-0.09166666666666667,0.09166666666666667,0.1,0.041666666666666664,0.1,0.041666666666666664,0.1093631578040381,0.0957655541790304,0.20032805473976986,0.00253693141717277,0.013513958601309186,0.002471269951321379,-1.6932483410064085,0.95,volatility_qlike,descriptive_only
rs_future_7,full,rf,regime_sym_conformal,333,1440,1440,1440,1,0.8694444444444445,-0.08055555555555549,0.08055555555555549,0.08888888888888889,0.041666666666666664,0.08888888888888889,0.041666666666666664,0.10904788850006797,0.10031352462223911,0.19750978239782918,0.002497597631592546,0.013245067358533721,0.0024401469283530856,-1.6952539279740557,0.95,volatility_qlike,descriptive_only
rs_future_7,full,rf,regime_sym_conformal,444,1440,1440,1440,1,0.8756944444444444,-0.07430555555555551,0.07430555555555551,0.06666666666666667,0.05763888888888889,0.06666666666666667,0.05763888888888889,0.10157598171832666,0.0885057041599525,0.18453123736864538,0.0020528162372888763,0.010993251108869508,0.002560464696927162,-1.7162270418153462,0.95,volatility_qlike,descriptive_only
rs_future_7,full,rf,regime_sym_conformal,555,1440,1440,1440,1,0.8652777777777778,-0.08472222222222214,0.08472222222222214,0.09027777777777778,0.044444444444444446,0.09027777777777778,0.044444444444444446,0.10974064054909193,0.0922954279939717,0.2034157633580952,0.0025505954750631205,0.013375976949809774,0.0025347986088891635,-1.6954229363515467,0.95,volatility_qlike,descriptive_only
rs_future_7,full,rf,regime_sym_conformal,666,1440,1440,1440,1,0.8722222222222222,-0.07777777777777772,0.07777777777777772,0.06319444444444444,0.06458333333333334,0.06319444444444444,0.06458333333333334,0.09983753432322197,0.084968094061512,0.17580059103290396,0.0017952476348298953,0.010707696199113631,0.0025997671409926076,-1.7186174415654643,0.95,volatility_qlike,descriptive_only
rs_future_7,full,rf,sym_conformal,111,1440,1440,1440,1,0.8736111111111111,-0.07638888888888884,0.07638888888888884,0.08402777777777778,0.04236111111111111,0.08402777777777778,0.04236111111111111,0.1075948077083264,0.096683285305773,0.18153478401056514,0.0022188356180321794,0.012284933042667692,0.002319533982231854,-1.7030800550772023,0.95,volatility_qlike,descriptive_only
rs_future_7,full,rf,sym_conformal,222,1440,1440,1440,1,0.875,-0.07499999999999996,0.07499999999999996,0.09513888888888888,0.029861111111111113,0.09513888888888888,0.029861111111111113,0.11380727655803252,0.09731093759272685,0.19253350036502476,0.0025262029502591096,0.013513958601309186,0.0022871345588664116,-1.6932483410064085,0.95,volatility_qlike,descriptive_only
rs_future_7,full,rf,sym_conformal,333,1440,1440,1440,1,0.8826388888888889,-0.0673611111111111,0.0673611111111111,0.0875,0.029861111111111113,0.0875,0.029861111111111113,0.11335942887473946,0.1001923904813316,0.1883102882153368,0.0024481917859784526,0.013245067358533721,0.0022595654194048683,-1.6952539279740557,0.95,volatility_qlike,descriptive_only
rs_future_7,full,rf,sym_conformal,444,1440,1440,1440,1,0.8847222222222222,-0.06527777777777777,0.06527777777777777,0.059722222222222225,0.05555555555555555,0.059722222222222225,0.05555555555555555,0.10468216878837004,0.09013361351097271,0.18440488088089388,0.0020631006679043555,0.010993251108869508,0.002547021354117896,-1.7162270418153462,0.95,volatility_qlike,descriptive_only
rs_future_7,full,rf,sym_conformal,555,1440,1440,1440,1,0.8791666666666667,-0.0708333333333333,0.0708333333333333,0.08819444444444445,0.03263888888888889,0.08819444444444445,0.03263888888888889,0.11383588535859515,0.0944413779329184,0.19446975280456935,0.002492105432598977,0.013375976949809774,0.0023696383875151605,-1.6954229363515467,0.95,volatility_qlike,descriptive_only
rs_future_7,full,rf,sym_conformal,666,1440,1440,1440,1,0.8854166666666666,-0.06458333333333333,0.06458333333333333,0.05277777777777778,0.06180555555555556,0.05277777777777778,0.06180555555555556,0.10272379274184057,0.08569108473119835,0.17455940077947407,0.0017842544917575263,0.010707696199113631,0.002579730527729229,-1.7186174415654643,0.95,volatility_qlike,descriptive_only
rs_future_7,full,ridge,cqr,111,1440,1440,1440,1,0.98125,0.03125,0.03125,0.01875,0.0,0.01875,0.0,0.17782320309177763,0.17730699394910515,0.1809499157173975,0.0010877529637859072,0.008336601610791564,0.003435994929148932,-1.7296463936603603,0.95,volatility_qlike,descriptive_only
rs_future_7,full,ridge,cqr,222,1440,1440,1440,1,0.9152777777777777,-0.03472222222222221,0.03472222222222221,0.050694444444444445,0.034027777777777775,0.050694444444444445,0.034027777777777775,0.11915773327883675,0.1092402512700859,0.15928298738989816,0.001140841530442985,0.009453848824162408,0.0028412331543043764,-1.7090707448678442,0.95,volatility_qlike,descriptive_only
rs_future_7,full,ridge,cqr,333,1440,1440,1440,1,0.91875,-0.03125,0.03125,0.05277777777777778,0.02847222222222222,0.05277777777777778,0.02847222222222222,0.1180670047939735,0.104732591011121,0.15566436207548834,0.0011283795484996217,0.009380921416191141,0.002763229503387492,-1.710089594088545,0.95,volatility_qlike,descriptive_only
rs_future_7,full,ridge,cqr,444,1440,1440,1440,1,0.9256944444444445,-0.02430555555555547,0.02430555555555547,0.049305555555555554,0.025,0.049305555555555554,0.025,0.11917785195518746,0.10557380300935425,0.15310356552660723,0.0011116580004888559,0.00928055883099526,0.002715931137676229,-1.7112102667960025,0.95,volatility_qlike,descriptive_only
rs_future_7,full,ridge,cqr,555,1440,1440,1440,1,0.9263888888888889,-0.023611111111111027,0.023611111111111027,0.04861111111111111,0.025,0.04861111111111111,0.025,0.11897954401107028,0.10542907670565105,0.15307534108685047,0.001114381009329689,0.009290462589192102,0.0027125025178414783,-1.7107571056538484,0.95,volatility_qlike,descriptive_only
rs_future_7,full,ridge,cqr,666,1440,1440,1440,1,0.91875,-0.03125,0.03125,0.05277777777777778,0.02847222222222222,0.05277777777777778,0.02847222222222222,0.11805730766125778,0.10484151538081671,0.15556852406202476,0.0011269406575394553,0.00940052946524959,0.0027622724440110693,-1.7096193298573237,0.95,volatility_qlike,descriptive_only
rs_future_7,full,ridge,raw_quantile,111,1440,1440,1440,1,0.98125,0.03125,0.03125,0.01875,0.0,0.01875,0.0,0.17695059813663672,0.1760021451244489,0.18068024627710572,0.0010919187897178756,0.008336601610791564,0.003425087367209671,-1.7296463936603603,0.95,volatility_qlike,descriptive_only
rs_future_7,full,ridge,raw_quantile,222,1440,1440,1440,1,0.8375,-0.11249999999999993,0.11249999999999993,0.09027777777777778,0.07222222222222222,0.09027777777777778,0.07222222222222222,0.0959531643536567,0.0802703278247848,0.18668873799371957,0.0011517674166964238,0.009453848824162408,0.0035154510331464736,-1.7090707448678442,0.95,volatility_qlike,descriptive_only
rs_future_7,full,ridge,raw_quantile,333,1440,1440,1440,1,0.8493055555555555,-0.10069444444444442,0.10069444444444442,0.09027777777777778,0.06041666666666667,0.09027777777777778,0.06041666666666667,0.09765189217871052,0.08272695425836185,0.17489600532103214,0.0011281565084308174,0.009380921416191141,0.0032442436245948914,-1.710089594088545,0.95,volatility_qlike,descriptive_only
rs_future_7,full,ridge,raw_quantile,444,1440,1440,1440,1,0.8527777777777777,-0.09722222222222221,0.09722222222222221,0.09027777777777778,0.05694444444444444,0.09027777777777778,0.05694444444444444,0.09979022991183031,0.08468503399765055,0.1749949370556364,0.0011098300821795804,0.00928055883099526,0.0032650433442112355,-1.7112102667960025,0.95,volatility_qlike,descriptive_only
rs_future_7,full,ridge,raw_quantile,555,1440,1440,1440,1,0.8520833333333333,-0.09791666666666665,0.09791666666666665,0.09027777777777778,0.05763888888888889,0.09027777777777778,0.05763888888888889,0.09946092421246319,0.08430814948710455,0.17487713205723973,0.001108115955887766,0.009290462589192102,0.0032638123455431337,-1.7107571056538484,0.95,volatility_qlike,descriptive_only
rs_future_7,full,ridge,raw_quantile,666,1440,1440,1440,1,0.85,-0.09999999999999998,0.09999999999999998,0.08958333333333333,0.06041666666666667,0.08958333333333333,0.06041666666666667,0.09755758970345758,0.0827307141091817,0.17587699487679517,0.001126146107464127,0.00940052946524959,0.00327077876445566,-1.7096193298573237,0.95,volatility_qlike,descriptive_only
rs_future_7,full,ridge,regime_cqr,111,1440,1440,1440,1,0.98125,0.03125,0.03125,0.01875,0.0,0.01875,0.0,0.17722984711788697,0.1771483936216242,0.18035655974350684,0.0010803360141122746,0.008336601610791564,0.003428577979475299,-1.7296463936603603,0.95,volatility_qlike,descriptive_only
rs_future_7,full,ridge,regime_cqr,222,1440,1440,1440,1,0.9048611111111111,-0.04513888888888884,0.04513888888888884,0.05347222222222222,0.041666666666666664,0.05347222222222222,0.041666666666666664,0.11650490451415188,0.1051695511659756,0.16293556472559156,0.001130416421572531,0.009453848824162408,0.002942972696567165,-1.7090707448678442,0.95,volatility_qlike,descriptive_only
rs_future_7,full,ridge,regime_cqr,333,1440,1440,1440,1,0.9097222222222222,-0.040277777777777746,0.040277777777777746,0.05555555555555555,0.034722222222222224,0.05555555555555555,0.034722222222222224,0.11587930022620638,0.1020554789292918,0.15670620636230792,0.0011247424116024123,0.009380921416191141,0.002792912747455191,-1.710089594088545,0.95,volatility_qlike,descriptive_only
rs_future_7,full,ridge,regime_cqr,444,1440,1440,1440,1,0.9131944444444444,-0.036805555555555536,0.036805555555555536,0.05555555555555555,0.03125,0.05555555555555555,0.03125,0.11714218095746705,0.1039055934898388,0.15534207215538634,0.0011125835350429914,0.00928055883099526,0.0027709682688415722,-1.7112102667960025,0.95,volatility_qlike,descriptive_only
rs_future_7,full,ridge,regime_cqr,555,1440,1440,1440,1,0.9111111111111111,-0.03888888888888886,0.03888888888888886,0.05694444444444444,0.03194444444444444,0.05694444444444444,0.03194444444444444,0.1168586021515653,0.10401319166942716,0.15540272367949728,0.0011177217875205027,0.009290462589192102,0.002767346304466834,-1.7107571056538484,0.95,volatility_qlike,descriptive_only
rs_future_7,full,ridge,regime_cqr,666,1440,1440,1440,1,0.9090277777777778,-0.04097222222222219,0.04097222222222219,0.05625,0.034722222222222224,0.05625,0.034722222222222224,0.1158472941675274,0.10223574936834301,0.15662200059554948,0.0011238731883844158,0.00940052946524959,0.0027916768265042265,-1.7096193298573237,0.95,volatility_qlike,descriptive_only
rs_future_7,full,ridge,regime_sym_conformal,111,1440,1440,1440,1,0.8923611111111112,-0.057638888888888795,0.057638888888888795,0.049305555555555554,0.058333333333333334,0.049305555555555554,0.058333333333333334,0.10242377943647638,0.0949104198544906,0.19191416866173697,0.0017500934371524422,0.011804303164041982,0.0030477607793908865,-1.6102856422874878,0.95,volatility_qlike,descriptive_only
rs_future_7,full,ridge,regime_sym_conformal,222,1440,1440,1440,1,0.8694444444444445,-0.08055555555555549,0.08055555555555549,0.0763888888888889,0.05416666666666667,0.0763888888888889,0.05416666666666667,0.10607983461070461,0.09467011326130415,0.2254512036031021,0.0021664355157749796,0.014749267874847054,0.003469844574302478,152542.78941813236,0.95,volatility_qlike,descriptive_only
rs_future_7,full,ridge,regime_sym_conformal,333,1440,1440,1440,1,0.8708333333333333,-0.07916666666666661,0.07916666666666661,0.0763888888888889,0.05277777777777778,0.0763888888888889,0.05277777777777778,0.1057392659286702,0.0947008243573082,0.2247910770119303,0.00215876380999474,0.014636606047159741,0.00346101311530342,152541.7827323505,0.95,volatility_qlike,descriptive_only
rs_future_7,full,ridge,regime_sym_conformal,444,1440,1440,1440,1,0.8729166666666667,-0.07708333333333328,0.07708333333333328,0.07430555555555556,0.05277777777777778,0.07430555555555556,0.05277777777777778,0.10559194335115303,0.0937841894813694,0.22441116436992356,0.002155535434594517,0.014578914372492417,0.003454743674653476,145073.38120443048,0.95,volatility_qlike,descriptive_only
rs_future_7,full,ridge,regime_sym_conformal,555,1440,1440,1440,1,0.8729166666666667,-0.07708333333333328,0.07708333333333328,0.07430555555555556,0.05277777777777778,0.07430555555555556,0.05277777777777778,0.10560753266984316,0.0938887205450251,0.22445595831489043,0.002155864037765859,0.0145855010466234,0.003455534920106308,145073.56916813483,0.95,volatility_qlike,descriptive_only
rs_future_7,full,ridge,regime_sym_conformal,666,1440,1440,1440,1,0.8708333333333333,-0.07916666666666661,0.07916666666666661,0.0763888888888889,0.05277777777777778,0.0763888888888889,0.05277777777777778,0.10575399232584479,0.0947822960474534,0.22481957072545836,0.00215902160623661,0.014641731518066746,0.003461467661899755,152541.7931115075,0.95,volatility_qlike,descriptive_only
rs_future_7,full,ridge,sym_conformal,111,1440,1440,1440,1,0.8993055555555556,-0.050694444444444375,0.050694444444444375,0.04722222222222222,0.05347222222222222,0.04722222222222222,0.05347222222222222,0.10421288816844745,0.0887873380913059,0.19106366187167215,0.0017272917437152135,0.011804303164041982,0.0030492998030764934,-1.6102856422874878,0.95,volatility_qlike,descriptive_only
rs_future_7,full,ridge,sym_conformal,222,1440,1440,1440,1,0.8770833333333333,-0.07291666666666663,0.07291666666666663,0.06736111111111111,0.05555555555555555,0.06736111111111111,0.05555555555555555,0.10780043358873351,0.0964555012830055,0.22298806463771478,0.002002186380586993,0.014749267874847054,0.00357251523535578,152542.78941813236,0.95,volatility_qlike,descriptive_only
rs_future_7,full,ridge,sym_conformal,333,1440,1440,1440,1,0.8798611111111111,-0.07013888888888886,0.07013888888888886,0.06527777777777778,0.05486111111111111,0.06527777777777778,0.05486111111111111,0.10740890167330035,0.0947008243573082,0.22232602753797448,0.001991003013682217,0.014636606047159741,0.0035671476747670483,152541.7827323505,0.95,volatility_qlike,descriptive_only
rs_future_7,full,ridge,sym_conformal,444,1440,1440,1440,1,0.8805555555555555,-0.06944444444444442,0.06944444444444442,0.06458333333333334,0.05486111111111111,0.06458333333333334,0.05486111111111111,0.10723635445516418,0.0937841894813694,0.22193111708350668,0.0019851359451451226,0.014578914372492417,0.003563141981942448,145073.38120443048,0.95,volatility_qlike,descriptive_only
rs_future_7,full,ridge,sym_conformal,555,1440,1440,1440,1,0.8805555555555555,-0.06944444444444442,0.06944444444444442,0.06458333333333334,0.05486111111111111,0.06458333333333334,0.05486111111111111,0.10725476854445276,0.0938887205450252,0.22197938566297795,0.001985830909782168,0.0145855010466234,0.0035636537317921863,145073.56916813483,0.95,volatility_qlike,descriptive_only
rs_future_7,full,ridge,sym_conformal,666,1440,1440,1440,1,0.8798611111111111,-0.07013888888888886,0.07013888888888886,0.06527777777777778,0.05486111111111111,0.06527777777777778,0.05486111111111111,0.10742593185084601,0.0947822960474535,0.22235487230555182,0.0019914484911092477,0.014641731518066746,0.0035674233165294516,152541.7931115075,0.95,volatility_qlike,descriptive_only
rs_future_7,price_onchain,gbr,cqr,111,1440,1440,1440,1,0.9736111111111111,0.023611111111111138,0.023611111111111138,0.021527777777777778,0.004861111111111111,0.021527777777777778,0.004861111111111111,0.15871552731566874,0.15507847802785865,0.1623850981289948,0.0010139126170062294,0.009297039925519788,0.0030457148362185455,-1.7210396302817073,0.95,volatility_qlike,descriptive_only
rs_future_7,price_onchain,gbr,cqr,222,1440,1440,1440,1,0.975,0.025000000000000022,0.025000000000000022,0.019444444444444445,0.005555555555555556,0.019444444444444445,0.005555555555555556,0.1489784015034027,0.14291406471761314,0.1556335339915077,0.0009924020719408121,0.009204149516024296,0.002898436277846785,-1.7221858822963694,0.95,volatility_qlike,descriptive_only
rs_future_7,price_onchain,gbr,cqr,333,1440,1440,1440,1,0.9756944444444444,0.025694444444444464,0.025694444444444464,0.022916666666666665,0.001388888888888889,0.022916666666666665,0.001388888888888889,0.1603283201293778,0.15966958075633103,0.1635162602791727,0.001019843262954297,0.009302778852419704,0.003068063244024926,-1.720727536621938,0.95,volatility_qlike,descriptive_only
rs_future_7,price_onchain,gbr,cqr,444,1440,1440,1440,1,0.9756944444444444,0.025694444444444464,0.025694444444444464,0.02013888888888889,0.004166666666666667,0.02013888888888889,0.004166666666666667,0.1578838006519641,0.15246982760606909,0.16143466051147584,0.001012015803313649,0.00930178192374791,0.0030238507094731493,-1.7208741344351262,0.95,volatility_qlike,descriptive_only
rs_future_7,price_onchain,gbr,cqr,555,1440,1440,1440,1,0.9722222222222222,0.022222222222222254,0.022222222222222254,0.021527777777777778,0.00625,0.021527777777777778,0.00625,0.15240228248227997,0.1458594238342846,0.1577105794189852,0.0010044301722337055,0.009286473469740937,0.002938334313240829,-1.721197015740197,0.95,volatility_qlike,descriptive_only
rs_future_7,price_onchain,gbr,cqr,666,1440,1440,1440,1,0.9791666666666666,0.029166666666666674,0.029166666666666674,0.02013888888888889,0.0006944444444444445,0.02013888888888889,0.0006944444444444445,0.16256492269645115,0.1604623300576575,0.1649750022192313,0.0010055245606202987,0.009263276759140078,0.0031188504948603886,-1.7218953218510282,0.95,volatility_qlike,descriptive_only
rs_future_7,price_onchain,gbr,raw_quantile,111,1440,1440,1440,1,0.9722222222222222,0.022222222222222254,0.022222222222222254,0.022916666666666665,0.004861111111111111,0.022916666666666665,0.004861111111111111,0.1571597641625357,0.1540601054556003,0.16178447460868955,0.0010183440684127607,0.009297039925519788,0.0030262677968043816,-1.7210396302817073,0.95,volatility_qlike,descriptive_only
rs_future_7,price_onchain,gbr,raw_quantile,222,1440,1440,1440,1,0.9694444444444444,0.019444444444444486,0.019444444444444486,0.025,0.005555555555555556,0.025,0.005555555555555556,0.14596568435844665,0.14100316089256903,0.15369339107544802,0.0009815574633512706,0.009204149516024296,0.002860777313534834,-1.7221858822963694,0.95,volatility_qlike,descriptive_only
rs_future_7,price_onchain,gbr,raw_quantile,333,1440,1440,1440,1,0.9743055555555555,0.02430555555555558,0.02430555555555558,0.024305555555555556,0.001388888888888889,0.024305555555555556,0.001388888888888889,0.15924640541974158,0.15938757427402944,0.16345414905620903,0.0010318144162506583,0.009302778852419704,0.003054539310154473,-1.720727536621938,0.95,volatility_qlike,descriptive_only
rs_future_7,price_onchain,gbr,raw_quantile,444,1440,1440,1440,1,0.9729166666666667,0.022916666666666696,0.022916666666666696,0.022916666666666665,0.004166666666666667,0.022916666666666665,0.004166666666666667,0.15615495079871325,0.1517664096082727,0.16073524417091087,0.0010161410179651603,0.00930178192374791,0.0030022400863075134,-1.7208741344351262,0.95,volatility_qlike,descriptive_only
rs_future_7,price_onchain,gbr,raw_quantile,555,1440,1440,1440,1,0.9701388888888889,0.02013888888888893,0.02013888888888893,0.02361111111111111,0.00625,0.02361111111111111,0.00625,0.14987355581051856,0.1446421810830421,0.15625676888367993,0.0009996939922480902,0.009286473469740937,0.002906725229843812,-1.721197015740197,0.95,volatility_qlike,descriptive_only
rs_future_7,price_onchain,gbr,raw_quantile,666,1440,1440,1440,1,0.9770833333333333,0.027083333333333348,0.027083333333333348,0.022222222222222223,0.0006944444444444445,0.022222222222222223,0.0006944444444444445,0.16153179918382846,0.1601207464098664,0.16483834003410244,0.0010150220498998607,0.009263276759140078,0.003105936450952605,-1.7218953218510282,0.95,volatility_qlike,descriptive_only
rs_future_7,price_onchain,gbr,regime_cqr,111,1440,1440,1440,1,0.9736111111111111,0.023611111111111138,0.023611111111111138,0.021527777777777778,0.004861111111111111,0.021527777777777778,0.004861111111111111,0.15828479341135165,0.1546243538334114,0.16195436422467768,0.0010085284432022655,0.009297039925519788,0.003040330662414581,-1.7210396302817073,0.95,volatility_qlike,descriptive_only
rs_future_7,price_onchain,gbr,regime_cqr,222,1440,1440,1440,1,0.975,0.025000000000000022,0.025000000000000022,0.019444444444444445,0.005555555555555556,0.019444444444444445,0.005555555555555556,0.14863105881434976,0.14260530578292352,0.15528619130245475,0.00098806028832765,0.009204149516024296,0.0028940944942336235,-1.7221858822963694,0.95,volatility_qlike,descriptive_only
rs_future_7,price_onchain,gbr,regime_cqr,333,1440,1440,1440,1,0.9756944444444444,0.025694444444444464,0.025694444444444464,0.022916666666666665,0.001388888888888889,0.022916666666666665,0.001388888888888889,0.1598771542468381,0.15966958075633103,0.163065094396633,0.0010142036894225505,0.009302778852419704,0.0030624236704931795,-1.720727536621938,0.95,volatility_qlike,descriptive_only
rs_future_7,price_onchain,gbr,regime_cqr,444,1440,1440,1440,1,0.9756944444444444,0.025694444444444464,0.025694444444444464,0.02013888888888889,0.004166666666666667,0.02013888888888889,0.004166666666666667,0.15745312551374283,0.1521957853418785,0.16100398537325455,0.0010066323640858827,0.00930178192374791,0.003018467270245383,-1.7208741344351262,0.95,volatility_qlike,descriptive_only
rs_future_7,price_onchain,gbr,regime_cqr,555,1440,1440,1440,1,0.9722222222222222,0.022222222222222254,0.022222222222222254,0.021527777777777778,0.00625,0.021527777777777778,0.00625,0.1519187819222601,0.1455355042255917,0.15722707885896534,0.000998386415233457,0.009286473469740937,0.002932290556240581,-1.721197015740197,0.95,volatility_qlike,descriptive_only
rs_future_7,price_onchain,gbr,regime_cqr,666,1440,1440,1440,1,0.9791666666666666,0.029166666666666674,0.029166666666666674,0.02013888888888889,0.0006944444444444445,0.02013888888888889,0.0006944444444444445,0.16213809921172886,0.160211265562279,0.164548178734509,0.0010001892670612694,0.009263276759140078,0.00311351520130136,-1.7218953218510282,0.95,volatility_qlike,descriptive_only
rs_future_7,price_onchain,gbr,regime_sym_conformal,111,1440,1440,1440,1,0.8625,-0.08749999999999991,0.08749999999999991,0.07708333333333334,0.06041666666666667,0.07708333333333334,0.06041666666666667,0.09836859629556949,0.0858732830900508,0.1738829279230783,0.0016094243261348205,0.01095805263698965,0.0027376488719420434,-1.7140885540344875,0.95,volatility_qlike,descriptive_only
rs_future_7,price_onchain,gbr,regime_sym_conformal,222,1440,1440,1440,1,0.8493055555555555,-0.10069444444444442,0.10069444444444442,0.08472222222222223,0.06597222222222222,0.08472222222222223,0.06597222222222222,0.09815970151647516,0.0865951523712307,0.18332964776458652,0.0017832637101291686,0.010618690458614567,0.0027999774839853977,-1.7171537717625833,0.95,volatility_qlike,descriptive_only
rs_future_7,price_onchain,gbr,regime_sym_conformal,333,1440,1440,1440,1,0.86875,-0.08124999999999993,0.08124999999999993,0.07222222222222222,0.059027777777777776,0.07222222222222222,0.059027777777777776,0.10021452762209812,0.0882689883303028,0.19271138145500416,0.0020141522091564564,0.01121272804477002,0.0028036323272185495,-1.7113735392174223,0.95,volatility_qlike,descriptive_only
rs_future_7,price_onchain,gbr,regime_sym_conformal,444,1440,1440,1440,1,0.8590277777777777,-0.09097222222222223,0.09097222222222223,0.07847222222222222,0.0625,0.07847222222222222,0.0625,0.09892354033358619,0.0876429382551425,0.17716650142292478,0.0016690092545880392,0.010923196412037378,0.002760153280984985,-1.714216850047336,0.95,volatility_qlike,descriptive_only
rs_future_7,price_onchain,gbr,regime_sym_conformal,555,1440,1440,1440,1,0.8576388888888888,-0.09236111111111112,0.09236111111111112,0.07569444444444444,0.06666666666666667,0.07569444444444444,0.06666666666666667,0.09716557512956218,0.0867486050650632,0.17526527113632503,0.0016101244370175399,0.010663231568204215,0.002771507341390491,-1.7165707914285195,0.95,volatility_qlike,descriptive_only
rs_future_7,price_onchain,gbr,regime_sym_conformal,666,1440,1440,1440,1,0.8604166666666667,-0.08958333333333324,0.08958333333333324,0.07847222222222222,0.06111111111111111,0.07847222222222222,0.06111111111111111,0.0983756538324005,0.0887377339601421,0.18359064088737098,0.0018507546104402457,0.010999436015592827,0.0027390114117439327,-1.7133378750338484,0.95,volatility_qlike,descriptive_only
rs_future_7,price_onchain,gbr,sym_conformal,111,1440,1440,1440,1,0.8743055555555556,-0.0756944444444444,0.0756944444444444,0.06944444444444445,0.05625,0.06944444444444445,0.05625,0.10010073655018681,0.0886915632036532,0.17282571074990433,0.0015911776519551828,0.01095805263698965,0.00272946511679233,-1.7140885540344875,0.95,volatility_qlike,descriptive_only
rs_future_7,price_onchain,gbr,sym_conformal,222,1440,1440,1440,1,0.8638888888888889,-0.08611111111111103,0.08611111111111103,0.07777777777777778,0.058333333333333334,0.07777777777777778,0.058333333333333334,0.09957614869940959,0.08707298878619926,0.18020454669334862,0.001771755540262794,0.010618690458614567,0.002733358127070825,-1.7171537717625833,0.95,volatility_qlike,descriptive_only
rs_future_7,price_onchain,gbr,sym_conformal,333,1440,1440,1440,1,0.8805555555555555,-0.06944444444444442,0.06944444444444442,0.06388888888888888,0.05555555555555555,0.06388888888888888,0.05555555555555555,0.10161120999102491,0.0887808894161333,0.19163119899780995,0.001975290097480028,0.01121272804477002,0.002815489877465125,-1.7113735392174223,0.95,volatility_qlike,descriptive_only
rs_future_7,price_onchain,gbr,sym_conformal,444,1440,1440,1440,1,0.8715277777777778,-0.07847222222222217,0.07847222222222217,0.07222222222222222,0.05625,0.07222222222222222,0.05625,0.10074451160162777,0.08921739985917809,0.17671764364323117,0.0016474053175630943,0.010923196412037378,0.002770535773517591,-1.714216850047336,0.95,volatility_qlike,descriptive_only
rs_future_7,price_onchain,gbr,sym_conformal,555,1440,1440,1440,1,0.8736111111111111,-0.07638888888888884,0.07638888888888884,0.06875,0.05763888888888889,0.06875,0.05763888888888889,0.09869348365245793,0.0850444851789718,0.173301981760014,0.0015845125337992218,0.010663231568204215,0.002748037010201034,-1.7165707914285195,0.95,volatility_qlike,descriptive_only
rs_future_7,price_onchain,gbr,sym_conformal,666,1440,1440,1440,1,0.8722222222222222,-0.07777777777777772,0.07777777777777772,0.07222222222222222,0.05555555555555555,0.07222222222222222,0.05555555555555555,0.10016044499193621,0.0887733525552643,0.18248267550780595,0.001824064607637913,0.010999436015592827,0.0027380022800571413,-1.7133378750338484,0.95,volatility_qlike,descriptive_only
rs_future_7,price_onchain,gru,cqr,111,1440,1440,1440,1,0.9395833333333333,-0.01041666666666663,0.01041666666666663,0.018055555555555554,0.04236111111111111,0.018055555555555554,0.04236111111111111,0.14775245682628924,0.1358131957445223,0.18685491883028343,0.0016013860417708628,0.012995206339625585,0.0030699869289861274,22819.78947086703,0.95,volatility_qlike,descriptive_only
rs_future_7,price_onchain,gru,cqr,222,1440,1440,1440,1,0.9631944444444445,0.013194444444444509,0.013194444444444509,0.020833333333333332,0.01597222222222222,0.020833333333333332,0.01597222222222222,0.1412473033148166,0.13980312398750774,0.16396242331995448,0.0013732092877538273,0.010200484353573278,0.0027258512952449397,-1.7097473876733436,0.95,volatility_qlike,descriptive_only
rs_future_7,price_onchain,gru,cqr,333,1440,1440,1440,1,0.9402777777777778,-0.009722222222222188,0.009722222222222188,0.034722222222222224,0.025,0.034722222222222224,0.025,0.15539924641049482,0.1509280135186063,0.18620170833229108,0.0015892478632772472,0.013186254718110578,0.0030657948450299355,177715.11510857413,0.95,volatility_qlike,descriptive_only
rs_future_7,price_onchain,gru,cqr,444,1440,1440,1440,1,0.9263888888888889,-0.023611111111111027,0.023611111111111027,0.04097222222222222,0.03263888888888889,0.04097222222222222,0.03263888888888889,0.15070973347683286,0.14049672160548454,0.18734509965289306,0.0016936509518225475,0.010886853744923998,0.002989976539499684,23056.18265594971,0.95,volatility_qlike,descriptive_only
rs_future_7,price_onchain,gru,cqr,555,1440,1440,1440,1,0.9631944444444445,0.013194444444444509,0.013194444444444509,0.020833333333333332,0.01597222222222222,0.020833333333333332,0.01597222222222222,0.13755673652259642,0.13627628982067105,0.1524805591138003,0.001293980909460589,0.010278139358059437,0.002518033068384322,12015.678269873362,0.95,volatility_qlike,descriptive_only
rs_future_7,price_onchain,gru,cqr,666,1440,1440,1440,1,0.9465277777777777,-0.00347222222222221,0.00347222222222221,0.013194444444444444,0.04027777777777778,0.013194444444444444,0.04027777777777778,0.17524690208391946,0.17363377916991274,0.22229220315215772,0.0015614403202394453,0.012972575391306864,0.003995864758564401,82645.97269082742,0.95,volatility_qlike,descriptive_only
rs_future_7,price_onchain,gru,raw_quantile,111,1440,1440,1440,1,0.8298611111111112,-0.1201388888888888,0.1201388888888888,0.04375,0.12638888888888888,0.04375,0.12638888888888888,0.11910607890038385,0.11160621047019956,0.2582740799896487,0.0017209966184812903,0.012995206339625585,0.004735855381259831,22819.78947086703,0.95,volatility_qlike,descriptive_only
rs_future_7,price_onchain,gru,raw_quantile,222,1440,1440,1440,1,0.9361111111111111,-0.01388888888888884,0.01388888888888884,0.027083333333333334,0.03680555555555556,0.027083333333333334,0.03680555555555556,0.12614784827552888,0.1264464985579252,0.17412021899703065,0.0012759984044206575,0.010200484353573278,0.0030770070705050116,-1.7097473876733436,0.95,volatility_qlike,descriptive_only
rs_future_7,price_onchain,gru,raw_quantile,333,1440,1440,1440,1,0.8402777777777778,-0.10972222222222217,0.10972222222222217,0.08402777777777778,0.07569444444444444,0.08402777777777778,0.07569444444444444,0.13336374068296408,0.1267326399683952,0.26671927133766027,0.0022320484507668955,0.013186254718110578,0.004435933332674517,177715.11510857413,0.95,volatility_qlike,descriptive_only
rs_future_7,price_onchain,gru,raw_quantile,444,1440,1440,1440,1,0.8145833333333333,-0.13541666666666663,0.13541666666666663,0.08541666666666667,0.1,0.08541666666666667,0.1,0.12117938159507398,0.11604847572743884,0.2531967460653648,0.001988313812608047,0.010886853744923998,0.004341604839025976,23056.18265594971,0.95,volatility_qlike,descriptive_only
rs_future_7,price_onchain,gru,raw_quantile,555,1440,1440,1440,1,0.9291666666666667,-0.02083333333333326,0.02083333333333326,0.020833333333333332,0.05,0.020833333333333332,0.05,0.12978754538732268,0.13162461481988424,0.16977188982159144,0.0012532109466277747,0.010278139358059437,0.0029910862989119165,12015.678269873362,0.95,volatility_qlike,descriptive_only
rs_future_7,price_onchain,gru,raw_quantile,666,1440,1440,1440,1,0.8930555555555556,-0.05694444444444435,0.05694444444444435,0.025,0.08194444444444444,0.025,0.08194444444444444,0.1650150518395498,0.16778596118092534,0.261711816348023,0.0016281882778074273,0.012972575391306864,0.0049146071308930495,82645.97269082742,0.95,volatility_qlike,descriptive_only
rs_future_7,price_onchain,gru,regime_cqr,111,1440,1440,1440,1,0.93125,-0.018749999999999933,0.018749999999999933,0.018055555555555554,0.050694444444444445,0.018055555555555554,0.050694444444444445,0.14615172008336907,0.1345783656392055,0.19005086084483425,0.001594443297164375,0.012995206339625585,0.003156828223956386,22819.78947086703,0.95,volatility_qlike,descriptive_only
rs_future_7,price_onchain,gru,regime_cqr,222,1440,1440,1440,1,0.9638888888888889,0.01388888888888895,0.01388888888888895,0.020833333333333332,0.015277777777777777,0.020833333333333332,0.015277777777777777,0.14101752936151507,0.1392640937908995,0.1632257442375877,0.0013725598991411166,0.010200484353573278,0.0027080837067984796,-1.7097473876733436,0.95,volatility_qlike,descriptive_only
rs_future_7,price_onchain,gru,regime_cqr,333,1440,1440,1440,1,0.94375,-0.006249999999999978,0.006249999999999978,0.03263888888888889,0.02361111111111111,0.03263888888888889,0.02361111111111111,0.1567190515264153,0.1527445840863575,0.18637403475925413,0.0015915647031399475,0.013186254718110578,0.0030677861658413106,177715.11510857413,0.95,volatility_qlike,descriptive_only
rs_future_7,price_onchain,gru,regime_cqr,444,1440,1440,1440,1,0.9215277777777777,-0.028472222222222232,0.028472222222222232,0.04375,0.034722222222222224,0.04375,0.034722222222222224,0.15149174701244558,0.13951167214271995,0.18840768625179452,0.0016914367263054543,0.010886853744923998,0.0030187554299893134,23056.18265594971,0.95,volatility_qlike,descriptive_only
rs_future_7,price_onchain,gru,regime_cqr,555,1440,1440,1440,1,0.9631944444444445,0.013194444444444509,0.013194444444444509,0.010416666666666666,0.02638888888888889,0.010416666666666666,0.02638888888888889,0.13773180752294045,0.13821493741124863,0.1550619082579813,0.0012636123565906534,0.010278139358059437,0.0026129353498587824,12015.678269873362,0.95,volatility_qlike,descriptive_only
rs_future_7,price_onchain,gru,regime_cqr,666,1440,1440,1440,1,0.9472222222222222,-0.002777777777777768,0.002777777777777768,0.013194444444444444,0.03958333333333333,0.013194444444444444,0.03958333333333333,0.17640395798050068,0.1755242049694061,0.2204145935813223,0.0015729369841710034,0.012972575391306864,0.003937427855361957,82645.97269082742,0.95,volatility_qlike,descriptive_only
rs_future_7,price_onchain,gru,regime_sym_conformal,111,1440,1440,1440,1,0.8993055555555556,-0.050694444444444375,0.050694444444444375,0.05763888888888889,0.043055555555555555,0.05763888888888889,0.043055555555555555,0.1292214369091834,0.1217677736523465,0.212898237568027,0.0022684483623480315,0.015248887850114058,0.003054007576852547,203098.14953749187,0.95,volatility_qlike,descriptive_only
rs_future_7,price_onchain,gru,regime_sym_conformal,222,1440,1440,1440,1,0.8777777777777778,-0.07222222222222219,0.07222222222222219,0.06041666666666667,0.06180555555555556,0.06041666666666667,0.06180555555555556,0.10682001761221836,0.0986117211257702,0.2021739306151842,0.002250784169854205,0.011333849451038599,0.002803564095525304,-1.6890570260610698,0.95,volatility_qlike,descriptive_only
rs_future_7,price_onchain,gru,regime_sym_conformal,333,1440,1440,1440,1,0.9243055555555556,-0.025694444444444353,0.025694444444444353,0.02847222222222222,0.04722222222222222,0.02847222222222222,0.04722222222222222,0.13772780552088446,0.1340627887025273,0.2049744221594629,0.0019039038243033818,0.015859601794068326,0.0032204567296830943,148613.16460943435,0.95,volatility_qlike,descriptive_only
rs_future_7,price_onchain,gru,regime_sym_conformal,444,1440,1440,1440,1,0.9131944444444444,-0.036805555555555536,0.036805555555555536,0.04513888888888889,0.041666666666666664,0.04513888888888889,0.041666666666666664,0.11998807933454694,0.1142015569879125,0.17134100332762686,0.001687661446900959,0.013805727665597633,0.002595863636289616,105078.56219345558,0.95,volatility_qlike,descriptive_only
rs_future_7,price_onchain,gru,regime_sym_conformal,555,1440,1440,1440,1,0.8701388888888889,-0.07986111111111105,0.07986111111111105,0.07430555555555556,0.05555555555555555,0.07430555555555556,0.05555555555555555,0.10982535704792827,0.1066572861359346,0.1953791059737381,0.002101704218157815,0.011061755792327021,0.002782773431185542,-1.700526991662018,0.95,volatility_qlike,descriptive_only
rs_future_7,price_onchain,gru,regime_sym_conformal,666,1440,1440,1440,1,0.9,-0.04999999999999993,0.04999999999999993,0.059027777777777776,0.04097222222222222,0.059027777777777776,0.04097222222222222,0.1206280295564825,0.1152728742974764,0.18588031994311208,0.001924641622590001,0.015074828625553864,0.002722366375987704,103681.82928477316,0.95,volatility_qlike,descriptive_only
rs_future_7,price_onchain,gru,sym_conformal,111,1440,1440,1440,1,0.8965277777777778,-0.05347222222222214,0.05347222222222214,0.059722222222222225,0.04375,0.059722222222222225,0.04375,0.12788164422899068,0.12018453702330585,0.21401981222755373,0.002266259066218336,0.015248887850114058,0.00308423623947041,203098.14953749187,0.95,volatility_qlike,descriptive_only
rs_future_7,price_onchain,gru,sym_conformal,222,1440,1440,1440,1,0.8854166666666666,-0.06458333333333333,0.06458333333333333,0.05486111111111111,0.059722222222222225,0.05486111111111111,0.059722222222222225,0.1078378766697521,0.0999973118305206,0.19665261566660605,0.002123663174525944,0.011333849451038599,0.002792652217139111,-1.6890570260610698,0.95,volatility_qlike,descriptive_only
rs_future_7,price_onchain,gru,sym_conformal,333,1440,1440,1440,1,0.9291666666666667,-0.02083333333333326,0.02083333333333326,0.025694444444444443,0.04513888888888889,0.025694444444444443,0.04513888888888889,0.13978943608235564,0.13553687185049051,0.2054614487699543,0.0018777988699368044,0.015859601794068326,0.0032587373493119564,148613.16460943435,0.95,volatility_qlike,descriptive_only
rs_future_7,price_onchain,gru,sym_conformal,444,1440,1440,1440,1,0.9159722222222222,-0.03402777777777777,0.03402777777777777,0.04236111111111111,0.041666666666666664,0.04236111111111111,0.041666666666666664,0.12031578679517324,0.1112024709582328,0.1697417022721787,0.0016562663946240804,0.013805727665597633,0.0025872761621802895,105078.56219345558,0.95,volatility_qlike,descriptive_only
rs_future_7,price_onchain,gru,sym_conformal,555,1440,1440,1440,1,0.8861111111111111,-0.06388888888888888,0.06388888888888888,0.06597222222222222,0.04791666666666667,0.06597222222222222,0.04791666666666667,0.1117765910263794,0.1066572926938533,0.19265975493894022,0.002074394421140142,0.011061755792327021,0.0027420994523332685,-1.700526991662018,0.95,volatility_qlike,descriptive_only
rs_future_7,price_onchain,gru,sym_conformal,666,1440,1440,1440,1,0.9034722222222222,-0.046527777777777724,0.046527777777777724,0.059722222222222225,0.03680555555555556,0.059722222222222225,0.03680555555555556,0.12152122971601781,0.1166072040796279,0.18569141491477434,0.0019590428037043915,0.015074828625553864,0.00268324256916487,103681.82928477316,0.95,volatility_qlike,descriptive_only
rs_future_7,price_onchain,har_ols,cqr,111,1440,1440,1440,1,0.9069444444444444,-0.043055555555555514,0.043055555555555514,0.03333333333333333,0.059722222222222225,0.03333333333333333,0.059722222222222225,0.1245528063110018,0.12035691526640915,0.17315207775044253,0.0012702962178284302,0.00919169397069636,0.0030585057259325376,-1.7057998223477304,0.95,volatility_qlike,descriptive_only
rs_future_7,price_onchain,har_ols,cqr,222,1440,1440,1440,1,0.9069444444444444,-0.043055555555555514,0.043055555555555514,0.03333333333333333,0.059722222222222225,0.03333333333333333,0.059722222222222225,0.1245528063110018,0.12035691526640915,0.17315207775044253,0.0012702962178284302,0.00919169397069636,0.0030585057259325376,-1.7057998223477304,0.95,volatility_qlike,descriptive_only
rs_future_7,price_onchain,har_ols,cqr,333,1440,1440,1440,1,0.9069444444444444,-0.043055555555555514,0.043055555555555514,0.03333333333333333,0.059722222222222225,0.03333333333333333,0.059722222222222225,0.1245528063110018,0.12035691526640915,0.17315207775044253,0.0012702962178284302,0.00919169397069636,0.0030585057259325376,-1.7057998223477304,0.95,volatility_qlike,descriptive_only
rs_future_7,price_onchain,har_ols,cqr,444,1440,1440,1440,1,0.9069444444444444,-0.043055555555555514,0.043055555555555514,0.03333333333333333,0.059722222222222225,0.03333333333333333,0.059722222222222225,0.1245528063110018,0.12035691526640915,0.17315207775044253,0.0012702962178284302,0.00919169397069636,0.0030585057259325376,-1.7057998223477304,0.95,volatility_qlike,descriptive_only
rs_future_7,price_onchain,har_ols,cqr,555,1440,1440,1440,1,0.9069444444444444,-0.043055555555555514,0.043055555555555514,0.03333333333333333,0.059722222222222225,0.03333333333333333,0.059722222222222225,0.1245528063110018,0.12035691526640915,0.17315207775044253,0.0012702962178284302,0.00919169397069636,0.0030585057259325376,-1.7057998223477304,0.95,volatility_qlike,descriptive_only
rs_future_7,price_onchain,har_ols,cqr,666,1440,1440,1440,1,0.9069444444444444,-0.043055555555555514,0.043055555555555514,0.03333333333333333,0.059722222222222225,0.03333333333333333,0.059722222222222225,0.1245528063110018,0.12035691526640915,0.17315207775044253,0.0012702962178284302,0.00919169397069636,0.0030585057259325376,-1.7057998223477304,0.95,volatility_qlike,descriptive_only
rs_future_7,price_onchain,har_ols,raw_quantile,111,1440,1440,1440,1,0.8173611111111111,-0.13263888888888886,0.13263888888888886,0.08333333333333333,0.09930555555555555,0.08333333333333333,0.09930555555555555,0.10219413463800459,0.09789846200419,0.20369195682907323,0.0013505318700679275,0.00919169397069636,0.00374176705065881,-1.7057998223477304,0.95,volatility_qlike,descriptive_only
rs_future_7,price_onchain,har_ols,raw_quantile,222,1440,1440,1440,1,0.8173611111111111,-0.13263888888888886,0.13263888888888886,0.08333333333333333,0.09930555555555555,0.08333333333333333,0.09930555555555555,0.10219413463800459,0.09789846200419,0.20369195682907323,0.0013505318700679275,0.00919169397069636,0.00374176705065881,-1.7057998223477304,0.95,volatility_qlike,descriptive_only
rs_future_7,price_onchain,har_ols,raw_quantile,333,1440,1440,1440,1,0.8173611111111111,-0.13263888888888886,0.13263888888888886,0.08333333333333333,0.09930555555555555,0.08333333333333333,0.09930555555555555,0.10219413463800459,0.09789846200419,0.20369195682907323,0.0013505318700679275,0.00919169397069636,0.00374176705065881,-1.7057998223477304,0.95,volatility_qlike,descriptive_only
rs_future_7,price_onchain,har_ols,raw_quantile,444,1440,1440,1440,1,0.8173611111111111,-0.13263888888888886,0.13263888888888886,0.08333333333333333,0.09930555555555555,0.08333333333333333,0.09930555555555555,0.10219413463800459,0.09789846200419,0.20369195682907323,0.0013505318700679275,0.00919169397069636,0.00374176705065881,-1.7057998223477304,0.95,volatility_qlike,descriptive_only
rs_future_7,price_onchain,har_ols,raw_quantile,555,1440,1440,1440,1,0.8173611111111111,-0.13263888888888886,0.13263888888888886,0.08333333333333333,0.09930555555555555,0.08333333333333333,0.09930555555555555,0.10219413463800459,0.09789846200419,0.20369195682907323,0.0013505318700679275,0.00919169397069636,0.00374176705065881,-1.7057998223477304,0.95,volatility_qlike,descriptive_only
rs_future_7,price_onchain,har_ols,raw_quantile,666,1440,1440,1440,1,0.8173611111111111,-0.13263888888888886,0.13263888888888886,0.08333333333333333,0.09930555555555555,0.08333333333333333,0.09930555555555555,0.10219413463800459,0.09789846200419,0.20369195682907323,0.0013505318700679275,0.00919169397069636,0.00374176705065881,-1.7057998223477304,0.95,volatility_qlike,descriptive_only
rs_future_7,price_onchain,har_ols,regime_cqr,111,1440,1440,1440,1,0.9069444444444444,-0.043055555555555514,0.043055555555555514,0.03263888888888889,0.06041666666666667,0.03263888888888889,0.06041666666666667,0.12520244721345375,0.12234344226066005,0.17471578537905538,0.0012789777640974836,0.00919169397069636,0.003088916870378807,-1.7057998223477304,0.95,volatility_qlike,descriptive_only
rs_future_7,price_onchain,har_ols,regime_cqr,222,1440,1440,1440,1,0.9069444444444444,-0.043055555555555514,0.043055555555555514,0.03263888888888889,0.06041666666666667,0.03263888888888889,0.06041666666666667,0.12520244721345375,0.12234344226066005,0.17471578537905538,0.0012789777640974836,0.00919169397069636,0.003088916870378807,-1.7057998223477304,0.95,volatility_qlike,descriptive_only
rs_future_7,price_onchain,har_ols,regime_cqr,333,1440,1440,1440,1,0.9069444444444444,-0.043055555555555514,0.043055555555555514,0.03263888888888889,0.06041666666666667,0.03263888888888889,0.06041666666666667,0.12520244721345375,0.12234344226066005,0.17471578537905538,0.0012789777640974836,0.00919169397069636,0.003088916870378807,-1.7057998223477304,0.95,volatility_qlike,descriptive_only
rs_future_7,price_onchain,har_ols,regime_cqr,444,1440,1440,1440,1,0.9069444444444444,-0.043055555555555514,0.043055555555555514,0.03263888888888889,0.06041666666666667,0.03263888888888889,0.06041666666666667,0.12520244721345375,0.12234344226066005,0.17471578537905538,0.0012789777640974836,0.00919169397069636,0.003088916870378807,-1.7057998223477304,0.95,volatility_qlike,descriptive_only
rs_future_7,price_onchain,har_ols,regime_cqr,555,1440,1440,1440,1,0.9069444444444444,-0.043055555555555514,0.043055555555555514,0.03263888888888889,0.06041666666666667,0.03263888888888889,0.06041666666666667,0.12520244721345375,0.12234344226066005,0.17471578537905538,0.0012789777640974836,0.00919169397069636,0.003088916870378807,-1.7057998223477304,0.95,volatility_qlike,descriptive_only
rs_future_7,price_onchain,har_ols,regime_cqr,666,1440,1440,1440,1,0.9069444444444444,-0.043055555555555514,0.043055555555555514,0.03263888888888889,0.06041666666666667,0.03263888888888889,0.06041666666666667,0.12520244721345375,0.12234344226066005,0.17471578537905538,0.0012789777640974836,0.00919169397069636,0.003088916870378807,-1.7057998223477304,0.95,volatility_qlike,descriptive_only
rs_future_7,price_onchain,har_ols,regime_sym_conformal,111,1440,1440,1440,1,0.9,-0.04999999999999993,0.04999999999999993,0.049305555555555554,0.050694444444444445,0.049305555555555554,0.050694444444444445,0.1075478720292403,0.1093296292149345,0.17809123922683656,0.001952141030072833,0.010424332975567736,0.002500139950597985,-1.6909614455465733,0.95,volatility_qlike,descriptive_only
rs_future_7,price_onchain,har_ols,regime_sym_conformal,222,1440,1440,1440,1,0.9,-0.04999999999999993,0.04999999999999993,0.049305555555555554,0.050694444444444445,0.049305555555555554,0.050694444444444445,0.1075478720292403,0.1093296292149345,0.17809123922683656,0.001952141030072833,0.010424332975567736,0.002500139950597985,-1.6909614455465733,0.95,volatility_qlike,descriptive_only
rs_future_7,price_onchain,har_ols,regime_sym_conformal,333,1440,1440,1440,1,0.9,-0.04999999999999993,0.04999999999999993,0.049305555555555554,0.050694444444444445,0.049305555555555554,0.050694444444444445,0.1075478720292403,0.1093296292149345,0.17809123922683656,0.001952141030072833,0.010424332975567736,0.002500139950597985,-1.6909614455465733,0.95,volatility_qlike,descriptive_only
rs_future_7,price_onchain,har_ols,regime_sym_conformal,444,1440,1440,1440,1,0.9,-0.04999999999999993,0.04999999999999993,0.049305555555555554,0.050694444444444445,0.049305555555555554,0.050694444444444445,0.1075478720292403,0.1093296292149345,0.17809123922683656,0.001952141030072833,0.010424332975567736,0.002500139950597985,-1.6909614455465733,0.95,volatility_qlike,descriptive_only
rs_future_7,price_onchain,har_ols,regime_sym_conformal,555,1440,1440,1440,1,0.9,-0.04999999999999993,0.04999999999999993,0.049305555555555554,0.050694444444444445,0.049305555555555554,0.050694444444444445,0.1075478720292403,0.1093296292149345,0.17809123922683656,0.001952141030072833,0.010424332975567736,0.002500139950597985,-1.6909614455465733,0.95,volatility_qlike,descriptive_only
rs_future_7,price_onchain,har_ols,regime_sym_conformal,666,1440,1440,1440,1,0.9,-0.04999999999999993,0.04999999999999993,0.049305555555555554,0.050694444444444445,0.049305555555555554,0.050694444444444445,0.1075478720292403,0.1093296292149345,0.17809123922683656,0.001952141030072833,0.010424332975567736,0.002500139950597985,-1.6909614455465733,0.95,volatility_qlike,descriptive_only
rs_future_7,price_onchain,har_ols,sym_conformal,111,1440,1440,1440,1,0.9,-0.04999999999999993,0.04999999999999993,0.049305555555555554,0.050694444444444445,0.049305555555555554,0.050694444444444445,0.10763054826958383,0.1093471583368398,0.1779124992114889,0.0019190561277312112,0.010424332975567736,0.002528756352555916,-1.6909614455465733,0.95,volatility_qlike,descriptive_only
rs_future_7,price_onchain,har_ols,sym_conformal,222,1440,1440,1440,1,0.9,-0.04999999999999993,0.04999999999999993,0.049305555555555554,0.050694444444444445,0.049305555555555554,0.050694444444444445,0.10763054826958383,0.1093471583368398,0.1779124992114889,0.0019190561277312112,0.010424332975567736,0.002528756352555916,-1.6909614455465733,0.95,volatility_qlike,descriptive_only
rs_future_7,price_onchain,har_ols,sym_conformal,333,1440,1440,1440,1,0.9,-0.04999999999999993,0.04999999999999993,0.049305555555555554,0.050694444444444445,0.049305555555555554,0.050694444444444445,0.10763054826958383,0.1093471583368398,0.1779124992114889,0.0019190561277312112,0.010424332975567736,0.002528756352555916,-1.6909614455465733,0.95,volatility_qlike,descriptive_only
rs_future_7,price_onchain,har_ols,sym_conformal,444,1440,1440,1440,1,0.9,-0.04999999999999993,0.04999999999999993,0.049305555555555554,0.050694444444444445,0.049305555555555554,0.050694444444444445,0.10763054826958383,0.1093471583368398,0.1779124992114889,0.0019190561277312112,0.010424332975567736,0.002528756352555916,-1.6909614455465733,0.95,volatility_qlike,descriptive_only
rs_future_7,price_onchain,har_ols,sym_conformal,555,1440,1440,1440,1,0.9,-0.04999999999999993,0.04999999999999993,0.049305555555555554,0.050694444444444445,0.049305555555555554,0.050694444444444445,0.10763054826958383,0.1093471583368398,0.1779124992114889,0.0019190561277312112,0.010424332975567736,0.002528756352555916,-1.6909614455465733,0.95,volatility_qlike,descriptive_only
rs_future_7,price_onchain,har_ols,sym_conformal,666,1440,1440,1440,1,0.9,-0.04999999999999993,0.04999999999999993,0.049305555555555554,0.050694444444444445,0.049305555555555554,0.050694444444444445,0.10763054826958383,0.1093471583368398,0.1779124992114889,0.0019190561277312112,0.010424332975567736,0.002528756352555916,-1.6909614455465733,0.95,volatility_qlike,descriptive_only
rs_future_7,price_onchain,lstm,cqr,111,1440,1440,1440,1,0.975,0.025000000000000022,0.025000000000000022,0.011111111111111112,0.013888888888888888,0.011111111111111112,0.013888888888888888,0.1603807120813584,0.15240377001464364,0.1723951988871737,0.0013143226375822905,0.010408328923372128,0.002995557334596955,-1.7093705830756378,0.95,volatility_qlike,descriptive_only
rs_future_7,price_onchain,lstm,cqr,222,1440,1440,1440,1,0.9576388888888889,0.007638888888888973,0.007638888888888973,0.011805555555555555,0.030555555555555555,0.011805555555555555,0.030555555555555555,0.1662487336083287,0.1600473185265744,0.1922443202473256,0.001382747733209049,0.01132676309141495,0.0034233602729739935,34359.44989565261,0.95,volatility_qlike,descriptive_only
rs_future_7,price_onchain,lstm,cqr,333,1440,1440,1440,1,0.9256944444444445,-0.02430555555555547,0.02430555555555547,0.02847222222222222,0.04583333333333333,0.02847222222222222,0.04583333333333333,0.1419082743986362,0.1352544031932195,0.1905768920616813,0.0013594483409130151,0.012431259077298713,0.0034049739606289244,38850.926856390855,0.95,volatility_qlike,descriptive_only
rs_future_7,price_onchain,lstm,cqr,444,1440,1440,1440,1,0.9479166666666666,-0.002083333333333326,0.002083333333333326,0.025,0.027083333333333334,0.025,0.027083333333333334,0.1764813552193209,0.16964564246279978,0.20192290369285273,0.0017135547869621176,0.019544813258152334,0.0033345178053591053,354430.96894404327,0.95,volatility_qlike,descriptive_only
rs_future_7,price_onchain,lstm,cqr,555,1440,1440,1440,1,0.91875,-0.03125,0.03125,0.03125,0.05,0.03125,0.05,0.16049575518267795,0.14962667449525197,0.2306506941552187,0.0018202403473698244,0.015638683448296806,0.0039460270065105486,463420.74208854133,0.95,volatility_qlike,descriptive_only
rs_future_7,price_onchain,lstm,cqr,666,1440,1440,1440,1,0.9291666666666667,-0.02083333333333326,0.02083333333333326,0.04236111111111111,0.02847222222222222,0.04236111111111111,0.02847222222222222,0.15346222611893331,0.14262651279568672,0.2472047513789107,0.0027248658444295913,0.012364976877855725,0.0034552529400430805,-1.6323164794463116,0.95,volatility_qlike,descriptive_only
rs_future_7,price_onchain,lstm,raw_quantile,111,1440,1440,1440,1,0.96875,0.018750000000000044,0.018750000000000044,0.014583333333333334,0.016666666666666666,0.014583333333333334,0.016666666666666666,0.15199178624558649,0.1433123359456658,0.16798266308172363,0.0012537713041336342,0.010408328923372128,0.0029457952729093624,-1.7093705830756378,0.95,volatility_qlike,descriptive_only
rs_future_7,price_onchain,lstm,raw_quantile,222,1440,1440,1440,1,0.9277777777777778,-0.022222222222222143,0.022222222222222143,0.027083333333333334,0.04513888888888889,0.027083333333333334,0.04513888888888889,0.14838245040155013,0.14754524454474444,0.20837981345202333,0.0015759491976478468,0.01132676309141495,0.0036335461386526385,34359.44989565261,0.95,volatility_qlike,descriptive_only
rs_future_7,price_onchain,lstm,raw_quantile,333,1440,1440,1440,1,0.8388888888888889,-0.11111111111111105,0.11111111111111105,0.06319444444444444,0.09791666666666667,0.06319444444444444,0.09791666666666667,0.1200554091580367,0.11477675661444656,0.23255090857727084,0.0014251781041394074,0.012431259077298713,0.004388594610292269,38850.926856390855,0.95,volatility_qlike,descriptive_only
rs_future_7,price_onchain,lstm,raw_quantile,444,1440,1440,1440,1,0.8111111111111111,-0.13888888888888884,0.13888888888888884,0.08402777777777778,0.10486111111111111,0.08402777777777778,0.10486111111111111,0.13696617703891306,0.131875617429614,0.32249049771577354,0.0025725033500985845,0.019544813258152334,0.005489759092795657,354430.96894404327,0.95,volatility_qlike,descriptive_only
rs_future_7,price_onchain,lstm,raw_quantile,555,1440,1440,1440,1,0.8319444444444445,-0.11805555555555547,0.11805555555555547,0.06041666666666667,0.1076388888888889,0.06041666666666667,0.1076388888888889,0.1335702743823478,0.12317178118973965,0.2931089380488916,0.002130115340997929,0.015638683448296806,0.005197608110224266,463420.74208854133,0.95,volatility_qlike,descriptive_only
rs_future_7,price_onchain,lstm,raw_quantile,666,1440,1440,1440,1,0.9020833333333333,-0.04791666666666661,0.04791666666666661,0.04861111111111111,0.049305555555555554,0.04861111111111111,0.049305555555555554,0.13414958131430058,0.12603954970836634,0.2970575577041209,0.003660292120757634,0.012364976877855725,0.0037661468218452916,-1.6323164794463116,0.95,volatility_qlike,descriptive_only
rs_future_7,price_onchain,lstm,regime_cqr,111,1440,1440,1440,1,0.975,0.025000000000000022,0.025000000000000022,0.011111111111111112,0.013888888888888888,0.011111111111111112,0.013888888888888888,0.15949093234003897,0.15167918988434687,0.17150541914585424,0.001306294862035347,0.010408328923372128,0.0029813406166109124,-1.7093705830756378,0.95,volatility_qlike,descriptive_only
rs_future_7,price_onchain,lstm,regime_cqr,222,1440,1440,1440,1,0.9576388888888889,0.007638888888888973,0.007638888888888973,0.011805555555555555,0.030555555555555555,0.011805555555555555,0.030555555555555555,0.16670210372155694,0.16017573140561575,0.19333171044251002,0.0013829253569953223,0.01132676309141495,0.0034503674040673314,34359.44989565261,0.95,volatility_qlike,descriptive_only
rs_future_7,price_onchain,lstm,regime_cqr,333,1440,1440,1440,1,0.9229166666666667,-0.027083333333333237,0.027083333333333237,0.029861111111111113,0.04722222222222222,0.029861111111111113,0.04722222222222222,0.14132550376154582,0.13541290684483845,0.19682931459972136,0.0013661124106213716,0.012431259077298713,0.0035546204543715687,38850.926856390855,0.95,volatility_qlike,descriptive_only
rs_future_7,price_onchain,lstm,regime_cqr,444,1440,1440,1440,1,0.9444444444444444,-0.005555555555555536,0.005555555555555536,0.025694444444444443,0.029861111111111113,0.025694444444444443,0.029861111111111113,0.17497447954404233,0.1678671913379869,0.20361060112610876,0.0017039232308329439,0.019544813258152334,0.003386341797319682,354430.96894404327,0.95,volatility_qlike,descriptive_only
rs_future_7,price_onchain,lstm,regime_cqr,555,1440,1440,1440,1,0.9180555555555555,-0.03194444444444444,0.03194444444444444,0.03125,0.050694444444444445,0.03125,0.050694444444444445,0.16041282215220776,0.14864287246018643,0.23113291045135068,0.001824250490457647,0.015638683448296806,0.003954072270826023,463420.74208854133,0.95,volatility_qlike,descriptive_only
rs_future_7,price_onchain,lstm,regime_cqr,666,1440,1440,1440,1,0.9222222222222223,-0.02777777777777768,0.02777777777777768,0.04236111111111111,0.035416666666666666,0.04236111111111111,0.035416666666666666,0.1527075355363787,0.14273266966055886,0.250371030001221,0.002718111059094586,0.012364976877855725,0.0035411646909358423,-1.6323164794463116,0.95,volatility_qlike,descriptive_only
rs_future_7,price_onchain,lstm,regime_sym_conformal,111,1440,1440,1440,1,0.9027777777777778,-0.047222222222222165,0.047222222222222165,0.03263888888888889,0.06458333333333334,0.03263888888888889,0.06458333333333334,0.12202116562073682,0.1238560978408598,0.18482597607954915,0.001730753246553722,0.013930255116382887,0.00288989615543491,-1.6152562389786111,0.95,volatility_qlike,descriptive_only
rs_future_7,price_onchain,lstm,regime_sym_conformal,222,1440,1440,1440,1,0.8680555555555556,-0.08194444444444438,0.08194444444444438,0.0763888888888889,0.05555555555555555,0.0763888888888889,0.05555555555555555,0.12368976742284984,0.1215657948373507,0.1959532774644911,0.0021995482777073276,0.015381609544423237,0.002699283658904856,9427.810866767748,0.95,volatility_qlike,descriptive_only
rs_future_7,price_onchain,lstm,regime_sym_conformal,333,1440,1440,1440,1,0.8965277777777778,-0.05347222222222214,0.05347222222222214,0.04375,0.059722222222222225,0.04375,0.059722222222222225,0.12205220796620558,0.1255385104613405,0.19988238485763313,0.001896109216123433,0.013687382511189925,0.0031009504053172987,-1.6462813703494241,0.95,volatility_qlike,descriptive_only
rs_future_7,price_onchain,lstm,regime_sym_conformal,444,1440,1440,1440,1,0.8534722222222222,-0.09652777777777777,0.09652777777777777,0.10486111111111111,0.041666666666666664,0.10486111111111111,0.041666666666666664,0.1438714780980466,0.141358393036311,0.3100508661890085,0.004360496017898067,0.021782918453457378,0.0033907756368270494,532805.5441928507,0.95,volatility_qlike,descriptive_only
rs_future_7,price_onchain,lstm,regime_sym_conformal,555,1440,1440,1440,1,0.8833333333333333,-0.06666666666666665,0.06666666666666665,0.07708333333333334,0.03958333333333333,0.07708333333333334,0.03958333333333333,0.13591012255847557,0.1297226997721758,0.24579544054049138,0.0030118496414672903,0.017426281023473985,0.003133036372044896,392978.5673352382,0.95,volatility_qlike,descriptive_only
rs_future_7,price_onchain,lstm,regime_sym_conformal,666,1440,1440,1440,1,0.8527777777777777,-0.09722222222222221,0.09722222222222221,0.08958333333333333,0.05763888888888889,0.08958333333333333,0.05763888888888889,0.11405539275952811,0.1057293727865734,0.2287291234116656,0.002755742328709321,0.012876060137643561,0.0029624857565822226,3440.5942211859965,0.95,volatility_qlike,descriptive_only
rs_future_7,price_onchain,lstm,sym_conformal,111,1440,1440,1440,1,0.9152777777777777,-0.03472222222222221,0.03472222222222221,0.02847222222222222,0.05625,0.02847222222222222,0.05625,0.12280807379089914,0.1241894289851188,0.18016772175294105,0.0017447824772451523,0.013930255116382887,0.0027594105665782786,-1.6152562389786111,0.95,volatility_qlike,descriptive_only
rs_future_7,price_onchain,lstm,sym_conformal,222,1440,1440,1440,1,0.8729166666666667,-0.07708333333333328,0.07708333333333328,0.0763888888888889,0.050694444444444445,0.0763888888888889,0.050694444444444445,0.12494636863056152,0.1197732053697109,0.19320740403933992,0.002234067458593497,0.015381609544423237,0.002596117642389907,9427.810866767748,0.95,volatility_qlike,descriptive_only
rs_future_7,price_onchain,lstm,sym_conformal,333,1440,1440,1440,1,0.9090277777777778,-0.04097222222222219,0.04097222222222219,0.04236111111111111,0.04861111111111111,0.04236111111111111,0.04861111111111111,0.12329096224469441,0.1255385056138038,0.19419657734246532,0.0018114757133952195,0.013687382511189925,0.0030434387201663175,-1.6462813703494241,0.95,volatility_qlike,descriptive_only
rs_future_7,price_onchain,lstm,sym_conformal,444,1440,1440,1440,1,0.8638888888888889,-0.08611111111111103,0.08611111111111103,0.09513888888888888,0.04097222222222222,0.09513888888888888,0.04097222222222222,0.1469390850514173,0.1448065787553787,0.2964286612728772,0.004029076487668615,0.021782918453457378,0.0033816400441532193,532805.5441928507,0.95,volatility_qlike,descriptive_only
rs_future_7,price_onchain,lstm,sym_conformal,555,1440,1440,1440,1,0.8840277777777777,-0.06597222222222221,0.06597222222222221,0.07847222222222222,0.0375,0.07847222222222222,0.0375,0.13743131169014502,0.13738380372524256,0.25336641007038513,0.0031758240577569844,0.017426281023473985,0.003158336194002548,392978.5673352382,0.95,volatility_qlike,descriptive_only
rs_future_7,price_onchain,lstm,sym_conformal,666,1440,1440,1440,1,0.8597222222222223,-0.09027777777777768,0.09027777777777768,0.09097222222222222,0.049305555555555554,0.09097222222222222,0.049305555555555554,0.11570205167453318,0.1057293750345707,0.22882924507313168,0.002858460163950393,0.012876060137643561,0.0028622709628778028,3440.5942211859965,0.95,volatility_qlike,descriptive_only
rs_future_7,price_onchain,rf,cqr,111,1440,1440,1440,1,0.9048611111111111,-0.04513888888888884,0.04513888888888884,0.050694444444444445,0.044444444444444446,0.050694444444444445,0.044444444444444446,0.11269619949823917,0.0976212224647572,0.15266482806384457,0.0012215669779984451,0.00938042617760499,0.0025950537235975755,-1.7265537285677466,0.95,volatility_qlike,descriptive_only
rs_future_7,price_onchain,rf,cqr,222,1440,1440,1440,1,0.8923611111111112,-0.057638888888888795,0.057638888888888795,0.0625,0.04513888888888889,0.0625,0.04513888888888889,0.11361001631418238,0.09632007292177974,0.16089386483554585,0.0012972648998759461,0.00930595265144539,0.002725081721012605,-1.7274025217517166,0.95,volatility_qlike,descriptive_only
rs_future_7,price_onchain,rf,cqr,333,1440,1440,1440,1,0.9027777777777778,-0.047222222222222165,0.047222222222222165,0.05555555555555555,0.041666666666666664,0.05555555555555555,0.041666666666666664,0.11388845756868674,0.09789595024338085,0.16004238555555642,0.0013200691539643297,0.009347263138603151,0.0026809904849244867,-1.7265495590382065,0.95,volatility_qlike,descriptive_only
rs_future_7,price_onchain,rf,cqr,444,1440,1440,1440,1,0.9131944444444444,-0.036805555555555536,0.036805555555555536,0.04513888888888889,0.041666666666666664,0.04513888888888889,0.041666666666666664,0.1207345470275368,0.1047629056993343,0.17276392032211066,0.001409301395869273,0.009649168791651846,0.0029097966121834004,-1.723127837066361,0.95,volatility_qlike,descriptive_only
rs_future_7,price_onchain,rf,cqr,555,1440,1440,1440,1,0.9104166666666667,-0.039583333333333304,0.039583333333333304,0.04861111111111111,0.04097222222222222,0.04861111111111111,0.04097222222222222,0.1201964863492221,0.10302847995209015,0.17506278683135298,0.001534693217802323,0.009917522313404705,0.002841876452981407,-1.720443769753781,0.95,volatility_qlike,descriptive_only
rs_future_7,price_onchain,rf,cqr,666,1440,1440,1440,1,0.8902777777777777,-0.05972222222222223,0.05972222222222223,0.06736111111111111,0.04236111111111111,0.06736111111111111,0.04236111111111111,0.11670898429636864,0.09918961099598195,0.1610149978395633,0.0013370036540342658,0.009330327660313895,0.0026883712919547214,-1.726828953653353,0.95,volatility_qlike,descriptive_only
rs_future_7,price_onchain,rf,raw_quantile,111,1440,1440,1440,1,0.6534722222222222,-0.2965277777777777,0.2965277777777777,0.2673611111111111,0.07916666666666666,0.2673611111111111,0.07916666666666666,0.06241833519868452,0.0474873153399318,0.23409202955118205,0.002601241320316359,0.00938042617760499,0.003251059418463101,-1.7265537285677466,0.95,volatility_qlike,descriptive_only
rs_future_7,price_onchain,rf,raw_quantile,222,1440,1440,1440,1,0.6513888888888889,-0.29861111111111105,0.29861111111111105,0.26458333333333334,0.08402777777777778,0.26458333333333334,0.08402777777777778,0.06256984643176931,0.0460159702694492,0.2357499943598021,0.002574650151111163,0.00930595265144539,0.0033190997078837987,-1.7274025217517166,0.95,volatility_qlike,descriptive_only
rs_future_7,price_onchain,rf,raw_quantile,333,1440,1440,1440,1,0.6388888888888888,-0.3111111111111111,0.3111111111111111,0.2826388888888889,0.07847222222222222,0.2826388888888889,0.07847222222222222,0.06269003740297839,0.0473258032938839,0.24042806079812612,0.0027378902271801434,0.009347263138603151,0.0032728112927729184,-1.7265495590382065,0.95,volatility_qlike,descriptive_only
rs_future_7,price_onchain,rf,raw_quantile,444,1440,1440,1440,1,0.5833333333333334,-0.3666666666666666,0.3666666666666666,0.3173611111111111,0.09930555555555555,0.3173611111111111,0.09930555555555555,0.05830072135219743,0.039998706290181096,0.28831194071630417,0.0033346199357887248,0.009649168791651846,0.003873178582118788,-1.723127837066361,0.95,volatility_qlike,descriptive_only
rs_future_7,price_onchain,rf,raw_quantile,555,1440,1440,1440,1,0.5493055555555556,-0.40069444444444435,0.40069444444444435,0.33611111111111114,0.11458333333333333,0.33611111111111114,0.11458333333333333,0.05356778649861531,0.0368440553689888,0.30141704480990583,0.003629701450989286,0.009917522313404705,0.0039057246692582714,-1.720443769753781,0.95,volatility_qlike,descriptive_only
rs_future_7,price_onchain,rf,raw_quantile,666,1440,1440,1440,1,0.6465277777777778,-0.30347222222222214,0.30347222222222214,0.27152777777777776,0.08194444444444444,0.27152777777777776,0.08194444444444444,0.06589337764960262,0.04683746563712025,0.23950989278501988,0.0026812067614010583,0.009330327660313895,0.0033065405582243493,-1.726828953653353,0.95,volatility_qlike,descriptive_only
rs_future_7,price_onchain,rf,regime_cqr,111,1440,1440,1440,1,0.8979166666666667,-0.05208333333333326,0.05208333333333326,0.05416666666666667,0.04791666666666667,0.05416666666666667,0.04791666666666667,0.1100004439462126,0.09549015079571621,0.1548081999395372,0.0012203153184356826,0.00938042617760499,0.002649889680052654,-1.7265537285677466,0.95,volatility_qlike,descriptive_only
rs_future_7,price_onchain,rf,regime_cqr,222,1440,1440,1440,1,0.8875,-0.0625,0.0625,0.06319444444444444,0.049305555555555554,0.06319444444444444,0.049305555555555554,0.11123757003541647,0.093208170742688,0.163255043708192,0.0012856923320926001,0.00930595265144539,0.0027956837606121047,-1.7274025217517166,0.95,volatility_qlike,descriptive_only
rs_future_7,price_onchain,rf,regime_cqr,333,1440,1440,1440,1,0.8916666666666667,-0.05833333333333324,0.05833333333333324,0.06319444444444444,0.04513888888888889,0.06319444444444444,0.04513888888888889,0.11129965454774214,0.09597175551661555,0.16121685053957194,0.0013076003240739512,0.009347263138603151,0.0027228209394152517,-1.7265495590382065,0.95,volatility_qlike,descriptive_only
rs_future_7,price_onchain,rf,regime_cqr,444,1440,1440,1440,1,0.9055555555555556,-0.0444444444444444,0.0444444444444444,0.04652777777777778,0.04791666666666667,0.04652777777777778,0.04791666666666667,0.11825382093301451,0.10437428019206635,0.17274690077842747,0.0013912725362404898,0.009649168791651846,0.0029273999832201045,-1.723127837066361,0.95,volatility_qlike,descriptive_only
rs_future_7,price_onchain,rf,regime_cqr,555,1440,1440,1440,1,0.9027777777777778,-0.047222222222222165,0.047222222222222165,0.050694444444444445,0.04652777777777778,0.050694444444444445,0.04652777777777778,0.11850146449936608,0.1072647484522389,0.17567817452498272,0.0015254953133526925,0.009917522313404705,0.0028664590497717796,-1.720443769753781,0.95,volatility_qlike,descriptive_only
rs_future_7,price_onchain,rf,regime_cqr,666,1440,1440,1440,1,0.8840277777777777,-0.06597222222222221,0.06597222222222221,0.06944444444444445,0.04652777777777778,0.06944444444444445,0.04652777777777778,0.11421223347928991,0.0979018047227795,0.16260352151926535,0.0013359659218078737,0.009330327660313895,0.002729122116173665,-1.726828953653353,0.95,volatility_qlike,descriptive_only
rs_future_7,price_onchain,rf,regime_sym_conformal,111,1440,1440,1440,1,0.8763888888888889,-0.07361111111111107,0.07361111111111107,0.05625,0.06736111111111111,0.05625,0.06736111111111111,0.09992843277797607,0.0889755094841225,0.17237634521770978,0.0015332168105514565,0.010160759225404267,0.002776191819891194,-1.7231706984190787,0.95,volatility_qlike,descriptive_only
rs_future_7,price_onchain,rf,regime_sym_conformal,222,1440,1440,1440,1,0.8708333333333333,-0.07916666666666661,0.07916666666666661,0.059722222222222225,0.06944444444444445,0.059722222222222225,0.06944444444444445,0.09932171633769846,0.0845205413184086,0.17491367302427324,0.0015830458805362894,0.01008308854175297,0.0027897959450704475,-1.723913207943682,0.95,volatility_qlike,descriptive_only
rs_future_7,price_onchain,rf,regime_sym_conformal,333,1440,1440,1440,1,0.86875,-0.08124999999999993,0.08124999999999993,0.06388888888888888,0.06736111111111111,0.06388888888888888,0.06736111111111111,0.09894314155875429,0.0843392606269052,0.17603687582494132,0.0016142649182826945,0.010207096572425332,0.0027866569773407437,-1.7227309706054408,0.95,volatility_qlike,descriptive_only
rs_future_7,price_onchain,rf,regime_sym_conformal,444,1440,1440,1440,1,0.8805555555555555,-0.06944444444444442,0.06944444444444442,0.05416666666666667,0.06527777777777778,0.05416666666666667,0.06527777777777778,0.10407650719963996,0.0901587375528361,0.19927871412357617,0.0021135106974361404,0.010477382180958884,0.0028684571556531688,-1.7194765722704322,0.95,volatility_qlike,descriptive_only
rs_future_7,price_onchain,rf,regime_sym_conformal,555,1440,1440,1440,1,0.8875,-0.0625,0.0625,0.04861111111111111,0.06388888888888888,0.04861111111111111,0.06388888888888888,0.10675227598068275,0.0891812482573963,0.21338824365971898,0.00237772731125041,0.01050497159269859,0.0029569787802424686,-1.7183677971053362,0.95,volatility_qlike,descriptive_only
rs_future_7,price_onchain,rf,regime_sym_conformal,666,1440,1440,1440,1,0.8729166666666667,-0.07708333333333328,0.07708333333333328,0.06041666666666667,0.06666666666666667,0.06041666666666667,0.06666666666666667,0.09930820191519642,0.085991717791135,0.17410967090350116,0.0015925410465408574,0.01023469626608545,0.0027602007260465766,-1.7226173516752599,0.95,volatility_qlike,descriptive_only
rs_future_7,price_onchain,rf,sym_conformal,111,1440,1440,1440,1,0.8881944444444444,-0.06180555555555556,0.06180555555555556,0.049305555555555554,0.0625,0.049305555555555554,0.0625,0.1014448292995088,0.08718603848438895,0.16923377229812067,0.0015378808762936025,0.010160759225404267,0.0026929634311593197,-1.7231706984190787,0.95,volatility_qlike,descriptive_only
rs_future_7,price_onchain,rf,sym_conformal,222,1440,1440,1440,1,0.8833333333333333,-0.06666666666666665,0.06666666666666665,0.05138888888888889,0.06527777777777778,0.05138888888888889,0.06527777777777778,0.10096378010742271,0.0844687956360804,0.17086546239208955,0.0015776915288055074,0.01008308854175297,0.002693945030996634,-1.723913207943682,0.95,volatility_qlike,descriptive_only
rs_future_7,price_onchain,rf,sym_conformal,333,1440,1440,1440,1,0.8840277777777777,-0.06597222222222221,0.06597222222222221,0.05416666666666667,0.06180555555555556,0.05416666666666667,0.06180555555555556,0.10065112870488062,0.08419707754609865,0.1729645461942415,0.0016175613449573819,0.010207096572425332,0.002706552309898561,-1.7227309706054408,0.95,volatility_qlike,descriptive_only
rs_future_7,price_onchain,rf,sym_conformal,444,1440,1440,1440,1,0.8944444444444445,-0.05555555555555547,0.05555555555555547,0.04513888888888889,0.06041666666666667,0.04513888888888889,0.06041666666666667,0.10645928994639661,0.0920113573708866,0.19787927465289878,0.0021168717750034444,0.010477382180958884,0.0028301100913189284,-1.7194765722704322,0.95,volatility_qlike,descriptive_only
rs_future_7,price_onchain,rf,sym_conformal,555,1440,1440,1440,1,0.8972222222222223,-0.0527777777777777,0.0527777777777777,0.041666666666666664,0.06111111111111111,0.041666666666666664,0.06111111111111111,0.10887628216535392,0.09182239019215685,0.21228647064458497,0.002378565223326832,0.01050497159269859,0.002928596542787695,-1.7183677971053362,0.95,volatility_qlike,descriptive_only
rs_future_7,price_onchain,rf,sym_conformal,666,1440,1440,1440,1,0.8854166666666666,-0.06458333333333333,0.06458333333333333,0.05347222222222222,0.06111111111111111,0.05347222222222222,0.06111111111111111,0.10086357007731737,0.08574806195055225,0.1712591235870004,0.001598211645310733,0.01023469626608545,0.002683266444364182,-1.7226173516752599,0.95,volatility_qlike,descriptive_only
rs_future_7,price_onchain,ridge,cqr,111,1440,1440,1440,1,0.98125,0.03125,0.03125,0.01875,0.0,0.01875,0.0,0.17782320309177763,0.17730699394910515,0.1809499157173975,0.0010877529637859072,0.008441809521758043,0.003435994929148932,-1.7279060883588895,0.95,volatility_qlike,descriptive_only
rs_future_7,price_onchain,ridge,cqr,222,1440,1440,1440,1,0.98125,0.03125,0.03125,0.01875,0.0,0.01875,0.0,0.17782320309177763,0.17730699394910515,0.1809499157173975,0.0010877529637859072,0.008442948761765509,0.003435994929148932,-1.7278953999396363,0.95,volatility_qlike,descriptive_only
rs_future_7,price_onchain,ridge,cqr,333,1440,1440,1440,1,0.98125,0.03125,0.03125,0.01875,0.0,0.01875,0.0,0.17782320309177763,0.17730699394910515,0.1809499157173975,0.0010877529637859072,0.008427589951531146,0.003435994929148932,-1.728104140145753,0.95,volatility_qlike,descriptive_only
rs_future_7,price_onchain,ridge,cqr,444,1440,1440,1440,1,0.98125,0.03125,0.03125,0.01875,0.0,0.01875,0.0,0.17782320309177763,0.17730699394910515,0.1809499157173975,0.0010877529637859072,0.008421981415510711,0.003435994929148932,-1.7280950441543792,0.95,volatility_qlike,descriptive_only
rs_future_7,price_onchain,ridge,cqr,555,1440,1440,1440,1,0.98125,0.03125,0.03125,0.01875,0.0,0.01875,0.0,0.17782320309177763,0.17730699394910515,0.1809499157173975,0.0010877529637859072,0.00844664397565986,0.003435994929148932,-1.7278986811028962,0.95,volatility_qlike,descriptive_only
rs_future_7,price_onchain,ridge,cqr,666,1440,1440,1440,1,0.98125,0.03125,0.03125,0.01875,0.0,0.01875,0.0,0.17782320309177763,0.17730699394910515,0.1809499157173975,0.0010877529637859072,0.00844955612942689,0.003435994929148932,-1.727833161775767,0.95,volatility_qlike,descriptive_only
rs_future_7,price_onchain,ridge,raw_quantile,111,1440,1440,1440,1,0.98125,0.03125,0.03125,0.01875,0.0,0.01875,0.0,0.17695059813663672,0.1760021451244489,0.18068024627710572,0.0010919187897178756,0.008441809521758043,0.003425087367209671,-1.7279060883588895,0.95,volatility_qlike,descriptive_only
rs_future_7,price_onchain,ridge,raw_quantile,222,1440,1440,1440,1,0.98125,0.03125,0.03125,0.01875,0.0,0.01875,0.0,0.17695059813663672,0.1760021451244489,0.18068024627710572,0.0010919187897178756,0.008442948761765509,0.003425087367209671,-1.7278953999396363,0.95,volatility_qlike,descriptive_only
rs_future_7,price_onchain,ridge,raw_quantile,333,1440,1440,1440,1,0.98125,0.03125,0.03125,0.01875,0.0,0.01875,0.0,0.17695059813663672,0.1760021451244489,0.18068024627710572,0.0010919187897178756,0.008427589951531146,0.003425087367209671,-1.728104140145753,0.95,volatility_qlike,descriptive_only
rs_future_7,price_onchain,ridge,raw_quantile,444,1440,1440,1440,1,0.98125,0.03125,0.03125,0.01875,0.0,0.01875,0.0,0.17695059813663672,0.1760021451244489,0.18068024627710572,0.0010919187897178756,0.008421981415510711,0.003425087367209671,-1.7280950441543792,0.95,volatility_qlike,descriptive_only
rs_future_7,price_onchain,ridge,raw_quantile,555,1440,1440,1440,1,0.98125,0.03125,0.03125,0.01875,0.0,0.01875,0.0,0.17695059813663672,0.1760021451244489,0.18068024627710572,0.0010919187897178756,0.00844664397565986,0.003425087367209671,-1.7278986811028962,0.95,volatility_qlike,descriptive_only
rs_future_7,price_onchain,ridge,raw_quantile,666,1440,1440,1440,1,0.98125,0.03125,0.03125,0.01875,0.0,0.01875,0.0,0.17695059813663672,0.1760021451244489,0.18068024627710572,0.0010919187897178756,0.00844955612942689,0.003425087367209671,-1.727833161775767,0.95,volatility_qlike,descriptive_only
rs_future_7,price_onchain,ridge,regime_cqr,111,1440,1440,1440,1,0.98125,0.03125,0.03125,0.01875,0.0,0.01875,0.0,0.17722984711788697,0.1771483936216242,0.18035655974350684,0.0010803360141122746,0.008441809521758043,0.003428577979475299,-1.7279060883588895,0.95,volatility_qlike,descriptive_only
rs_future_7,price_onchain,ridge,regime_cqr,222,1440,1440,1440,1,0.98125,0.03125,0.03125,0.01875,0.0,0.01875,0.0,0.17722984711788697,0.1771483936216242,0.18035655974350684,0.0010803360141122746,0.008442948761765509,0.003428577979475299,-1.7278953999396363,0.95,volatility_qlike,descriptive_only
rs_future_7,price_onchain,ridge,regime_cqr,333,1440,1440,1440,1,0.98125,0.03125,0.03125,0.01875,0.0,0.01875,0.0,0.17722984711788697,0.1771483936216242,0.18035655974350684,0.0010803360141122746,0.008427589951531146,0.003428577979475299,-1.728104140145753,0.95,volatility_qlike,descriptive_only
rs_future_7,price_onchain,ridge,regime_cqr,444,1440,1440,1440,1,0.98125,0.03125,0.03125,0.01875,0.0,0.01875,0.0,0.17722984711788697,0.1771483936216242,0.18035655974350684,0.0010803360141122746,0.008421981415510711,0.003428577979475299,-1.7280950441543792,0.95,volatility_qlike,descriptive_only
rs_future_7,price_onchain,ridge,regime_cqr,555,1440,1440,1440,1,0.98125,0.03125,0.03125,0.01875,0.0,0.01875,0.0,0.17722984711788697,0.1771483936216242,0.18035655974350684,0.0010803360141122746,0.00844664397565986,0.003428577979475299,-1.7278986811028962,0.95,volatility_qlike,descriptive_only
rs_future_7,price_onchain,ridge,regime_cqr,666,1440,1440,1440,1,0.98125,0.03125,0.03125,0.01875,0.0,0.01875,0.0,0.17722984711788697,0.1771483936216242,0.18035655974350684,0.0010803360141122746,0.00844955612942689,0.003428577979475299,-1.727833161775767,0.95,volatility_qlike,descriptive_only
rs_future_7,price_onchain,ridge,regime_sym_conformal,111,1440,1440,1440,1,0.8881944444444444,-0.06180555555555556,0.06180555555555556,0.05625,0.05555555555555555,0.05625,0.05555555555555555,0.10531407156938527,0.1043015859733586,0.180969728752348,0.0018744242943162953,0.009915442606893848,0.0026498189244923078,-1.7116000355708791,0.95,volatility_qlike,descriptive_only
rs_future_7,price_onchain,ridge,regime_sym_conformal,222,1440,1440,1440,1,0.8881944444444444,-0.06180555555555556,0.06180555555555556,0.05625,0.05555555555555555,0.05625,0.05555555555555555,0.10531316751424931,0.1043017039358013,0.18096544193015787,0.0018743267056004697,0.00991545607222407,0.0026498093426533804,-1.7116060875975339,0.95,volatility_qlike,descriptive_only
rs_future_7,price_onchain,ridge,regime_sym_conformal,333,1440,1440,1440,1,0.8881944444444444,-0.06180555555555556,0.06180555555555556,0.05625,0.05555555555555555,0.05625,0.05555555555555555,0.1053282091106103,0.1042995315620324,0.18103604548097899,0.0018759430935690027,0.00991519798173368,0.0026499580434553786,-1.7115053154690534,0.95,volatility_qlike,descriptive_only
rs_future_7,price_onchain,ridge,regime_sym_conformal,444,1440,1440,1440,1,0.8881944444444444,-0.06180555555555556,0.06180555555555556,0.05625,0.05555555555555555,0.05625,0.05555555555555555,0.10533548543263009,0.1042983159533642,0.18106963902344855,0.0018767193867690957,0.009915057506576348,0.0026500215888170223,-1.711456504585071,0.95,volatility_qlike,descriptive_only
rs_future_7,price_onchain,ridge,regime_sym_conformal,555,1440,1440,1440,1,0.8881944444444444,-0.06180555555555556,0.06180555555555556,0.05625,0.05555555555555555,0.05625,0.05555555555555555,0.10530818699546245,0.1043023256391003,0.18094172793475652,0.0018737880876521017,0.009915525611952063,0.002649755110716714,-1.7116394182173247,0.95,volatility_qlike,descriptive_only
rs_future_7,price_onchain,ridge,regime_sym_conformal,666,1440,1440,1440,1,0.8881944444444444,-0.06180555555555556,0.06180555555555556,0.05625,0.05555555555555555,0.05625,0.05555555555555555,0.10530611157211804,0.1043025707796798,0.1809317977316314,0.001873563146983572,0.009915553314258018,0.002649731796307116,-1.711653302170055,0.95,volatility_qlike,descriptive_only
rs_future_7,price_onchain,ridge,sym_conformal,111,1440,1440,1440,1,0.9013888888888889,-0.04861111111111105,0.04861111111111105,0.04652777777777778,0.052083333333333336,0.04652777777777778,0.052083333333333336,0.10638088490608158,0.1043015859733586,0.17668545134873215,0.0018205537239764018,0.009915442606893848,0.002596582559741805,-1.7116000355708791,0.95,volatility_qlike,descriptive_only
rs_future_7,price_onchain,ridge,sym_conformal,222,1440,1440,1440,1,0.9013888888888889,-0.04861111111111105,0.04861111111111105,0.04652777777777778,0.052083333333333336,0.04652777777777778,0.052083333333333336,0.10638029031371078,0.1043017039358013,0.17668027593124494,0.0018204713824836521,0.00991545607222407,0.0025965355157973745,-1.7116060875975339,0.95,volatility_qlike,descriptive_only
rs_future_7,price_onchain,ridge,sym_conformal,333,1440,1440,1440,1,0.9013888888888889,-0.04861111111111105,0.04861111111111105,0.04652777777777778,0.052083333333333336,0.04652777777777778,0.052083333333333336,0.10639006832099314,0.1042995315620324,0.17676608492395654,0.0018218347950644987,0.00991519798173368,0.0025973173280343202,-1.7115053154690534,0.95,volatility_qlike,descriptive_only
rs_future_7,price_onchain,ridge,sym_conformal,444,1440,1440,1440,1,0.9013888888888889,-0.04861111111111105,0.04861111111111105,0.04652777777777778,0.052083333333333336,0.04652777777777778,0.052083333333333336,0.10639470976206593,0.1042983159533642,0.17680735859172167,0.0018224891974721528,0.009915057506576348,0.0025976947673207935,-1.711456504585071,0.95,volatility_qlike,descriptive_only
rs_future_7,price_onchain,ridge,sym_conformal,555,1440,1440,1440,1,0.9013888888888889,-0.04861111111111105,0.04861111111111105,0.04652777777777778,0.052083333333333336,0.04652777777777778,0.052083333333333336,0.10637699899904,0.1043023256391003,0.1766517241176816,0.0018200168689287803,0.009915525611952063,0.002596276234013163,-1.7116394182173247,0.95,volatility_qlike,descriptive_only
rs_future_7,price_onchain,ridge,sym_conformal,666,1440,1440,1440,1,0.9013888888888889,-0.04861111111111105,0.04861111111111105,0.04652777777777778,0.052083333333333336,0.04652777777777778,0.052083333333333336,0.10637561969215342,0.1043025707796798,0.1766398066025518,0.0018198270299313454,0.009915553314258018,0.0025961681351323526,-1.711653302170055,0.95,volatility_qlike,descriptive_only
rs_future_7,price_only,gbr,cqr,111,1440,1440,1440,1,0.9701388888888889,0.02013888888888893,0.02013888888888893,0.024305555555555556,0.005555555555555556,0.024305555555555556,0.005555555555555556,0.1425699130944646,0.1375975789708731,0.15112145539995722,0.000991121480399039,0.008810658297041371,0.0027869149045997954,-1.7236484104444842,0.95,volatility_qlike,descriptive_only
rs_future_7,price_only,gbr,cqr,222,1440,1440,1440,1,0.9763888888888889,0.026388888888888906,0.026388888888888906,0.018055555555555554,0.005555555555555556,0.018055555555555554,0.005555555555555556,0.14579647746552502,0.13961725538858305,0.15384988862798651,0.000987152070762971,0.008864584590737397,0.002859095144936598,-1.7229022911636926,0.95,volatility_qlike,descriptive_only
rs_future_7,price_only,gbr,cqr,333,1440,1440,1440,1,0.9763888888888889,0.026388888888888906,0.026388888888888906,0.017361111111111112,0.00625,0.017361111111111112,0.00625,0.14431165966096884,0.1391976252269277,0.1514691246311814,0.000989038191783677,0.008803542303858616,0.002797689923995762,-1.7232785399280266,0.95,volatility_qlike,descriptive_only
rs_future_7,price_only,gbr,cqr,444,1440,1440,1440,1,0.9722222222222222,0.022222222222222254,0.022222222222222254,0.022222222222222223,0.005555555555555556,0.022222222222222223,0.005555555555555556,0.15426728449467933,0.1518776503780759,0.15877803046414968,0.0010154761083001678,0.009094701680674732,0.0029539746533034784,-1.7213011579116515,0.95,volatility_qlike,descriptive_only
rs_future_7,price_only,gbr,cqr,555,1440,1440,1440,1,0.9756944444444444,0.025694444444444464,0.025694444444444464,0.018055555555555554,0.00625,0.018055555555555554,0.00625,0.14557143032585182,0.1399691041167831,0.1522964195890906,0.0009936003987253666,0.008821875269944091,0.002813810091001805,-1.7231797761545247,0.95,volatility_qlike,descriptive_only
rs_future_7,price_only,gbr,cqr,666,1440,1440,1440,1,0.9777777777777777,0.02777777777777779,0.02777777777777779,0.018055555555555554,0.004166666666666667,0.018055555555555554,0.004166666666666667,0.1585392034623521,0.1556720932381783,0.1614254024325996,0.00101257199577141,0.009165093621970686,0.0030230630650434835,-1.7203604614739934,0.95,volatility_qlike,descriptive_only
rs_future_7,price_only,gbr,raw_quantile,111,1440,1440,1440,1,0.9645833333333333,0.014583333333333393,0.014583333333333393,0.029861111111111113,0.005555555555555556,0.029861111111111113,0.005555555555555556,0.13896767024403603,0.1359015479949066,0.1488735545617874,0.0009800189144631931,0.008810658297041371,0.002741819949581396,-1.7236484104444842,0.95,volatility_qlike,descriptive_only
rs_future_7,price_only,gbr,raw_quantile,222,1440,1440,1440,1,0.9701388888888889,0.02013888888888893,0.02013888888888893,0.024305555555555556,0.005555555555555556,0.024305555555555556,0.005555555555555556,0.14249895884409403,0.13797424051730775,0.1516557820247709,0.0009735183884504676,0.008864584590737397,0.002817876162168711,-1.7229022911636926,0.95,volatility_qlike,descriptive_only
rs_future_7,price_only,gbr,raw_quantile,333,1440,1440,1440,1,0.9715277777777778,0.021527777777777812,0.021527777777777812,0.022222222222222223,0.00625,0.022222222222222223,0.00625,0.14057895256596412,0.1365590270847317,0.14881666428557289,0.0009710181011039398,0.008803542303858616,0.0027493985060352884,-1.7232785399280266,0.95,volatility_qlike,descriptive_only
rs_future_7,price_only,gbr,raw_quantile,444,1440,1440,1440,1,0.9715277777777778,0.021527777777777812,0.021527777777777812,0.022916666666666665,0.005555555555555556,0.022916666666666665,0.005555555555555556,0.15228529078710956,0.15003360890599174,0.15783653858195074,0.0010167137325898174,0.009094701680674732,0.002929199731958856,-1.7213011579116515,0.95,volatility_qlike,descriptive_only
rs_future_7,price_only,gbr,raw_quantile,555,1440,1440,1440,1,0.9708333333333333,0.02083333333333337,0.02083333333333337,0.022916666666666665,0.00625,0.022916666666666665,0.00625,0.14183822416795122,0.13800663450121886,0.14967194515441093,0.0009756781677035308,0.008821875269944091,0.0027661204611566497,-1.7231797761545247,0.95,volatility_qlike,descriptive_only
rs_future_7,price_only,gbr,raw_quantile,666,1440,1440,1440,1,0.9756944444444444,0.025694444444444464,0.025694444444444464,0.02013888888888889,0.004166666666666667,0.02013888888888889,0.004166666666666667,0.15663091970963153,0.1544224492165077,0.16043804570613027,0.0010117416245186857,0.009165093621970686,0.0029992095181344764,-1.7203604614739934,0.95,volatility_qlike,descriptive_only
rs_future_7,price_only,gbr,regime_cqr,111,1440,1440,1440,1,0.9701388888888889,0.02013888888888893,0.02013888888888893,0.024305555555555556,0.005555555555555556,0.024305555555555556,0.005555555555555556,0.1421457107161506,0.1370135381018575,0.15069725302164322,0.0009855215352651005,0.008810658297041371,0.0027819097902758833,-1.7236484104444842,0.95,volatility_qlike,descriptive_only
rs_future_7,price_only,gbr,regime_cqr,222,1440,1440,1440,1,0.9763888888888889,0.026388888888888906,0.026388888888888906,0.018055555555555554,0.005555555555555556,0.018055555555555554,0.005555555555555556,0.14532553014726218,0.13943437149499482,0.15337894130972368,0.0009812652292846857,0.008864584590737397,0.0028532083034583126,-1.7229022911636926,0.95,volatility_qlike,descriptive_only
rs_future_7,price_only,gbr,regime_cqr,333,1440,1440,1440,1,0.9763888888888889,0.026388888888888906,0.026388888888888906,0.017361111111111112,0.00625,0.017361111111111112,0.00625,0.14384391615651346,0.13812500691604146,0.15100138112672598,0.0009829621218233214,0.008803542303858616,0.002792072406344733,-1.7232785399280266,0.95,volatility_qlike,descriptive_only
rs_future_7,price_only,gbr,regime_cqr,444,1440,1440,1440,1,0.9722222222222222,0.022222222222222254,0.022222222222222254,0.022222222222222223,0.005555555555555556,0.022222222222222223,0.005555555555555556,0.153806452817617,0.15124401094929923,0.15831719878708733,0.0010097157123368891,0.009094701680674732,0.0029482142573401993,-1.7213011579116515,0.95,volatility_qlike,descriptive_only
rs_future_7,price_only,gbr,regime_cqr,555,1440,1440,1440,1,0.9756944444444444,0.025694444444444464,0.025694444444444464,0.018055555555555554,0.00625,0.018055555555555554,0.00625,0.1450675233991166,0.13955609056106535,0.1517925126623554,0.0009870722859865134,0.008821875269944091,0.002807740530572278,-1.7231797761545247,0.95,volatility_qlike,descriptive_only
rs_future_7,price_only,gbr,regime_cqr,666,1440,1440,1440,1,0.9777777777777777,0.02777777777777779,0.02777777777777779,0.018055555555555554,0.004166666666666667,0.018055555555555554,0.004166666666666667,0.15808955838060637,0.1552115849885263,0.16097575735085384,0.001006951432249589,0.009165093621970686,0.003017442501521662,-1.7203604614739934,0.95,volatility_qlike,descriptive_only
rs_future_7,price_only,gbr,regime_sym_conformal,111,1440,1440,1440,1,0.8486111111111111,-0.10138888888888886,0.10138888888888886,0.08541666666666667,0.06597222222222222,0.08541666666666667,0.06597222222222222,0.09852430015764464,0.0890978578793686,0.19009294941919594,0.001997743334478555,0.010261179401811635,0.002754580401001248,-1.7197125143406364,0.95,volatility_qlike,descriptive_only
rs_future_7,price_only,gbr,regime_sym_conformal,222,1440,1440,1440,1,0.8569444444444444,-0.09305555555555556,0.09305555555555556,0.07916666666666666,0.06388888888888888,0.07916666666666666,0.06388888888888888,0.0985925477102669,0.0897226119012655,0.18225153358452,0.0017777491317295334,0.01036968886273451,0.002778539207883372,-1.7192537215233272,0.95,volatility_qlike,descriptive_only
rs_future_7,price_only,gbr,regime_sym_conformal,333,1440,1440,1440,1,0.8666666666666667,-0.08333333333333326,0.08333333333333326,0.06944444444444445,0.06388888888888888,0.06944444444444445,0.06388888888888888,0.0973561743383941,0.0821712107974525,0.17635859605293303,0.001657766217559529,0.010206677956806545,0.002751198683763701,-1.7204706432300603,0.95,volatility_qlike,descriptive_only
rs_future_7,price_only,gbr,regime_sym_conformal,444,1440,1440,1440,1,0.8673611111111111,-0.08263888888888882,0.08263888888888882,0.07152777777777777,0.06111111111111111,0.07152777777777777,0.06111111111111111,0.09769952317791855,0.0834504141123405,0.17700594499519573,0.0017078747535537592,0.01074438662163039,0.0027172738713260387,-1.7158132512282678,0.95,volatility_qlike,descriptive_only
rs_future_7,price_only,gbr,regime_sym_conformal,555,1440,1440,1440,1,0.8680555555555556,-0.08194444444444438,0.08194444444444438,0.06805555555555555,0.06388888888888888,0.06805555555555555,0.06388888888888888,0.09727327964703172,0.0824667649263407,0.17564244178496785,0.0016389647116564266,0.010253421797560123,0.0027520963329676737,-1.7200511811283623,0.95,volatility_qlike,descriptive_only
rs_future_7,price_only,gbr,regime_sym_conformal,666,1440,1440,1440,1,0.8631944444444445,-0.08680555555555547,0.08680555555555547,0.075,0.06180555555555556,0.075,0.06180555555555556,0.09755990996406909,0.0866548593900238,0.17380804013228685,0.0015930919508134794,0.010898634815958182,0.002752109052493596,-1.7143513311834473,0.95,volatility_qlike,descriptive_only
rs_future_7,price_only,gbr,sym_conformal,111,1440,1440,1440,1,0.8625,-0.08749999999999991,0.08749999999999991,0.07847222222222222,0.059027777777777776,0.07847222222222222,0.059027777777777776,0.09971632835531183,0.0887278830239101,0.18640721791203727,0.001983740001030056,0.010261179401811635,0.00267644044677078,-1.7197125143406364,0.95,volatility_qlike,descriptive_only
rs_future_7,price_only,gbr,sym_conformal,222,1440,1440,1440,1,0.8708333333333333,-0.07916666666666661,0.07916666666666661,0.07361111111111111,0.05555555555555555,0.07361111111111111,0.05555555555555555,0.09992394376354558,0.0898069475745522,0.1796619610545273,0.0017702126820393737,0.01036968886273451,0.0027213363443237128,-1.7192537215233272,0.95,volatility_qlike,descriptive_only
rs_future_7,price_only,gbr,sym_conformal,333,1440,1440,1440,1,0.8798611111111111,-0.07013888888888886,0.07013888888888886,0.06388888888888888,0.05625,0.06388888888888888,0.05625,0.09894977678515035,0.08656205843783865,0.17267044402723422,0.0016444655272388835,0.010206677956806545,0.0026722955734418763,-1.7204706432300603,0.95,volatility_qlike,descriptive_only
rs_future_7,price_only,gbr,sym_conformal,444,1440,1440,1440,1,0.8784722222222222,-0.07152777777777775,0.07152777777777775,0.06736111111111111,0.05416666666666667,0.06736111111111111,0.05416666666666667,0.09958881388381707,0.09006484473432991,0.17580142836691692,0.001696206254499324,0.01074438662163039,0.002698829454673503,-1.7158132512282678,0.95,volatility_qlike,descriptive_only
rs_future_7,price_only,gbr,sym_conformal,555,1440,1440,1440,1,0.8798611111111111,-0.07013888888888886,0.07013888888888886,0.06388888888888888,0.05625,0.06388888888888888,0.05625,0.09889062525704222,0.08744211161919299,0.17211920077696646,0.0016276151052289042,0.010253421797560123,0.002675364914195162,-1.7200511811283623,0.95,volatility_qlike,descriptive_only
rs_future_7,price_only,gbr,sym_conformal,666,1440,1440,1440,1,0.8763888888888889,-0.07361111111111107,0.07361111111111107,0.06805555555555555,0.05555555555555555,0.06805555555555555,0.05555555555555555,0.09947610956259854,0.0878475725459837,0.1716371904592943,0.00155563566031649,0.010898634815958182,0.002735294101165771,-1.7143513311834473,0.95,volatility_qlike,descriptive_only
rs_future_7,price_only,gru,cqr,111,1440,1440,1440,1,0.9986111111111111,0.04861111111111116,0.04861111111111116,0.0,0.001388888888888889,0.0,0.001388888888888889,0.19424071495102432,0.18730073422193527,0.19534425429646657,0.0015879697641967916,0.009460192069914698,0.003295636593214774,-1.7084402431130552,0.95,volatility_qlike,descriptive_only
rs_future_7,price_only,gru,cqr,222,1440,1440,1440,1,0.9875,0.03750000000000009,0.03750000000000009,0.003472222222222222,0.009027777777777777,0.003472222222222222,0.009027777777777777,0.15135121449020347,0.15218669344132213,0.15834951405013242,0.0011080694917041834,0.009183479729815829,0.0028506683595490305,-1.7125522738135364,0.95,volatility_qlike,descriptive_only
rs_future_7,price_only,gru,cqr,333,1440,1440,1440,1,0.9993055555555556,0.0493055555555556,0.0493055555555556,0.0006944444444444445,0.0,0.0006944444444444445,0.0,0.21337760213274223,0.2025879546999931,0.21387117665905597,0.0016195558686908306,0.00929833518295653,0.0037272235477854732,-1.7128234275710879,0.95,volatility_qlike,descriptive_only
rs_future_7,price_only,gru,cqr,444,1440,1440,1440,1,0.9576388888888889,0.007638888888888973,0.007638888888888973,0.03333333333333333,0.009027777777777777,0.03333333333333333,0.009027777777777777,0.1424294019996541,0.14101112935392296,0.15902313421938546,0.0012918111095655716,0.0102953124059079,0.00268376724591897,-1.695557718463763,0.95,volatility_qlike,descriptive_only
rs_future_7,price_only,gru,cqr,555,1440,1440,1440,1,0.9569444444444445,0.006944444444444531,0.006944444444444531,0.029861111111111113,0.013194444444444444,0.029861111111111113,0.013194444444444444,0.1318597080275619,0.12813232280313963,0.14874998340002912,0.0012868919664431532,0.01011427794092931,0.0024318576185574804,-1.7023575619795879,0.95,volatility_qlike,descriptive_only
rs_future_7,price_only,gru,cqr,666,1440,1440,1440,1,1.0,0.050000000000000044,0.050000000000000044,0.0,0.0,0.0,0.0,0.18837561292198693,0.1895483939442783,0.18837561292198693,0.0013976124826920644,0.009170403092725153,0.003311777840357513,-1.72043297500514,0.95,volatility_qlike,descriptive_only
rs_future_7,price_only,gru,raw_quantile,111,1440,1440,1440,1,0.9986111111111111,0.04861111111111116,0.04861111111111116,0.0,0.001388888888888889,0.0,0.001388888888888889,0.1918758446654263,0.1861969381570816,0.1929793840108685,0.0015805943296227523,0.009460192069914698,0.0032438902706488624,-1.7084402431130552,0.95,volatility_qlike,descriptive_only
rs_future_7,price_only,gru,raw_quantile,222,1440,1440,1440,1,0.9875,0.03750000000000009,0.03750000000000009,0.003472222222222222,0.009027777777777777,0.003472222222222222,0.009027777777777777,0.14611580433362784,0.14214248675853008,0.15311410389355679,0.0010439350930092832,0.009183479729815829,0.00278391750432954,-1.7125522738135364,0.95,volatility_qlike,descriptive_only
rs_future_7,price_only,gru,raw_quantile,333,1440,1440,1440,1,0.9993055555555556,0.0493055555555556,0.0493055555555556,0.0006944444444444445,0.0,0.0006944444444444445,0.0,0.21337760213274223,0.2025879546999931,0.21387117665905597,0.0016195558686908306,0.00929833518295653,0.0037272235477854732,-1.7128234275710879,0.95,volatility_qlike,descriptive_only
rs_future_7,price_only,gru,raw_quantile,444,1440,1440,1440,1,0.9493055555555555,-0.000694444444444442,0.000694444444444442,0.035416666666666666,0.015277777777777777,0.035416666666666666,0.015277777777777777,0.1326116003380674,0.12784272618591785,0.15199795371258595,0.0011778658807480153,0.0102953124059079,0.002622082962066537,-1.695557718463763,0.95,volatility_qlike,descriptive_only
rs_future_7,price_only,gru,raw_quantile,555,1440,1440,1440,1,0.9451388888888889,-0.004861111111111094,0.004861111111111094,0.034027777777777775,0.020833333333333332,0.034027777777777775,0.020833333333333332,0.12089070823793813,0.11356920469552276,0.14133890440863653,0.0011782048636571486,0.01011427794092931,0.0023552677465586707,-1.7023575619795879,0.95,volatility_qlike,descriptive_only
rs_future_7,price_only,gru,raw_quantile,666,1440,1440,1440,1,1.0,0.050000000000000044,0.050000000000000044,0.0,0.0,0.0,0.0,0.18837561292198693,0.1895483939442783,0.18837561292198693,0.0013976124826920644,0.009170403092725153,0.003311777840357513,-1.72043297500514,0.95,volatility_qlike,descriptive_only
rs_future_7,price_only,gru,regime_cqr,111,1440,1440,1440,1,0.9986111111111111,0.04861111111111116,0.04861111111111116,0.0,0.001388888888888889,0.0,0.001388888888888889,0.1945487399215735,0.18792292475700373,0.1956522792670157,0.0015883626931350438,0.009460192069914698,0.003302944288540251,-1.7084402431130552,0.95,volatility_qlike,descriptive_only
rs_future_7,price_only,gru,regime_cqr,222,1440,1440,1440,1,0.9875,0.03750000000000009,0.03750000000000009,0.003472222222222222,0.009027777777777777,0.003472222222222222,0.009027777777777777,0.15116630210459853,0.1511427778750658,0.15816460166452745,0.0011058091608794327,0.009183479729815829,0.002848305880733657,-1.7125522738135364,0.95,volatility_qlike,descriptive_only
rs_future_7,price_only,gru,regime_cqr,333,1440,1440,1440,1,0.9993055555555556,0.0493055555555556,0.0493055555555556,0.0006944444444444445,0.0,0.0006944444444444445,0.0,0.21337760213274223,0.2025879546999931,0.21387117665905597,0.0016195558686908306,0.00929833518295653,0.0037272235477854732,-1.7128234275710879,0.95,volatility_qlike,descriptive_only
rs_future_7,price_only,gru,regime_cqr,444,1440,1440,1440,1,0.9576388888888889,0.007638888888888973,0.007638888888888973,0.03333333333333333,0.009027777777777777,0.03333333333333333,0.009027777777777777,0.1416362182282511,0.13978806423555865,0.15833722830482602,0.0012833824580059776,0.0102953124059079,0.0026750482496145775,-1.695557718463763,0.95,volatility_qlike,descriptive_only
rs_future_7,price_only,gru,regime_cqr,555,1440,1440,1440,1,0.95625,0.006250000000000089,0.006250000000000089,0.029861111111111113,0.013888888888888888,0.029861111111111113,0.013888888888888888,0.13080470923520873,0.12671248614788055,0.1478277585668442,0.0012743782566475338,0.01011427794092931,0.0024213157075234767,-1.7023575619795879,0.95,volatility_qlike,descriptive_only
rs_future_7,price_only,gru,regime_cqr,666,1440,1440,1440,1,1.0,0.050000000000000044,0.050000000000000044,0.0,0.0,0.0,0.0,0.18837561292198693,0.1895483939442783,0.18837561292198693,0.0013976124826920644,0.009170403092725153,0.003311777840357513,-1.72043297500514,0.95,volatility_qlike,descriptive_only
rs_future_7,price_only,gru,regime_sym_conformal,111,1440,1440,1440,1,0.9111111111111111,-0.03888888888888886,0.03888888888888886,0.0375,0.05138888888888889,0.0375,0.05138888888888889,0.10617287861422864,0.1042960517835534,0.15889641881148675,0.0015322593819322415,0.010094605491439534,0.002440151088354831,-1.702994418961594,0.95,volatility_qlike,descriptive_only
rs_future_7,price_only,gru,regime_sym_conformal,222,1440,1440,1440,1,0.8930555555555556,-0.05694444444444435,0.05694444444444435,0.043055555555555555,0.06388888888888888,0.043055555555555555,0.06388888888888888,0.10334201540518326,0.0975824856185279,0.1670714227382018,0.0015402888530020279,0.010563231880179729,0.0026364967154529216,-1.7134269202290908,0.95,volatility_qlike,descriptive_only
rs_future_7,price_only,gru,regime_sym_conformal,333,1440,1440,1440,1,0.9034722222222222,-0.046527777777777724,0.046527777777777724,0.049305555555555554,0.04722222222222222,0.049305555555555554,0.04722222222222222,0.10930247451842226,0.1036532803638419,0.17022850895256342,0.001793522519891789,0.010866841287028106,0.002462190203922201,-1.6757118897870928,0.95,volatility_qlike,descriptive_only
rs_future_7,price_only,gru,regime_sym_conformal,444,1440,1440,1440,1,0.86875,-0.08124999999999993,0.08124999999999993,0.06875,0.0625,0.06875,0.0625,0.10578274909886617,0.1038934395284577,0.2091932312618748,0.0025154658410536557,0.011251327685384324,0.0027143649404931186,-1.6935149615368674,0.95,volatility_qlike,descriptive_only
rs_future_7,price_only,gru,regime_sym_conformal,555,1440,1440,1440,1,0.8861111111111111,-0.06388888888888888,0.06388888888888888,0.05138888888888889,0.0625,0.05138888888888889,0.0625,0.10894656832833687,0.1077398550906056,0.19467815487398046,0.0020900490853210814,0.010749740601197296,0.0027769047865283353,-1.7021588259680323,0.95,volatility_qlike,descriptive_only
rs_future_7,price_only,gru,regime_sym_conformal,666,1440,1440,1440,1,0.8881944444444444,-0.06180555555555556,0.06180555555555556,0.05138888888888889,0.06041666666666667,0.05138888888888889,0.06041666666666667,0.10567952900226175,0.0972729614660045,0.178787158625652,0.0017253940237157558,0.010265691436944982,0.0027442849419254487,-1.7171017669539468,0.95,volatility_qlike,descriptive_only
rs_future_7,price_only,gru,sym_conformal,111,1440,1440,1440,1,0.9236111111111112,-0.026388888888888795,0.026388888888888795,0.03125,0.04513888888888889,0.03125,0.04513888888888889,0.10807126199619634,0.1042960546910762,0.15887035936993119,0.0015069787552430844,0.010094605491439534,0.0024647802290050985,-1.702994418961594,0.95,volatility_qlike,descriptive_only
rs_future_7,price_only,gru,sym_conformal,222,1440,1440,1440,1,0.90625,-0.043749999999999956,0.043749999999999956,0.03819444444444445,0.05555555555555555,0.03819444444444445,0.05555555555555555,0.10558162560531245,0.1021995395421981,0.16416688071487584,0.001540112136574845,0.010563231880179729,0.0025640598812969534,-1.7134269202290908,0.95,volatility_qlike,descriptive_only
rs_future_7,price_only,gru,sym_conformal,333,1440,1440,1440,1,0.9131944444444444,-0.036805555555555536,0.036805555555555536,0.04375,0.043055555555555555,0.04375,0.043055555555555555,0.11061922309583877,0.0997657477855682,0.16815038435867388,0.0017629483804504804,0.010866841287028106,0.0024408112285162716,-1.6757118897870928,0.95,volatility_qlike,descriptive_only
rs_future_7,price_only,gru,sym_conformal,444,1440,1440,1440,1,0.8909722222222223,-0.05902777777777768,0.05902777777777768,0.050694444444444445,0.058333333333333334,0.050694444444444445,0.058333333333333334,0.10665753001036742,0.10316384397447105,0.20449362716213215,0.002384122394139676,0.011251327685384324,0.0027282182849135304,-1.6935149615368674,0.95,volatility_qlike,descriptive_only
rs_future_7,price_only,gru,sym_conformal,555,1440,1440,1440,1,0.9048611111111111,-0.04513888888888884,0.04513888888888884,0.041666666666666664,0.05347222222222222,0.041666666666666664,0.05347222222222222,0.11135043383627712,0.1091589033603668,0.18909025598970952,0.0020482210279376685,0.010749740601197296,0.002679035371804975,-1.7021588259680323,0.95,volatility_qlike,descriptive_only
rs_future_7,price_only,gru,sym_conformal,666,1440,1440,1440,1,0.8993055555555556,-0.050694444444444375,0.050694444444444375,0.04583333333333333,0.05486111111111111,0.04583333333333333,0.05486111111111111,0.10725890278635129,0.099392682313919,0.17510066176169717,0.0016916981110350825,0.010265691436944982,0.0026858184330072494,-1.7171017669539468,0.95,volatility_qlike,descriptive_only
rs_future_7,price_only,har_ols,cqr,111,1440,1440,1440,1,0.9555555555555556,0.005555555555555647,0.005555555555555647,0.029861111111111113,0.014583333333333334,0.029861111111111113,0.014583333333333334,0.14210006433037803,0.13549101338712785,0.1551811940485155,0.0009545374696358303,0.008711018076484712,0.002924992381576962,-1.7227786130855236,0.95,volatility_qlike,descriptive_only
rs_future_7,price_only,har_ols,cqr,222,1440,1440,1440,1,0.9555555555555556,0.005555555555555647,0.005555555555555647,0.029861111111111113,0.014583333333333334,0.029861111111111113,0.014583333333333334,0.14210006433037803,0.13549101338712785,0.1551811940485155,0.0009545374696358303,0.008711018076484712,0.002924992381576962,-1.7227786130855236,0.95,volatility_qlike,descriptive_only
rs_future_7,price_only,har_ols,cqr,333,1440,1440,1440,1,0.9555555555555556,0.005555555555555647,0.005555555555555647,0.029861111111111113,0.014583333333333334,0.029861111111111113,0.014583333333333334,0.14210006433037803,0.13549101338712785,0.1551811940485155,0.0009545374696358303,0.008711018076484712,0.002924992381576962,-1.7227786130855236,0.95,volatility_qlike,descriptive_only
rs_future_7,price_only,har_ols,cqr,444,1440,1440,1440,1,0.9555555555555556,0.005555555555555647,0.005555555555555647,0.029861111111111113,0.014583333333333334,0.029861111111111113,0.014583333333333334,0.14210006433037803,0.13549101338712785,0.1551811940485155,0.0009545374696358303,0.008711018076484712,0.002924992381576962,-1.7227786130855236,0.95,volatility_qlike,descriptive_only
rs_future_7,price_only,har_ols,cqr,555,1440,1440,1440,1,0.9555555555555556,0.005555555555555647,0.005555555555555647,0.029861111111111113,0.014583333333333334,0.029861111111111113,0.014583333333333334,0.14210006433037803,0.13549101338712785,0.1551811940485155,0.0009545374696358303,0.008711018076484712,0.002924992381576962,-1.7227786130855236,0.95,volatility_qlike,descriptive_only
rs_future_7,price_only,har_ols,cqr,666,1440,1440,1440,1,0.9555555555555556,0.005555555555555647,0.005555555555555647,0.029861111111111113,0.014583333333333334,0.029861111111111113,0.014583333333333334,0.14210006433037803,0.13549101338712785,0.1551811940485155,0.0009545374696358303,0.008711018076484712,0.002924992381576962,-1.7227786130855236,0.95,volatility_qlike,descriptive_only
rs_future_7,price_only,har_ols,raw_quantile,111,1440,1440,1440,1,0.9416666666666667,-0.008333333333333304,0.008333333333333304,0.03611111111111111,0.022222222222222223,0.03611111111111111,0.022222222222222223,0.1292331193969406,0.12414487471022614,0.14942122303535602,0.0008095520559095268,0.008711018076484712,0.0029259785199742777,-1.7227786130855236,0.95,volatility_qlike,descriptive_only
rs_future_7,price_only,har_ols,raw_quantile,222,1440,1440,1440,1,0.9416666666666667,-0.008333333333333304,0.008333333333333304,0.03611111111111111,0.022222222222222223,0.03611111111111111,0.022222222222222223,0.1292331193969406,0.12414487471022614,0.14942122303535602,0.0008095520559095268,0.008711018076484712,0.0029259785199742777,-1.7227786130855236,0.95,volatility_qlike,descriptive_only
rs_future_7,price_only,har_ols,raw_quantile,333,1440,1440,1440,1,0.9416666666666667,-0.008333333333333304,0.008333333333333304,0.03611111111111111,0.022222222222222223,0.03611111111111111,0.022222222222222223,0.1292331193969406,0.12414487471022614,0.14942122303535602,0.0008095520559095268,0.008711018076484712,0.0029259785199742777,-1.7227786130855236,0.95,volatility_qlike,descriptive_only
rs_future_7,price_only,har_ols,raw_quantile,444,1440,1440,1440,1,0.9416666666666667,-0.008333333333333304,0.008333333333333304,0.03611111111111111,0.022222222222222223,0.03611111111111111,0.022222222222222223,0.1292331193969406,0.12414487471022614,0.14942122303535602,0.0008095520559095268,0.008711018076484712,0.0029259785199742777,-1.7227786130855236,0.95,volatility_qlike,descriptive_only
rs_future_7,price_only,har_ols,raw_quantile,555,1440,1440,1440,1,0.9416666666666667,-0.008333333333333304,0.008333333333333304,0.03611111111111111,0.022222222222222223,0.03611111111111111,0.022222222222222223,0.1292331193969406,0.12414487471022614,0.14942122303535602,0.0008095520559095268,0.008711018076484712,0.0029259785199742777,-1.7227786130855236,0.95,volatility_qlike,descriptive_only
rs_future_7,price_only,har_ols,raw_quantile,666,1440,1440,1440,1,0.9416666666666667,-0.008333333333333304,0.008333333333333304,0.03611111111111111,0.022222222222222223,0.03611111111111111,0.022222222222222223,0.1292331193969406,0.12414487471022614,0.14942122303535602,0.0008095520559095268,0.008711018076484712,0.0029259785199742777,-1.7227786130855236,0.95,volatility_qlike,descriptive_only
rs_future_7,price_only,har_ols,regime_cqr,111,1440,1440,1440,1,0.9548611111111112,0.004861111111111205,0.004861111111111205,0.030555555555555555,0.014583333333333334,0.030555555555555555,0.014583333333333334,0.1411094507498747,0.13507451027614475,0.1542749328663674,0.0009425928257936042,0.008711018076484712,0.0029142804958654867,-1.7227786130855236,0.95,volatility_qlike,descriptive_only
rs_future_7,price_only,har_ols,regime_cqr,222,1440,1440,1440,1,0.9548611111111112,0.004861111111111205,0.004861111111111205,0.030555555555555555,0.014583333333333334,0.030555555555555555,0.014583333333333334,0.1411094507498747,0.13507451027614475,0.1542749328663674,0.0009425928257936042,0.008711018076484712,0.0029142804958654867,-1.7227786130855236,0.95,volatility_qlike,descriptive_only
rs_future_7,price_only,har_ols,regime_cqr,333,1440,1440,1440,1,0.9548611111111112,0.004861111111111205,0.004861111111111205,0.030555555555555555,0.014583333333333334,0.030555555555555555,0.014583333333333334,0.1411094507498747,0.13507451027614475,0.1542749328663674,0.0009425928257936042,0.008711018076484712,0.0029142804958654867,-1.7227786130855236,0.95,volatility_qlike,descriptive_only
rs_future_7,price_only,har_ols,regime_cqr,444,1440,1440,1440,1,0.9548611111111112,0.004861111111111205,0.004861111111111205,0.030555555555555555,0.014583333333333334,0.030555555555555555,0.014583333333333334,0.1411094507498747,0.13507451027614475,0.1542749328663674,0.0009425928257936042,0.008711018076484712,0.0029142804958654867,-1.7227786130855236,0.95,volatility_qlike,descriptive_only
rs_future_7,price_only,har_ols,regime_cqr,555,1440,1440,1440,1,0.9548611111111112,0.004861111111111205,0.004861111111111205,0.030555555555555555,0.014583333333333334,0.030555555555555555,0.014583333333333334,0.1411094507498747,0.13507451027614475,0.1542749328663674,0.0009425928257936042,0.008711018076484712,0.0029142804958654867,-1.7227786130855236,0.95,volatility_qlike,descriptive_only
rs_future_7,price_only,har_ols,regime_cqr,666,1440,1440,1440,1,0.9548611111111112,0.004861111111111205,0.004861111111111205,0.030555555555555555,0.014583333333333334,0.030555555555555555,0.014583333333333334,0.1411094507498747,0.13507451027614475,0.1542749328663674,0.0009425928257936042,0.008711018076484712,0.0029142804958654867,-1.7227786130855236,0.95,volatility_qlike,descriptive_only
rs_future_7,price_only,har_ols,regime_sym_conformal,111,1440,1440,1440,1,0.8909722222222223,-0.05902777777777768,0.05902777777777768,0.06180555555555556,0.04722222222222222,0.06180555555555556,0.04722222222222222,0.10588154058863763,0.1057381719878912,0.1749379858764589,0.0019142534175772298,0.01023479997905606,0.002459196229334147,-1.7217357160601328,0.95,volatility_qlike,descriptive_only
rs_future_7,price_only,har_ols,regime_sym_conformal,222,1440,1440,1440,1,0.8909722222222223,-0.05902777777777768,0.05902777777777768,0.06180555555555556,0.04722222222222222,0.06180555555555556,0.04722222222222222,0.10588154058863763,0.1057381719878912,0.1749379858764589,0.0019142534175772298,0.01023479997905606,0.002459196229334147,-1.7217357160601328,0.95,volatility_qlike,descriptive_only
rs_future_7,price_only,har_ols,regime_sym_conformal,333,1440,1440,1440,1,0.8909722222222223,-0.05902777777777768,0.05902777777777768,0.06180555555555556,0.04722222222222222,0.06180555555555556,0.04722222222222222,0.10588154058863763,0.1057381719878912,0.1749379858764589,0.0019142534175772298,0.01023479997905606,0.002459196229334147,-1.7217357160601328,0.95,volatility_qlike,descriptive_only
rs_future_7,price_only,har_ols,regime_sym_conformal,444,1440,1440,1440,1,0.8909722222222223,-0.05902777777777768,0.05902777777777768,0.06180555555555556,0.04722222222222222,0.06180555555555556,0.04722222222222222,0.10588154058863763,0.1057381719878912,0.1749379858764589,0.0019142534175772298,0.01023479997905606,0.002459196229334147,-1.7217357160601328,0.95,volatility_qlike,descriptive_only
rs_future_7,price_only,har_ols,regime_sym_conformal,555,1440,1440,1440,1,0.8909722222222223,-0.05902777777777768,0.05902777777777768,0.06180555555555556,0.04722222222222222,0.06180555555555556,0.04722222222222222,0.10588154058863763,0.1057381719878912,0.1749379858764589,0.0019142534175772298,0.01023479997905606,0.002459196229334147,-1.7217357160601328,0.95,volatility_qlike,descriptive_only
rs_future_7,price_only,har_ols,regime_sym_conformal,666,1440,1440,1440,1,0.8909722222222223,-0.05902777777777768,0.05902777777777768,0.06180555555555556,0.04722222222222222,0.06180555555555556,0.04722222222222222,0.10588154058863763,0.1057381719878912,0.1749379858764589,0.0019142534175772298,0.01023479997905606,0.002459196229334147,-1.7217357160601328,0.95,volatility_qlike,descriptive_only
rs_future_7,price_only,har_ols,sym_conformal,111,1440,1440,1440,1,0.8993055555555556,-0.050694444444444375,0.050694444444444375,0.05694444444444444,0.04375,0.05694444444444444,0.04375,0.10690424094783793,0.1042095055273647,0.17237512034165883,0.0018713794041697743,0.01023479997905606,0.002437998604371601,-1.7217357160601328,0.95,volatility_qlike,descriptive_only
rs_future_7,price_only,har_ols,sym_conformal,222,1440,1440,1440,1,0.8993055555555556,-0.050694444444444375,0.050694444444444375,0.05694444444444444,0.04375,0.05694444444444444,0.04375,0.10690424094783793,0.1042095055273647,0.17237512034165883,0.0018713794041697743,0.01023479997905606,0.002437998604371601,-1.7217357160601328,0.95,volatility_qlike,descriptive_only
rs_future_7,price_only,har_ols,sym_conformal,333,1440,1440,1440,1,0.8993055555555556,-0.050694444444444375,0.050694444444444375,0.05694444444444444,0.04375,0.05694444444444444,0.04375,0.10690424094783793,0.1042095055273647,0.17237512034165883,0.0018713794041697743,0.01023479997905606,0.002437998604371601,-1.7217357160601328,0.95,volatility_qlike,descriptive_only
rs_future_7,price_only,har_ols,sym_conformal,444,1440,1440,1440,1,0.8993055555555556,-0.050694444444444375,0.050694444444444375,0.05694444444444444,0.04375,0.05694444444444444,0.04375,0.10690424094783793,0.1042095055273647,0.17237512034165883,0.0018713794041697743,0.01023479997905606,0.002437998604371601,-1.7217357160601328,0.95,volatility_qlike,descriptive_only
rs_future_7,price_only,har_ols,sym_conformal,555,1440,1440,1440,1,0.8993055555555556,-0.050694444444444375,0.050694444444444375,0.05694444444444444,0.04375,0.05694444444444444,0.04375,0.10690424094783793,0.1042095055273647,0.17237512034165883,0.0018713794041697743,0.01023479997905606,0.002437998604371601,-1.7217357160601328,0.95,volatility_qlike,descriptive_only
rs_future_7,price_only,har_ols,sym_conformal,666,1440,1440,1440,1,0.8993055555555556,-0.050694444444444375,0.050694444444444375,0.05694444444444444,0.04375,0.05694444444444444,0.04375,0.10690424094783793,0.1042095055273647,0.17237512034165883,0.0018713794041697743,0.01023479997905606,0.002437998604371601,-1.7217357160601328,0.95,volatility_qlike,descriptive_only
rs_future_7,price_only,lstm,cqr,111,1440,1440,1440,1,0.9902777777777778,0.04027777777777786,0.04027777777777786,0.0006944444444444445,0.009027777777777777,0.0006944444444444445,0.009027777777777777,0.16051827907872665,0.15395584423094985,0.16577724535095661,0.0013538712646781516,0.00894343628330385,0.0027905598690956663,-1.71847030932928,0.95,volatility_qlike,descriptive_only
rs_future_7,price_only,lstm,cqr,222,1440,1440,1440,1,0.9708333333333333,0.02083333333333337,0.02083333333333337,0.013888888888888888,0.015277777777777777,0.013888888888888888,0.015277777777777777,0.15244258111665884,0.1430107112973928,0.17247845999447323,0.0012107859337122365,0.009984330024629052,0.0031011755661494995,-1.711221704098912,0.95,volatility_qlike,descriptive_only
rs_future_7,price_only,lstm,cqr,333,1440,1440,1440,1,0.9527777777777777,0.002777777777777768,0.002777777777777768,0.029166666666666667,0.018055555555555554,0.029166666666666667,0.018055555555555554,0.14207110214755225,0.12430968321859834,0.1639215755178708,0.0014323608255487014,0.009841582028279613,0.0026656785623979723,-1.7124585126628233,0.95,volatility_qlike,descriptive_only
rs_future_7,price_only,lstm,cqr,444,1440,1440,1440,1,0.9756944444444444,0.025694444444444464,0.025694444444444464,0.004166666666666667,0.02013888888888889,0.004166666666666667,0.02013888888888889,0.13718946678637947,0.13082261198131456,0.15366993978866242,0.0010467788522454714,0.009479401333292854,0.0027949696424709914,-1.7147686310804866,0.95,volatility_qlike,descriptive_only
rs_future_7,price_only,lstm,cqr,555,1440,1440,1440,1,0.9444444444444444,-0.005555555555555536,0.005555555555555536,0.04027777777777778,0.015277777777777777,0.04027777777777778,0.015277777777777777,0.13609770662668655,0.13095437362790105,0.16444767032022467,0.001405824880349839,0.010033492215886885,0.002705366877655682,-1.7007769461655933,0.95,volatility_qlike,descriptive_only
rs_future_7,price_only,lstm,cqr,666,1440,1440,1440,1,0.9708333333333333,0.02083333333333337,0.02083333333333337,0.013194444444444444,0.01597222222222222,0.013194444444444444,0.01597222222222222,0.13882644168068847,0.13633529114856205,0.1606711938713844,0.0013328446899458937,0.010341282337808675,0.0026839351568386212,-1.7066390083887994,0.95,volatility_qlike,descriptive_only
rs_future_7,price_only,lstm,raw_quantile,111,1440,1440,1440,1,0.9888888888888889,0.03888888888888897,0.03888888888888897,0.0006944444444444445,0.010416666666666666,0.0006944444444444445,0.010416666666666666,0.15779020322984758,0.15001532435417175,0.1643106220366016,0.0013386355892153275,0.00894343628330385,0.002769129961699615,-1.71847030932928,0.95,volatility_qlike,descriptive_only
rs_future_7,price_only,lstm,raw_quantile,222,1440,1440,1440,1,0.9701388888888889,0.02013888888888893,0.02013888888888893,0.014583333333333334,0.015277777777777777,0.014583333333333334,0.015277777777777777,0.14691253093058346,0.1293853688985109,0.16699678180672142,0.0011440094685626551,0.009984330024629052,0.0030309100766052854,-1.711221704098912,0.95,volatility_qlike,descriptive_only
rs_future_7,price_only,lstm,raw_quantile,333,1440,1440,1440,1,0.9368055555555556,-0.013194444444444398,0.013194444444444398,0.034722222222222224,0.02847222222222222,0.034722222222222224,0.02847222222222222,0.12301220643081853,0.1079154834151268,0.15409468840311022,0.0012372742487155993,0.009841582028279613,0.002615092961362062,-1.7124585126628233,0.95,volatility_qlike,descriptive_only
rs_future_7,price_only,lstm,raw_quantile,444,1440,1440,1440,1,0.9701388888888889,0.02013888888888893,0.02013888888888893,0.004861111111111111,0.025,0.004861111111111111,0.025,0.12977440027655873,0.1233365461230278,0.1481904344130608,0.0009548614463788799,0.009479401333292854,0.002749899413947542,-1.7147686310804866,0.95,volatility_qlike,descriptive_only
rs_future_7,price_only,lstm,raw_quantile,555,1440,1440,1440,1,0.9256944444444445,-0.02430555555555547,0.02430555555555547,0.05138888888888889,0.022916666666666665,0.05138888888888889,0.022916666666666665,0.12477818623107544,0.11840044707059855,0.16251517282895447,0.0013996267834601808,0.010033492215886885,0.002663252537263586,-1.7007769461655933,0.95,volatility_qlike,descriptive_only
rs_future_7,price_only,lstm,raw_quantile,666,1440,1440,1440,1,0.9701388888888889,0.02013888888888893,0.02013888888888893,0.013194444444444444,0.016666666666666666,0.013194444444444444,0.016666666666666666,0.13161993646709658,0.1240699235349893,0.1536148531769689,0.0012543732936525433,0.010341282337808675,0.002585998035771584,-1.7066390083887994,0.95,volatility_qlike,descriptive_only
rs_future_7,price_only,lstm,regime_cqr,111,1440,1440,1440,1,0.9902777777777778,0.04027777777777786,0.04027777777777786,0.0006944444444444445,0.009027777777777777,0.0006944444444444445,0.009027777777777777,0.160874424667632,0.154983852058649,0.16613339093986196,0.001357498088920119,0.00894343628330385,0.002795836684576332,-1.71847030932928,0.95,volatility_qlike,descriptive_only
rs_future_7,price_only,lstm,regime_cqr,222,1440,1440,1440,1,0.9708333333333333,0.02083333333333337,0.02083333333333337,0.013888888888888888,0.015277777777777777,0.013888888888888888,0.015277777777777777,0.15222848772618053,0.1421586616257539,0.1722643666039949,0.0012081097663312575,0.009984330024629052,0.0030984993987685197,-1.711221704098912,0.95,volatility_qlike,descriptive_only
rs_future_7,price_only,lstm,regime_cqr,333,1440,1440,1440,1,0.95,0.0,0.0,0.029166666666666667,0.020833333333333332,0.029166666666666667,0.020833333333333332,0.14122494779039546,0.12329233212153656,0.1631178357142025,0.0014221300819033222,0.009841582028279613,0.0026558158109516437,-1.7124585126628233,0.95,volatility_qlike,descriptive_only
rs_future_7,price_only,lstm,regime_cqr,444,1440,1440,1440,1,0.9763888888888889,0.026388888888888906,0.026388888888888906,0.004166666666666667,0.019444444444444445,0.004166666666666667,0.019444444444444445,0.13733464651301894,0.1304113082587719,0.1529263962842773,0.0010485935988284647,0.009479401333292854,0.00277456630827837,-1.7147686310804866,0.95,volatility_qlike,descriptive_only
rs_future_7,price_only,lstm,regime_cqr,555,1440,1440,1440,1,0.9444444444444444,-0.005555555555555536,0.005555555555555536,0.04097222222222222,0.014583333333333334,0.04097222222222222,0.014583333333333334,0.1361424306506129,0.13112623183178695,0.1652221841376015,0.0014256800803105966,0.010033492215886885,0.0027048745231293457,-1.7007769461655933,0.95,volatility_qlike,descriptive_only
rs_future_7,price_only,lstm,regime_cqr,666,1440,1440,1440,1,0.9729166666666667,0.022916666666666696,0.022916666666666696,0.013194444444444444,0.013888888888888888,0.013194444444444444,0.013888888888888888,0.13942879471406325,0.13527019321918485,0.16083199245319865,0.001339135571571755,0.010341282337808675,0.002681664239758115,-1.7066390083887994,0.95,volatility_qlike,descriptive_only
rs_future_7,price_only,lstm,regime_sym_conformal,111,1440,1440,1440,1,0.8875,-0.0625,0.0625,0.059722222222222225,0.05277777777777778,0.059722222222222225,0.05277777777777778,0.10649410045506355,0.099182263076635,0.18488059655819344,0.0020420893776617595,0.010369751987997465,0.0025799255362929786,-1.714042893448464,0.95,volatility_qlike,descriptive_only
rs_future_7,price_only,lstm,regime_sym_conformal,222,1440,1440,1440,1,0.8784722222222222,-0.07152777777777775,0.07152777777777775,0.05694444444444444,0.06458333333333334,0.05694444444444444,0.06458333333333334,0.10858880305865325,0.110408616059144,0.18838617316903744,0.0018972100796351397,0.01033686687748742,0.0028124442495907017,-1.715413234657462,0.95,volatility_qlike,descriptive_only
rs_future_7,price_only,lstm,regime_sym_conformal,333,1440,1440,1440,1,0.8951388888888889,-0.05486111111111103,0.05486111111111103,0.04513888888888889,0.059722222222222225,0.04513888888888889,0.059722222222222225,0.10981473400226452,0.1069783532096456,0.1779586658563989,0.0018646502259999198,0.010111497848141969,0.002584316420409957,-1.7140703672215334,0.95,volatility_qlike,descriptive_only
rs_future_7,price_only,lstm,regime_sym_conformal,444,1440,1440,1440,1,0.86875,-0.08124999999999993,0.08124999999999993,0.06388888888888888,0.06736111111111111,0.06388888888888888,0.06736111111111111,0.10591065732560345,0.09175914941348459,0.20027721763157239,0.002235493704894188,0.01023951094221189,0.0027714367358950263,-1.7148894764590312,0.95,volatility_qlike,descriptive_only
rs_future_7,price_only,lstm,regime_sym_conformal,555,1440,1440,1440,1,0.8979166666666667,-0.05208333333333326,0.05208333333333326,0.04652777777777778,0.05555555555555555,0.04652777777777778,0.05555555555555555,0.10863529017916675,0.098393462344157,0.21388630588925714,0.0028305575413387816,0.010649514478854519,0.002516600105892551,-1.7104577311678908,0.95,volatility_qlike,descriptive_only
rs_future_7,price_only,lstm,regime_sym_conformal,666,1440,1440,1440,1,0.8652777777777778,-0.08472222222222214,0.08472222222222214,0.06527777777777778,0.06944444444444445,0.06527777777777778,0.06944444444444445,0.10492871497345657,0.1017043632664556,0.20553473002578396,0.002160694198931656,0.010403315736377872,0.0029776740517128467,-1.7117395570792615,0.95,volatility_qlike,descriptive_only
rs_future_7,price_only,lstm,sym_conformal,111,1440,1440,1440,1,0.8965277777777778,-0.05347222222222214,0.05347222222222214,0.05555555555555555,0.04791666666666667,0.05555555555555555,0.04791666666666667,0.10803995486090162,0.0944659858942031,0.18097616002425623,0.0020157693051750746,0.010369751987997465,0.0025086346954312356,-1.714042893448464,0.95,volatility_qlike,descriptive_only
rs_future_7,price_only,lstm,sym_conformal,222,1440,1440,1440,1,0.9027777777777778,-0.047222222222222165,0.047222222222222165,0.04236111111111111,0.05486111111111111,0.04236111111111111,0.05486111111111111,0.11090924450092841,0.1069783270359039,0.17709929121058557,0.0017942441122709297,0.01033686687748742,0.002633238167993614,-1.715413234657462,0.95,volatility_qlike,descriptive_only
rs_future_7,price_only,lstm,sym_conformal,333,1440,1440,1440,1,0.9069444444444444,-0.043055555555555514,0.043055555555555514,0.03958333333333333,0.05347222222222222,0.03958333333333333,0.05347222222222222,0.11145890999404295,0.1069783642888069,0.17679080434108513,0.0018437854358127885,0.010111497848141969,0.002575984672714244,-1.7140703672215334,0.95,volatility_qlike,descriptive_only
rs_future_7,price_only,lstm,sym_conformal,444,1440,1440,1440,1,0.8777777777777778,-0.07222222222222219,0.07222222222222219,0.06388888888888888,0.058333333333333334,0.06388888888888888,0.058333333333333334,0.10817075809205154,0.0989087894558906,0.19322520414439426,0.002242272385464404,0.01023951094221189,0.002588357718145356,-1.7148894764590312,0.95,volatility_qlike,descriptive_only
rs_future_7,price_only,lstm,sym_conformal,555,1440,1440,1440,1,0.9097222222222222,-0.040277777777777746,0.040277777777777746,0.04375,0.04652777777777778,0.04375,0.04652777777777778,0.10944180629837012,0.1013983637094497,0.2096421783066454,0.002832931687360742,0.010649514478854519,0.0024081227703052956,-1.7104577311678908,0.95,volatility_qlike,descriptive_only
rs_future_7,price_only,lstm,sym_conformal,666,1440,1440,1440,1,0.88125,-0.06874999999999998,0.06874999999999998,0.05625,0.0625,0.05625,0.0625,0.10516185754030526,0.0969461016356945,0.19981049713800011,0.0021066608789422833,0.010403315736377872,0.002888601549507622,-1.7117395570792615,0.95,volatility_qlike,descriptive_only
rs_future_7,price_only,rf,cqr,111,1440,1440,1440,1,0.9152777777777777,-0.03472222222222221,0.03472222222222221,0.03888888888888889,0.04583333333333333,0.03888888888888889,0.04583333333333333,0.11344173214242537,0.1030883683417521,0.17168604030706788,0.0014201902644126426,0.009855178303014892,0.0028719607432639567,-1.7212373172362674,0.95,volatility_qlike,descriptive_only
rs_future_7,price_only,rf,cqr,222,1440,1440,1440,1,0.8979166666666667,-0.05208333333333326,0.05208333333333326,0.05347222222222222,0.04861111111111111,0.05347222222222222,0.04861111111111111,0.10995514313032813,0.0981508048411014,0.16702363439742768,0.0013257212306242853,0.009129222980580233,0.002849869629311313,-1.7280458809661319,0.95,volatility_qlike,descriptive_only
rs_future_7,price_only,rf,cqr,333,1440,1440,1440,1,0.9069444444444444,-0.043055555555555514,0.043055555555555514,0.04513888888888889,0.04791666666666667,0.04513888888888889,0.04791666666666667,0.113071671106218,0.1033285956249355,0.17305746520051563,0.0013858311149029503,0.009572039739971195,0.0029406055151098434,-1.7237789294256964,0.95,volatility_qlike,descriptive_only
rs_future_7,price_only,rf,cqr,444,1440,1440,1440,1,0.9083333333333333,-0.04166666666666663,0.04166666666666663,0.04722222222222222,0.044444444444444446,0.04722222222222222,0.044444444444444446,0.10919842353621736,0.0951646870062785,0.16547821261909007,0.0013152375803725165,0.009214593479501983,0.002821717735104639,-1.726967275458512,0.95,volatility_qlike,descriptive_only
rs_future_7,price_only,rf,cqr,555,1440,1440,1440,1,0.9069444444444444,-0.043055555555555514,0.043055555555555514,0.04722222222222222,0.04583333333333333,0.04722222222222222,0.04583333333333333,0.11137565251748589,0.09738081462153275,0.1719076871403796,0.0014496930136320906,0.009826643970107468,0.002847999164877302,-1.7214455325178322,0.95,volatility_qlike,descriptive_only
rs_future_7,price_only,rf,cqr,666,1440,1440,1440,1,0.9034722222222222,-0.046527777777777724,0.046527777777777724,0.04722222222222222,0.049305555555555554,0.04722222222222222,0.049305555555555554,0.11172862564900486,0.0993761840460064,0.173862448358815,0.0014357576721018897,0.00982761578433038,0.00291080353686839,-1.721306241501861,0.95,volatility_qlike,descriptive_only
rs_future_7,price_only,rf,raw_quantile,111,1440,1440,1440,1,0.5430555555555555,-0.40694444444444444,0.40694444444444444,0.3298611111111111,0.12708333333333333,0.3298611111111111,0.12708333333333333,0.04633854558615579,0.03484359149800215,0.29929133376350203,0.0033470312809622494,0.009855178303014892,0.004135252063125211,-1.7212373172362674,0.95,volatility_qlike,descriptive_only
rs_future_7,price_only,rf,raw_quantile,222,1440,1440,1440,1,0.60625,-0.34375,0.34375,0.29444444444444445,0.09930555555555555,0.29444444444444445,0.09930555555555555,0.05070576946460704,0.0400790091367139,0.2584550933223108,0.0027571638228942857,0.009129222980580233,0.0037042135101633925,-1.7280458809661319,0.95,volatility_qlike,descriptive_only
rs_future_7,price_only,rf,raw_quantile,333,1440,1440,1440,1,0.5611111111111111,-0.38888888888888884,0.38888888888888884,0.3263888888888889,0.1125,0.3263888888888889,0.1125,0.0483386486264777,0.03669598291267365,0.28981063779317046,0.0031916136275265167,0.009572039739971195,0.004053652317302651,-1.7237789294256964,0.95,volatility_qlike,descriptive_only
rs_future_7,price_only,rf,raw_quantile,444,1440,1440,1440,1,0.5944444444444444,-0.3555555555555555,0.3555555555555555,0.3055555555555556,0.1,0.3055555555555556,0.1,0.0497621892569302,0.039375762672012996,0.2607411734766869,0.002806297310113958,0.009214593479501983,0.0037122320268031246,-1.726967275458512,0.95,volatility_qlike,descriptive_only
rs_future_7,price_only,rf,raw_quantile,555,1440,1440,1440,1,0.54375,-0.40625,0.40625,0.33541666666666664,0.12083333333333333,0.33541666666666664,0.12083333333333333,0.045252466895807836,0.034475924372351294,0.300511142339121,0.0034382560120646555,0.009826643970107468,0.004074522546413281,-1.7214455325178322,0.95,volatility_qlike,descriptive_only
rs_future_7,price_only,rf,raw_quantile,666,1440,1440,1440,1,0.5402777777777777,-0.4097222222222222,0.4097222222222222,0.33402777777777776,0.12569444444444444,0.33402777777777776,0.12569444444444444,0.04636168087835102,0.034454762379828,0.30478126856701504,0.003469703634984177,0.00982761578433038,0.004149828079191111,-1.721306241501861,0.95,volatility_qlike,descriptive_only
rs_future_7,price_only,rf,regime_cqr,111,1440,1440,1440,1,0.9076388888888889,-0.04236111111111107,0.04236111111111107,0.04097222222222222,0.05138888888888889,0.04097222222222222,0.05138888888888889,0.11042600337071048,0.1018128313558242,0.1706033752797927,0.0013934121469039973,0.009855178303014892,0.0028716722350907212,-1.7212373172362674,0.95,volatility_qlike,descriptive_only
rs_future_7,price_only,rf,regime_cqr,222,1440,1440,1440,1,0.8930555555555556,-0.05694444444444435,0.05694444444444435,0.05625,0.050694444444444445,0.05625,0.050694444444444445,0.10744160660359492,0.0955060056250428,0.16766451453001013,0.001302850824101419,0.009129222980580233,0.0028887620391487407,-1.7280458809661319,0.95,volatility_qlike,descriptive_only
rs_future_7,price_only,rf,regime_cqr,333,1440,1440,1440,1,0.9013888888888889,-0.04861111111111105,0.04861111111111105,0.044444444444444446,0.05416666666666667,0.044444444444444446,0.05416666666666667,0.10982014955664192,0.09875386026866385,0.17197023859604849,0.0013514114771758692,0.009572039739971195,0.002947844487725248,-1.7237789294256964,0.95,volatility_qlike,descriptive_only
rs_future_7,price_only,rf,regime_cqr,444,1440,1440,1440,1,0.9027777777777778,-0.047222222222222165,0.047222222222222165,0.04722222222222222,0.05,0.04722222222222222,0.05,0.10818588362169551,0.09746507785325875,0.16601103050366622,0.0013061267534334076,0.009214593479501983,0.0028441490091581523,-1.726967275458512,0.95,volatility_qlike,descriptive_only
rs_future_7,price_only,rf,regime_cqr,555,1440,1440,1440,1,0.9020833333333333,-0.04791666666666661,0.04791666666666661,0.04652777777777778,0.05138888888888889,0.04652777777777778,0.05138888888888889,0.1095239287533364,0.0977889474059423,0.17169795401963658,0.0014375093692515933,0.009826643970107468,0.002854939481239225,-1.7214455325178322,0.95,volatility_qlike,descriptive_only
rs_future_7,price_only,rf,regime_cqr,666,1440,1440,1440,1,0.8972222222222223,-0.0527777777777777,0.0527777777777777,0.04791666666666667,0.05486111111111111,0.04791666666666667,0.05486111111111111,0.10953691090079182,0.1001045798999591,0.1740288034395558,0.0014191175216921766,0.00982761578433038,0.002931602564296624,-1.721306241501861,0.95,volatility_qlike,descriptive_only
rs_future_7,price_only,rf,regime_sym_conformal,111,1440,1440,1440,1,0.8791666666666667,-0.0708333333333333,0.0708333333333333,0.05625,0.06458333333333334,0.05625,0.06458333333333334,0.10484893156735171,0.0911868628954701,0.21756766327027854,0.002488603674704452,0.010179269228489397,0.0029505879070524143,-1.7197858032853004,0.95,volatility_qlike,descriptive_only
rs_future_7,price_only,rf,regime_sym_conformal,222,1440,1440,1440,1,0.8784722222222222,-0.07152777777777775,0.07152777777777775,0.05416666666666667,0.06736111111111111,0.05416666666666667,0.06736111111111111,0.09915395892613825,0.0832679966964006,0.1780801116532958,0.00159622014402649,0.009656553524310161,0.00285578264730581,-1.725681472294457,0.95,volatility_qlike,descriptive_only
rs_future_7,price_only,rf,regime_sym_conformal,333,1440,1440,1440,1,0.8784722222222222,-0.07152777777777775,0.07152777777777775,0.05555555555555555,0.06597222222222222,0.05555555555555555,0.06597222222222222,0.10254464065036469,0.0881810068876715,0.2054858919337468,0.002209173043892298,0.009995002866086417,0.002927974254451277,-1.721849963511497,0.95,volatility_qlike,descriptive_only
rs_future_7,price_only,rf,regime_sym_conformal,444,1440,1440,1440,1,0.8763888888888889,-0.07361111111111107,0.07361111111111107,0.05763888888888889,0.06597222222222222,0.05763888888888889,0.06597222222222222,0.09978720437089333,0.0862817423500032,0.184508745095514,0.0017436929234850172,0.009764772221122969,0.0028690257039027376,-1.7243529056618643,0.95,volatility_qlike,descriptive_only
rs_future_7,price_only,rf,regime_sym_conformal,555,1440,1440,1440,1,0.8784722222222222,-0.07152777777777775,0.07152777777777775,0.05555555555555555,0.06597222222222222,0.05555555555555555,0.06597222222222222,0.10528956170663856,0.0915541111723038,0.21967978922017928,0.0025469611225500937,0.010180210256399954,0.002945033607954294,-1.719922159529982,0.95,volatility_qlike,descriptive_only
rs_future_7,price_only,rf,regime_sym_conformal,666,1440,1440,1440,1,0.8763888888888889,-0.07361111111111107,0.07361111111111107,0.059722222222222225,0.06388888888888888,0.059722222222222225,0.06388888888888888,0.1053042439707347,0.0890725806495623,0.21936818668238792,0.0024747008496725773,0.010188517791681957,0.003009503817387026,-1.719777557754392,0.95,volatility_qlike,descriptive_only
rs_future_7,price_only,rf,sym_conformal,111,1440,1440,1440,1,0.8909722222222223,-0.05902777777777768,0.05902777777777768,0.04791666666666667,0.06111111111111111,0.04791666666666667,0.06111111111111111,0.10676563490075408,0.08977516268750255,0.21723742496401707,0.0024871110462263983,0.010179269228489397,0.00294382457787393,-1.7197858032853004,0.95,volatility_qlike,descriptive_only
rs_future_7,price_only,rf,sym_conformal,222,1440,1440,1440,1,0.8930555555555556,-0.05694444444444435,0.05694444444444435,0.04583333333333333,0.06111111111111111,0.04583333333333333,0.06111111111111111,0.10095762017331475,0.08379292636561525,0.17598748392704103,0.0016011539333810171,0.009656553524310161,0.0027985331647949127,-1.725681472294457,0.95,volatility_qlike,descriptive_only
rs_future_7,price_only,rf,sym_conformal,333,1440,1440,1440,1,0.8944444444444445,-0.05555555555555547,0.05555555555555547,0.044444444444444446,0.06111111111111111,0.044444444444444446,0.06111111111111111,0.10457101961917868,0.08962145202981305,0.2042175525727641,0.0022069796507645806,0.009995002866086417,0.002898459163554425,-1.721849963511497,0.95,volatility_qlike,descriptive_only
rs_future_7,price_only,rf,sym_conformal,444,1440,1440,1440,1,0.8895833333333333,-0.060416666666666674,0.060416666666666674,0.05,0.06041666666666667,0.05,0.06041666666666667,0.10117469339030459,0.0861792876823941,0.18269613353487044,0.0017441891446150196,0.009764772221122969,0.0028232141937566445,-1.7243529056618643,0.95,volatility_qlike,descriptive_only
rs_future_7,price_only,rf,sym_conformal,555,1440,1440,1440,1,0.8923611111111112,-0.057638888888888795,0.057638888888888795,0.04652777777777778,0.06111111111111111,0.04652777777777778,0.06111111111111111,0.10732645810665642,0.08992031355518185,0.21961278673381274,0.00254841531511165,0.010180210256399954,0.002941904353233572,-1.719922159529982,0.95,volatility_qlike,descriptive_only
rs_future_7,price_only,rf,sym_conformal,666,1440,1440,1440,1,0.8888888888888888,-0.061111111111111116,0.061111111111111116,0.05,0.06111111111111111,0.05,0.06111111111111111,0.10726113551009732,0.08907910820780804,0.2193468108528043,0.0024729851725028055,0.010188517791681957,0.003010685098817207,-1.719777557754392,0.95,volatility_qlike,descriptive_only
rs_future_7,price_only,ridge,cqr,111,1440,1440,1440,1,0.98125,0.03125,0.03125,0.01875,0.0,0.01875,0.0,0.17782320309177763,0.17730699394910515,0.1809499157173975,0.0010877529637859072,0.00844181116957688,0.003435994929148932,-1.727906084635426,0.95,volatility_qlike,descriptive_only
rs_future_7,price_only,ridge,cqr,222,1440,1440,1440,1,0.98125,0.03125,0.03125,0.01875,0.0,0.01875,0.0,0.17782320309177763,0.17730699394910515,0.1809499157173975,0.0010877529637859072,0.008442765189775148,0.003435994929148932,-1.727896469083291,0.95,volatility_qlike,descriptive_only
rs_future_7,price_only,ridge,cqr,333,1440,1440,1440,1,0.98125,0.03125,0.03125,0.01875,0.0,0.01875,0.0,0.17782320309177763,0.17730699394910515,0.1809499157173975,0.0010877529637859072,0.00842758995153115,0.003435994929148932,-1.728104140145753,0.95,volatility_qlike,descriptive_only
rs_future_7,price_only,ridge,cqr,444,1440,1440,1440,1,0.98125,0.03125,0.03125,0.01875,0.0,0.01875,0.0,0.17782320309177763,0.17730699394910515,0.1809499157173975,0.0010877529637859072,0.008421981415510708,0.003435994929148932,-1.7280950441543792,0.95,volatility_qlike,descriptive_only
rs_future_7,price_only,ridge,cqr,555,1440,1440,1440,1,0.98125,0.03125,0.03125,0.01875,0.0,0.01875,0.0,0.17782320309177763,0.17730699394910515,0.1809499157173975,0.0010877529637859072,0.008445596618502183,0.003435994929148932,-1.727904735217044,0.95,volatility_qlike,descriptive_only
rs_future_7,price_only,ridge,cqr,666,1440,1440,1440,1,0.98125,0.03125,0.03125,0.01875,0.0,0.01875,0.0,0.17782320309177763,0.17730699394910515,0.1809499157173975,0.0010877529637859072,0.00844955612942689,0.003435994929148932,-1.727833161775767,0.95,volatility_qlike,descriptive_only
rs_future_7,price_only,ridge,raw_quantile,111,1440,1440,1440,1,0.98125,0.03125,0.03125,0.01875,0.0,0.01875,0.0,0.17695059813663672,0.1760021451244489,0.18068024627710572,0.0010919187897178756,0.00844181116957688,0.003425087367209671,-1.727906084635426,0.95,volatility_qlike,descriptive_only
rs_future_7,price_only,ridge,raw_quantile,222,1440,1440,1440,1,0.98125,0.03125,0.03125,0.01875,0.0,0.01875,0.0,0.17695059813663672,0.1760021451244489,0.18068024627710572,0.0010919187897178756,0.008442765189775148,0.003425087367209671,-1.727896469083291,0.95,volatility_qlike,descriptive_only
rs_future_7,price_only,ridge,raw_quantile,333,1440,1440,1440,1,0.98125,0.03125,0.03125,0.01875,0.0,0.01875,0.0,0.17695059813663672,0.1760021451244489,0.18068024627710572,0.0010919187897178756,0.00842758995153115,0.003425087367209671,-1.728104140145753,0.95,volatility_qlike,descriptive_only
rs_future_7,price_only,ridge,raw_quantile,444,1440,1440,1440,1,0.98125,0.03125,0.03125,0.01875,0.0,0.01875,0.0,0.17695059813663672,0.1760021451244489,0.18068024627710572,0.0010919187897178756,0.008421981415510708,0.003425087367209671,-1.7280950441543792,0.95,volatility_qlike,descriptive_only
rs_future_7,price_only,ridge,raw_quantile,555,1440,1440,1440,1,0.98125,0.03125,0.03125,0.01875,0.0,0.01875,0.0,0.17695059813663672,0.1760021451244489,0.18068024627710572,0.0010919187897178756,0.008445596618502183,0.003425087367209671,-1.727904735217044,0.95,volatility_qlike,descriptive_only
rs_future_7,price_only,ridge,raw_quantile,666,1440,1440,1440,1,0.98125,0.03125,0.03125,0.01875,0.0,0.01875,0.0,0.17695059813663672,0.1760021451244489,0.18068024627710572,0.0010919187897178756,0.00844955612942689,0.003425087367209671,-1.727833161775767,0.95,volatility_qlike,descriptive_only
rs_future_7,price_only,ridge,regime_cqr,111,1440,1440,1440,1,0.98125,0.03125,0.03125,0.01875,0.0,0.01875,0.0,0.17722984711788697,0.1771483936216242,0.18035655974350684,0.0010803360141122746,0.00844181116957688,0.003428577979475299,-1.727906084635426,0.95,volatility_qlike,descriptive_only
rs_future_7,price_only,ridge,regime_cqr,222,1440,1440,1440,1,0.98125,0.03125,0.03125,0.01875,0.0,0.01875,0.0,0.17722984711788697,0.1771483936216242,0.18035655974350684,0.0010803360141122746,0.008442765189775148,0.003428577979475299,-1.727896469083291,0.95,volatility_qlike,descriptive_only
rs_future_7,price_only,ridge,regime_cqr,333,1440,1440,1440,1,0.98125,0.03125,0.03125,0.01875,0.0,0.01875,0.0,0.17722984711788697,0.1771483936216242,0.18035655974350684,0.0010803360141122746,0.00842758995153115,0.003428577979475299,-1.728104140145753,0.95,volatility_qlike,descriptive_only
rs_future_7,price_only,ridge,regime_cqr,444,1440,1440,1440,1,0.98125,0.03125,0.03125,0.01875,0.0,0.01875,0.0,0.17722984711788697,0.1771483936216242,0.18035655974350684,0.0010803360141122746,0.008421981415510708,0.003428577979475299,-1.7280950441543792,0.95,volatility_qlike,descriptive_only
rs_future_7,price_only,ridge,regime_cqr,555,1440,1440,1440,1,0.98125,0.03125,0.03125,0.01875,0.0,0.01875,0.0,0.17722984711788697,0.1771483936216242,0.18035655974350684,0.0010803360141122746,0.008445596618502183,0.003428577979475299,-1.727904735217044,0.95,volatility_qlike,descriptive_only
rs_future_7,price_only,ridge,regime_cqr,666,1440,1440,1440,1,0.98125,0.03125,0.03125,0.01875,0.0,0.01875,0.0,0.17722984711788697,0.1771483936216242,0.18035655974350684,0.0010803360141122746,0.00844955612942689,0.003428577979475299,-1.727833161775767,0.95,volatility_qlike,descriptive_only
rs_future_7,price_only,ridge,regime_sym_conformal,111,1440,1440,1440,1,0.9034722222222222,-0.046527777777777724,0.046527777777777724,0.049305555555555554,0.04722222222222222,0.049305555555555554,0.04722222222222222,0.10394431821227575,0.100709682093003,0.17004373225481034,0.0017296897704155928,0.009879936165679363,0.002521403535954569,-1.725887862207714,0.95,volatility_qlike,descriptive_only
rs_future_7,price_only,ridge,regime_sym_conformal,222,1440,1440,1440,1,0.9034722222222222,-0.046527777777777724,0.046527777777777724,0.049305555555555554,0.04722222222222222,0.049305555555555554,0.04722222222222222,0.10394347021018227,0.1007071613021645,0.17004230055597797,0.001729653608802651,0.00987983721192225,0.002521403905096702,-1.7258885412707412,0.95,volatility_qlike,descriptive_only
rs_future_7,price_only,ridge,regime_sym_conformal,333,1440,1440,1440,1,0.9034722222222222,-0.046527777777777724,0.046527777777777724,0.049305555555555554,0.04722222222222222,0.049305555555555554,0.04722222222222222,0.10395748730089076,0.1007494572307665,0.17006575762862275,0.0017302477594954213,0.00988147911999274,0.0025213961812200507,-1.72587734173586,0.95,volatility_qlike,descriptive_only
rs_future_7,price_only,ridge,regime_sym_conformal,444,1440,1440,1440,1,0.9041666666666667,-0.04583333333333328,0.04583333333333328,0.049305555555555554,0.04652777777777778,0.049305555555555554,0.04652777777777778,0.1039641976182451,0.1007702011493637,0.17007697007912428,0.001730529381141578,0.009882273946758358,0.0025213948708364335,-1.7258720001654029,0.95,volatility_qlike,descriptive_only
rs_future_7,price_only,ridge,regime_sym_conformal,555,1440,1440,1440,1,0.9034722222222222,-0.046527777777777724,0.046527777777777724,0.049305555555555554,0.04722222222222222,0.049305555555555554,0.04722222222222222,0.10393888902599964,0.1006957968900916,0.17003395120227757,0.0017294537979944992,0.009879291459254981,0.002521394982062345,-1.7258922957476286,0.95,volatility_qlike,descriptive_only
rs_future_7,price_only,ridge,regime_sym_conformal,666,1440,1440,1440,1,0.9034722222222222,-0.046527777777777724,0.046527777777777724,0.049305555555555554,0.04722222222222222,0.049305555555555554,0.04722222222222222,0.10393759779255117,0.1007060623926656,0.17002795109626764,0.0017293726264391465,0.009879063737726384,0.0025213261509674486,-1.7258938669668193,0.95,volatility_qlike,descriptive_only
rs_future_7,price_only,ridge,sym_conformal,111,1440,1440,1440,1,0.9201388888888888,-0.029861111111111116,0.029861111111111116,0.03819444444444445,0.041666666666666664,0.03819444444444445,0.041666666666666664,0.10533084740243326,0.09834575131727444,0.16643756514250524,0.0016812079385681324,0.009879936165679363,0.0024797311899944,-1.725887862207714,0.95,volatility_qlike,descriptive_only
rs_future_7,price_only,ridge,sym_conformal,222,1440,1440,1440,1,0.9201388888888888,-0.029861111111111116,0.029861111111111116,0.03819444444444445,0.041666666666666664,0.03819444444444445,0.041666666666666664,0.10532968561944672,0.09834562314453635,0.16643656749701996,0.0016811900806104657,0.00987983721192225,0.002479724106814937,-1.7258885412707412,0.95,volatility_qlike,descriptive_only
rs_future_7,price_only,ridge,sym_conformal,333,1440,1440,1440,1,0.9201388888888888,-0.029861111111111116,0.029861111111111116,0.03819444444444445,0.041666666666666664,0.03819444444444445,0.041666666666666664,0.10534901467345242,0.0983479859062531,0.16645262484246537,0.0016814739744573793,0.00988147911999274,0.002479841646604159,-1.72587734173586,0.95,volatility_qlike,descriptive_only
rs_future_7,price_only,ridge,sym_conformal,444,1440,1440,1440,1,0.9208333333333333,-0.029166666666666674,0.029166666666666674,0.03819444444444445,0.04097222222222222,0.03819444444444445,0.04097222222222222,0.1053583649411856,0.09834930865730304,0.1664601142558277,0.001681600943193563,0.009882273946758358,0.002479901913202034,-1.7258720001654029,0.95,volatility_qlike,descriptive_only
rs_future_7,price_only,ridge,sym_conformal,555,1440,1440,1440,1,0.9201388888888888,-0.029861111111111116,0.029861111111111116,0.03819444444444445,0.041666666666666664,0.03819444444444445,0.041666666666666664,0.10532318167895001,0.09834494811446914,0.1664314110828858,0.0016810894831179807,0.009879291459254981,0.0024796957939540684,-1.7258922957476286,0.95,volatility_qlike,descriptive_only
rs_future_7,price_only,ridge,sym_conformal,666,1440,1440,1440,1,0.9201388888888888,-0.029861111111111116,0.029861111111111116,0.03819444444444445,0.041666666666666664,0.03819444444444445,0.041666666666666664,0.10531984707617216,0.09834468223024515,0.1664317225822174,0.0016810440772549846,0.009879063737726384,0.002479748987300354,-1.7258938669668193,0.95,volatility_qlike,descriptive_only
rv_future_7,full,gbr,cqr,111,1440,1440,1440,1,0.9736111111111111,0.023611111111111138,0.023611111111111138,0.018055555555555554,0.008333333333333333,0.018055555555555554,0.008333333333333333,0.1709918421471251,0.159998522487232,0.17974557737431482,0.0011934523059169136,0.012317131185350607,0.0033001871284408617,-1.7179077206507207,0.95,volatility_qlike,descriptive_only
rv_future_7,full,gbr,cqr,222,1440,1440,1440,1,0.9756944444444444,0.025694444444444464,0.025694444444444464,0.01597222222222222,0.008333333333333333,0.01597222222222222,0.008333333333333333,0.1742234539116139,0.166483507852852,0.18258603839731782,0.0012016950157299592,0.012682774532887953,0.0033629559442028903,-1.7139595356417219,0.95,volatility_qlike,descriptive_only
rv_future_7,full,gbr,cqr,333,1440,1440,1440,1,0.9770833333333333,0.027083333333333348,0.027083333333333348,0.016666666666666666,0.00625,0.016666666666666666,0.00625,0.1784412859993175,0.1712394408991765,0.18485612910823718,0.0012191688274583027,0.012982961979540608,0.003402234400247533,-1.7108077846986545,0.95,volatility_qlike,descriptive_only
rv_future_7,full,gbr,cqr,444,1440,1440,1440,1,0.9784722222222222,0.028472222222222232,0.028472222222222232,0.015277777777777777,0.00625,0.015277777777777777,0.00625,0.1776003339175354,0.17204901216211244,0.18440720550973938,0.0012278243684903066,0.012930617282564477,0.0033823557692530845,-1.7112686076861898,0.95,volatility_qlike,descriptive_only
rv_future_7,full,gbr,cqr,555,1440,1440,1440,1,0.9777777777777777,0.02777777777777779,0.02777777777777779,0.01597222222222222,0.00625,0.01597222222222222,0.00625,0.17811019572551862,0.1711800653772324,0.18448166063568666,0.0012254728052238568,0.01281089604274088,0.003386568710668215,-1.7124466102661333,0.95,volatility_qlike,descriptive_only
rv_future_7,full,gbr,cqr,666,1440,1440,1440,1,0.9784722222222222,0.028472222222222232,0.028472222222222232,0.015277777777777777,0.00625,0.015277777777777777,0.00625,0.17884673808335377,0.1713864436319218,0.18512998349714307,0.0012326553855169498,0.012970791079269168,0.0033955942019115327,-1.7109233188576325,0.95,volatility_qlike,descriptive_only
rv_future_7,full,gbr,raw_quantile,111,1440,1440,1440,1,0.9590277777777778,0.009027777777777857,0.009027777777777857,0.03263888888888889,0.008333333333333333,0.03263888888888889,0.008333333333333333,0.1645398686026767,0.158765250040927,0.1750717380217991,0.0011618931940966415,0.012317131185350607,0.0032149002564482413,-1.7179077206507207,0.95,volatility_qlike,descriptive_only
rv_future_7,full,gbr,raw_quantile,222,1440,1440,1440,1,0.9611111111111111,0.011111111111111183,0.011111111111111183,0.030555555555555555,0.008333333333333333,0.030555555555555555,0.008333333333333333,0.16814412443360133,0.1632491800628107,0.17808683165865263,0.001169022082958677,0.012682774532887953,0.0032831487085075452,-1.7139595356417219,0.95,volatility_qlike,descriptive_only
rv_future_7,full,gbr,raw_quantile,333,1440,1440,1440,1,0.9625,0.012500000000000067,0.012500000000000067,0.03125,0.00625,0.03125,0.00625,0.17264089877822672,0.1677604325430924,0.18060747954200013,0.0011876740252150986,0.012982961979540608,0.003327512963334811,-1.7108077846986545,0.95,volatility_qlike,descriptive_only
rv_future_7,full,gbr,raw_quantile,444,1440,1440,1440,1,0.9618055555555556,0.011805555555555625,0.011805555555555625,0.03194444444444444,0.00625,0.03194444444444444,0.00625,0.17167977212620253,0.1680225827005687,0.1806920149264,0.001210492444724687,0.012930617282564477,0.0033068079284352195,-1.7112686076861898,0.95,volatility_qlike,descriptive_only
rv_future_7,full,gbr,raw_quantile,555,1440,1440,1440,1,0.9597222222222223,0.009722222222222299,0.009722222222222299,0.034027777777777775,0.00625,0.034027777777777775,0.00625,0.17219568236966337,0.1682999795603257,0.180718695211881,0.0012069580744077275,0.01281089604274088,0.0033110093058892035,-1.7124466102661333,0.95,volatility_qlike,descriptive_only
rv_future_7,full,gbr,raw_quantile,666,1440,1440,1440,1,0.9625,0.012500000000000067,0.012500000000000067,0.03125,0.00625,0.03125,0.00625,0.17301672442006236,0.1684809037875239,0.18158285560940474,0.0012180836008065864,0.012970791079269168,0.003321487789428438,-1.7109233188576325,0.95,volatility_qlike,descriptive_only
rv_future_7,full,gbr,regime_cqr,111,1440,1440,1440,1,0.9708333333333333,0.02083333333333337,0.02083333333333337,0.020833333333333332,0.008333333333333333,0.020833333333333332,0.008333333333333333,0.17066129757644524,0.1603723536837595,0.17965563530355244,0.0011956447231088374,0.012317131185350607,0.0032957461594798807,-1.7179077206507207,0.95,volatility_qlike,descriptive_only
rv_future_7,full,gbr,regime_cqr,222,1440,1440,1440,1,0.9736111111111111,0.023611111111111138,0.023611111111111138,0.018055555555555554,0.008333333333333333,0.018055555555555554,0.008333333333333333,0.17388943150564115,0.166483507852852,0.18245294417192615,0.0012032409170303238,0.012682774532887953,0.0033580826872677346,-1.7139595356417219,0.95,volatility_qlike,descriptive_only
rv_future_7,full,gbr,regime_cqr,333,1440,1440,1440,1,0.975,0.025000000000000022,0.025000000000000022,0.01875,0.00625,0.01875,0.00625,0.17799200972977694,0.1712394408991765,0.18462804644644729,0.0012193301080600028,0.012982961979540608,0.0033963710531010856,-1.7108077846986545,0.95,volatility_qlike,descriptive_only
rv_future_7,full,gbr,regime_cqr,444,1440,1440,1440,1,0.9763888888888889,0.026388888888888906,0.026388888888888906,0.017361111111111112,0.00625,0.017361111111111112,0.00625,0.1770680483465499,0.17204901216211244,0.18408483726458053,0.0012266661257758437,0.012930617282564477,0.003375454805838576,-1.7112686076861898,0.95,volatility_qlike,descriptive_only
rv_future_7,full,gbr,regime_cqr,555,1440,1440,1440,1,0.9756944444444444,0.025694444444444464,0.025694444444444464,0.018055555555555554,0.00625,0.018055555555555554,0.00625,0.17763326397157642,0.1711800653772324,0.18422817252431384,0.0012253446431410055,0.01281089604274088,0.003380359669966748,-1.7124466102661333,0.95,volatility_qlike,descriptive_only
rv_future_7,full,gbr,regime_cqr,666,1440,1440,1440,1,0.9763888888888889,0.026388888888888906,0.026388888888888906,0.017361111111111112,0.00625,0.017361111111111112,0.00625,0.1782852911365579,0.1713864436319218,0.18474660625600012,0.0012303364351005154,0.012970791079269168,0.003388328721299393,-1.7109233188576325,0.95,volatility_qlike,descriptive_only
rv_future_7,full,gbr,regime_sym_conformal,111,1440,1440,1440,1,0.8673611111111111,-0.08263888888888882,0.08263888888888882,0.0875,0.04513888888888889,0.0875,0.04513888888888889,0.12010064967925137,0.1130697634639912,0.18891726054191157,0.0018168419224230841,0.01458196975205373,0.0029060895911246086,-1.6978150087889277,0.95,volatility_qlike,descriptive_only
rv_future_7,full,gbr,regime_sym_conformal,222,1440,1440,1440,1,0.8430555555555556,-0.1069444444444444,0.1069444444444444,0.09375,0.06319444444444444,0.09375,0.06319444444444444,0.11537754971205384,0.1121828427723632,0.19581658825349374,0.0017722036652621116,0.014746261737444269,0.0031232110410751362,-1.694646011211344,0.95,volatility_qlike,descriptive_only
rv_future_7,full,gbr,regime_sym_conformal,333,1440,1440,1440,1,0.8548611111111111,-0.09513888888888888,0.09513888888888888,0.08333333333333333,0.06180555555555556,0.08333333333333333,0.06180555555555556,0.11581859536007962,0.1098436194502721,0.1953554216802752,0.0017185037482566985,0.015055540683814164,0.0031653817937500866,-1.6903876200633319,0.95,volatility_qlike,descriptive_only
rv_future_7,full,gbr,regime_sym_conformal,444,1440,1440,1440,1,0.8694444444444445,-0.08055555555555549,0.08055555555555549,0.07847222222222222,0.052083333333333336,0.07847222222222222,0.052083333333333336,0.11733859355831527,0.1092860044762731,0.1898555465520132,0.0017101952475629969,0.015232776641227885,0.003036193416237239,-1.6890530890101694,0.95,volatility_qlike,descriptive_only
rv_future_7,full,gbr,regime_sym_conformal,555,1440,1440,1440,1,0.8597222222222223,-0.09027777777777768,0.09027777777777768,0.0875,0.05277777777777778,0.0875,0.05277777777777778,0.11877754728089557,0.1127622033099241,0.19468553357791685,0.0018525469503860223,0.01501433245907909,0.003014591389061805,-1.692185709069748,0.95,volatility_qlike,descriptive_only
rv_future_7,full,gbr,regime_sym_conformal,666,1440,1440,1440,1,0.8701388888888889,-0.07986111111111105,0.07986111111111105,0.07569444444444444,0.05416666666666667,0.07569444444444444,0.05416666666666667,0.11657687015301008,0.10946614311209,0.1882791780148878,0.0016686287821323293,0.01510270687498796,0.0030383506682397717,-1.690020955586788,0.95,volatility_qlike,descriptive_only
rv_future_7,full,gbr,sym_conformal,111,1440,1440,1440,1,0.8819444444444444,-0.06805555555555554,0.06805555555555554,0.07430555555555556,0.04375,0.07430555555555556,0.04375,0.12247141685847822,0.1146259289138888,0.18319933672579788,0.0017406961028026944,0.01458196975205373,0.0028392873153421576,-1.6978150087889277,0.95,volatility_qlike,descriptive_only
rv_future_7,full,gbr,sym_conformal,222,1440,1440,1440,1,0.8666666666666667,-0.08333333333333326,0.08333333333333326,0.07847222222222222,0.05486111111111111,0.07847222222222222,0.05486111111111111,0.11905638414642361,0.1148988531984384,0.18438530664702923,0.0016259417663775665,0.014746261737444269,0.00298369089979807,-1.694646011211344,0.95,volatility_qlike,descriptive_only
rv_future_7,full,gbr,sym_conformal,333,1440,1440,1440,1,0.8847222222222222,-0.06527777777777777,0.06527777777777777,0.06527777777777778,0.05,0.06527777777777778,0.05,0.12053751564606437,0.11584608108518546,0.17866888880234436,0.0015058779253584846,0.015055540683814164,0.002960844294700032,-1.6903876200633319,0.95,volatility_qlike,descriptive_only
rv_future_7,full,gbr,sym_conformal,444,1440,1440,1440,1,0.8875,-0.0625,0.0625,0.06736111111111111,0.04513888888888889,0.06736111111111111,0.04513888888888889,0.12084611672164694,0.114133843493126,0.1828694128807005,0.0016134530259784108,0.015232776641227885,0.002958282296039006,-1.6890530890101694,0.95,volatility_qlike,descriptive_only
rv_future_7,full,gbr,sym_conformal,555,1440,1440,1440,1,0.8826388888888889,-0.0673611111111111,0.0673611111111111,0.07222222222222222,0.04513888888888889,0.07222222222222222,0.04513888888888889,0.12246466021040732,0.11630181165039655,0.18616761241827864,0.0017415259207462282,0.01501433245907909,0.0029126643897106454,-1.692185709069748,0.95,volatility_qlike,descriptive_only
rv_future_7,full,gbr,sym_conformal,666,1440,1440,1440,1,0.8875,-0.0625,0.0625,0.06458333333333334,0.04791666666666667,0.06458333333333334,0.04791666666666667,0.12057695001048635,0.11553283849989596,0.179894733325766,0.0015506233124583512,0.01510270687498796,0.002946745020685705,-1.690020955586788,0.95,volatility_qlike,descriptive_only
rv_future_7,full,gru,cqr,111,1440,1440,1440,1,0.9555555555555556,0.005555555555555647,0.005555555555555647,0.020833333333333332,0.02361111111111111,0.020833333333333332,0.02361111111111111,0.18687154637564313,0.17894577313331628,0.21262732080164884,0.0016983407424350481,0.015100237866041151,0.0036173422776060774,48561.61486226464,0.95,volatility_qlike,descriptive_only
rv_future_7,full,gru,cqr,222,1440,1440,1440,1,0.9736111111111111,0.023611111111111138,0.023611111111111138,0.013194444444444444,0.013194444444444444,0.013194444444444444,0.013194444444444444,0.19763405692090943,0.18894449621438975,0.21312675177860538,0.001602036977354377,0.015292499046437917,0.0037261318171106623,-1.6564932644122197,0.95,volatility_qlike,descriptive_only
rv_future_7,full,gru,cqr,333,1440,1440,1440,1,0.8895833333333333,-0.060416666666666674,0.060416666666666674,0.03263888888888889,0.07777777777777778,0.03263888888888889,0.07777777777777778,0.17686674374492922,0.1674188797450103,0.28206314609653416,0.001706923809388016,0.015477250749537368,0.005344654843025241,154199.14970460683,0.95,volatility_qlike,descriptive_only
rv_future_7,full,gru,cqr,444,1440,1440,1440,1,0.9326388888888889,-0.01736111111111105,0.01736111111111105,0.022916666666666665,0.044444444444444446,0.022916666666666665,0.044444444444444446,0.18867302092598365,0.17648820579051966,0.25145925629029386,0.0015557569858346831,0.013727627250017171,0.004730724421422568,56726.103602799885,0.95,volatility_qlike,descriptive_only
rv_future_7,full,gru,cqr,555,1440,1440,1440,1,0.9513888888888888,0.001388888888888884,0.001388888888888884,0.019444444444444445,0.029166666666666667,0.019444444444444445,0.029166666666666667,0.19359733732641607,0.1823821291327476,0.22637997982217004,0.0017225145245592262,0.017417999681789906,0.003936984970994929,196440.75645488012,0.95,volatility_qlike,descriptive_only
rv_future_7,full,gru,cqr,666,1440,1440,1440,1,0.9444444444444444,-0.005555555555555536,0.005555555555555536,0.004861111111111111,0.050694444444444445,0.004861111111111111,0.050694444444444445,0.17697474858376136,0.1544337470511679,0.23405617321126385,0.0016212369543514244,0.019027499544391875,0.004230167375930075,574907.4978389113,0.95,volatility_qlike,descriptive_only
rv_future_7,full,gru,raw_quantile,111,1440,1440,1440,1,0.9138888888888889,-0.036111111111111094,0.036111111111111094,0.027777777777777776,0.058333333333333334,0.027777777777777776,0.058333333333333334,0.165816435101442,0.16115185990929598,0.22726150186510302,0.001612174093982652,0.015100237866041151,0.004069363452644829,48561.61486226464,0.95,volatility_qlike,descriptive_only
rv_future_7,full,gru,raw_quantile,222,1440,1440,1440,1,0.9590277777777778,0.009027777777777857,0.009027777777777857,0.018055555555555554,0.022916666666666665,0.018055555555555554,0.022916666666666665,0.1909305554241453,0.18344460427761075,0.21194804268148965,0.0016018906219998894,0.015292499046437917,0.0036968104450372575,-1.6564932644122197,0.95,volatility_qlike,descriptive_only
rv_future_7,full,gru,raw_quantile,333,1440,1440,1440,1,0.8277777777777777,-0.12222222222222223,0.12222222222222223,0.06597222222222222,0.10625,0.06597222222222222,0.10625,0.15886226381375712,0.14989118278026575,0.33721818550385013,0.0024337645568694158,0.015477250749537368,0.005996690080726741,154199.14970460683,0.95,volatility_qlike,descriptive_only
rv_future_7,full,gru,raw_quantile,444,1440,1440,1440,1,0.9,-0.04999999999999993,0.04999999999999993,0.034027777777777775,0.06597222222222222,0.034027777777777775,0.06597222222222222,0.17125569869749596,0.16102728527039284,0.2688945672002816,0.0015195049485569783,0.013727627250017171,0.005202859231449966,56726.103602799885,0.95,volatility_qlike,descriptive_only
rv_future_7,full,gru,raw_quantile,555,1440,1440,1440,1,0.8833333333333333,-0.06666666666666665,0.06666666666666665,0.04583333333333333,0.07083333333333333,0.04583333333333333,0.07083333333333333,0.16896542476448403,0.16125860810279846,0.281915665439832,0.0021842537661429726,0.017417999681789906,0.004863637869852732,196440.75645488012,0.95,volatility_qlike,descriptive_only
rv_future_7,full,gru,raw_quantile,666,1440,1440,1440,1,0.7645833333333333,-0.18541666666666667,0.18541666666666667,0.044444444444444446,0.1909722222222222,0.044444444444444446,0.1909722222222222,0.13149877796208276,0.11647865176200864,0.40966055370225524,0.0020533227792486385,0.019027499544391875,0.008188191063307646,574907.4978389113,0.95,volatility_qlike,descriptive_only
rv_future_7,full,gru,regime_cqr,111,1440,1440,1440,1,0.9555555555555556,0.005555555555555647,0.005555555555555647,0.020833333333333332,0.02361111111111111,0.020833333333333332,0.02361111111111111,0.18725153511535983,0.1796480733901262,0.21310356486436619,0.001700995408765684,0.015100237866041151,0.003626593712843377,48561.61486226464,0.95,volatility_qlike,descriptive_only
rv_future_7,full,gru,regime_cqr,222,1440,1440,1440,1,0.9736111111111111,0.023611111111111138,0.023611111111111138,0.013194444444444444,0.013194444444444444,0.013194444444444444,0.013194444444444444,0.19745471794483582,0.18894449621438975,0.21294741280253177,0.0016012835715729608,0.015292499046437917,0.0037224017484902374,-1.6564932644122197,0.95,volatility_qlike,descriptive_only
rv_future_7,full,gru,regime_cqr,333,1440,1440,1440,1,0.8895833333333333,-0.060416666666666674,0.060416666666666674,0.03263888888888889,0.07777777777777778,0.03263888888888889,0.07777777777777778,0.17777619850833812,0.16760397702455515,0.28351614361356525,0.0017272342826397304,0.015477250749537368,0.005360669307699306,154199.14970460683,0.95,volatility_qlike,descriptive_only
rv_future_7,full,gru,regime_cqr,444,1440,1440,1440,1,0.9319444444444445,-0.01805555555555549,0.01805555555555549,0.022916666666666665,0.04513888888888889,0.022916666666666665,0.04513888888888889,0.18584484172760676,0.17504385113716125,0.2478679906817301,0.0015115893159945168,0.013727627250017171,0.004685110451048641,56726.103602799885,0.95,volatility_qlike,descriptive_only
rv_future_7,full,gru,regime_cqr,555,1440,1440,1440,1,0.9430555555555555,-0.00694444444444442,0.00694444444444442,0.030555555555555555,0.02638888888888889,0.030555555555555555,0.02638888888888889,0.192631827841505,0.18114126008003945,0.23442396874213545,0.0019740050842390272,0.017417999681789906,0.003886594134314262,196440.75645488012,0.95,volatility_qlike,descriptive_only
rv_future_7,full,gru,regime_cqr,666,1440,1440,1440,1,0.9333333333333333,-0.016666666666666607,0.016666666666666607,0.007638888888888889,0.059027777777777776,0.007638888888888889,0.059027777777777776,0.17566222726155964,0.15316336890425014,0.2467559829590056,0.0016366235281654149,0.019027499544391875,0.00453227604580963,574907.4978389113,0.95,volatility_qlike,descriptive_only
rv_future_7,full,gru,regime_sym_conformal,111,1440,1440,1440,1,0.8847222222222222,-0.06527777777777777,0.06527777777777777,0.059722222222222225,0.05555555555555555,0.059722222222222225,0.05555555555555555,0.1347715928516034,0.12973061177625686,0.2393522061903242,0.002442134019742168,0.017298200910636722,0.0035416711350158415,200709.7843274767,0.95,volatility_qlike,descriptive_only
rv_future_7,full,gru,regime_sym_conformal,222,1440,1440,1440,1,0.8638888888888889,-0.08611111111111103,0.08611111111111103,0.07777777777777778,0.058333333333333334,0.07777777777777778,0.058333333333333334,0.13011177434886262,0.1194609755816283,0.22961863354626588,0.0020805906829685704,0.015918231317312494,0.0036598751556879824,-1.669974764071603,0.95,volatility_qlike,descriptive_only
rv_future_7,full,gru,regime_sym_conformal,333,1440,1440,1440,1,0.8902777777777777,-0.05972222222222223,0.05972222222222223,0.04097222222222222,0.06875,0.04097222222222222,0.06875,0.1314777224819504,0.1243551756498982,0.20643673269797616,0.0019402939184539841,0.01765738699692985,0.0032206243989953234,348923.8102053594,0.95,volatility_qlike,descriptive_only
rv_future_7,full,gru,regime_sym_conformal,444,1440,1440,1440,1,0.86875,-0.08124999999999993,0.08124999999999993,0.06041666666666667,0.07083333333333333,0.06041666666666667,0.07083333333333333,0.13105426377918108,0.1181529341509838,0.23718114756477043,0.002156120836474782,0.0174768088641882,0.003773407852644385,11321.169570081413,0.95,volatility_qlike,descriptive_only
rv_future_7,full,gru,regime_sym_conformal,555,1440,1440,1440,1,0.8875,-0.0625,0.0625,0.03125,0.08125,0.03125,0.08125,0.14151850224365067,0.1308129606961754,0.23894029593788213,0.002076522603546256,0.02002601633355387,0.0038969847949007004,489831.7483813511,0.95,volatility_qlike,descriptive_only
rv_future_7,full,gru,regime_sym_conformal,666,1440,1440,1440,1,0.8972222222222223,-0.0527777777777777,0.0527777777777777,0.0375,0.06527777777777778,0.0375,0.06527777777777778,0.13775666634865655,0.12988957031129825,0.22531227873146378,0.0020725241736872088,0.019482069164786175,0.003560282794599289,667203.9290744866,0.95,volatility_qlike,descriptive_only
rv_future_7,full,gru,sym_conformal,111,1440,1440,1440,1,0.8965277777777778,-0.05347222222222214,0.05347222222222214,0.04861111111111111,0.05486111111111111,0.04861111111111111,0.05486111111111111,0.13900414708898298,0.13704114407300944,0.23415906122217045,0.0022595319235919186,0.017298200910636722,0.0035944446069622457,200709.7843274767,0.95,volatility_qlike,descriptive_only
rv_future_7,full,gru,sym_conformal,222,1440,1440,1440,1,0.8736111111111111,-0.07638888888888884,0.07638888888888884,0.06736111111111111,0.059027777777777776,0.06736111111111111,0.059027777777777776,0.13190589468124217,0.1246857270598411,0.23043963701267467,0.002001604943300314,0.015918231317312494,0.0037593859820164574,-1.669974764071603,0.95,volatility_qlike,descriptive_only
rv_future_7,full,gru,sym_conformal,333,1440,1440,1440,1,0.9083333333333333,-0.04166666666666663,0.04166666666666663,0.027777777777777776,0.06388888888888888,0.027777777777777776,0.06388888888888888,0.13414237024779946,0.1283803656697273,0.197126399727082,0.0017651704179575138,0.01765738699692985,0.0031629895752194413,348923.8102053594,0.95,volatility_qlike,descriptive_only
rv_future_7,full,gru,sym_conformal,444,1440,1440,1440,1,0.9034722222222222,-0.046527777777777724,0.046527777777777724,0.041666666666666664,0.05486111111111111,0.041666666666666664,0.05486111111111111,0.13760814631823448,0.12407919019460675,0.2103914117602448,0.0018704519393602705,0.0174768088641882,0.003389333354645754,11321.169570081413,0.95,volatility_qlike,descriptive_only
rv_future_7,full,gru,sym_conformal,555,1440,1440,1440,1,0.8986111111111111,-0.05138888888888882,0.05138888888888882,0.027083333333333334,0.07430555555555556,0.027083333333333334,0.07430555555555556,0.14329853987631697,0.132841907441616,0.23703119197801273,0.001980215452964723,0.02002601633355387,0.003945564346485497,489831.7483813511,0.95,volatility_qlike,descriptive_only
rv_future_7,full,gru,sym_conformal,666,1440,1440,1440,1,0.9145833333333333,-0.03541666666666665,0.03541666666666665,0.02361111111111111,0.06180555555555556,0.02361111111111111,0.06180555555555556,0.13987609530643866,0.13094876706600184,0.21212265595777674,0.0017345235058173598,0.019482069164786175,0.0035685428931269618,667203.9290744866,0.95,volatility_qlike,descriptive_only
rv_future_7,full,har_ols,cqr,111,1440,1440,1440,1,0.9118055555555555,-0.03819444444444442,0.03819444444444442,0.04513888888888889,0.043055555555555555,0.04513888888888889,0.043055555555555555,0.20008894112734052,0.17599611119456865,0.26689896079229214,0.001847460528672252,0.013867498891197882,0.004825013491134958,62682.367743088405,0.95,volatility_qlike,descriptive_only
rv_future_7,full,har_ols,cqr,222,1440,1440,1440,1,0.9118055555555555,-0.03819444444444442,0.03819444444444442,0.04513888888888889,0.043055555555555555,0.04513888888888889,0.043055555555555555,0.20008894112734052,0.17599611119456865,0.26689896079229214,0.001847460528672252,0.013867498891197882,0.004825013491134958,62682.367743088405,0.95,volatility_qlike,descriptive_only
rv_future_7,full,har_ols,cqr,333,1440,1440,1440,1,0.9118055555555555,-0.03819444444444442,0.03819444444444442,0.04513888888888889,0.043055555555555555,0.04513888888888889,0.043055555555555555,0.20008894112734052,0.17599611119456865,0.26689896079229214,0.001847460528672252,0.013867498891197882,0.004825013491134958,62682.367743088405,0.95,volatility_qlike,descriptive_only
rv_future_7,full,har_ols,cqr,444,1440,1440,1440,1,0.9118055555555555,-0.03819444444444442,0.03819444444444442,0.04513888888888889,0.043055555555555555,0.04513888888888889,0.043055555555555555,0.20008894112734052,0.17599611119456865,0.26689896079229214,0.001847460528672252,0.013867498891197882,0.004825013491134958,62682.367743088405,0.95,volatility_qlike,descriptive_only
rv_future_7,full,har_ols,cqr,555,1440,1440,1440,1,0.9118055555555555,-0.03819444444444442,0.03819444444444442,0.04513888888888889,0.043055555555555555,0.04513888888888889,0.043055555555555555,0.20008894112734052,0.17599611119456865,0.26689896079229214,0.001847460528672252,0.013867498891197882,0.004825013491134958,62682.367743088405,0.95,volatility_qlike,descriptive_only
rv_future_7,full,har_ols,cqr,666,1440,1440,1440,1,0.9118055555555555,-0.03819444444444442,0.03819444444444442,0.04513888888888889,0.043055555555555555,0.04513888888888889,0.043055555555555555,0.20008894112734052,0.17599611119456865,0.26689896079229214,0.001847460528672252,0.013867498891197882,0.004825013491134958,62682.367743088405,0.95,volatility_qlike,descriptive_only
rv_future_7,full,har_ols,raw_quantile,111,1440,1440,1440,1,0.7229166666666667,-0.2270833333333333,0.2270833333333333,0.17152777777777778,0.10555555555555556,0.17152777777777778,0.10555555555555556,0.1585919655910915,0.14356002278608854,0.3633462131518019,0.0032328952508827815,0.013867498891197882,0.005850760077912175,62682.367743088405,0.95,volatility_qlike,descriptive_only
rv_future_7,full,har_ols,raw_quantile,222,1440,1440,1440,1,0.7229166666666667,-0.2270833333333333,0.2270833333333333,0.17152777777777778,0.10555555555555556,0.17152777777777778,0.10555555555555556,0.1585919655910915,0.14356002278608854,0.3633462131518019,0.0032328952508827815,0.013867498891197882,0.005850760077912175,62682.367743088405,0.95,volatility_qlike,descriptive_only
rv_future_7,full,har_ols,raw_quantile,333,1440,1440,1440,1,0.7229166666666667,-0.2270833333333333,0.2270833333333333,0.17152777777777778,0.10555555555555556,0.17152777777777778,0.10555555555555556,0.1585919655910915,0.14356002278608854,0.3633462131518019,0.0032328952508827815,0.013867498891197882,0.005850760077912175,62682.367743088405,0.95,volatility_qlike,descriptive_only
rv_future_7,full,har_ols,raw_quantile,444,1440,1440,1440,1,0.7229166666666667,-0.2270833333333333,0.2270833333333333,0.17152777777777778,0.10555555555555556,0.17152777777777778,0.10555555555555556,0.1585919655910915,0.14356002278608854,0.3633462131518019,0.0032328952508827815,0.013867498891197882,0.005850760077912175,62682.367743088405,0.95,volatility_qlike,descriptive_only
rv_future_7,full,har_ols,raw_quantile,555,1440,1440,1440,1,0.7229166666666667,-0.2270833333333333,0.2270833333333333,0.17152777777777778,0.10555555555555556,0.17152777777777778,0.10555555555555556,0.1585919655910915,0.14356002278608854,0.3633462131518019,0.0032328952508827815,0.013867498891197882,0.005850760077912175,62682.367743088405,0.95,volatility_qlike,descriptive_only
rv_future_7,full,har_ols,raw_quantile,666,1440,1440,1440,1,0.7229166666666667,-0.2270833333333333,0.2270833333333333,0.17152777777777778,0.10555555555555556,0.17152777777777778,0.10555555555555556,0.1585919655910915,0.14356002278608854,0.3633462131518019,0.0032328952508827815,0.013867498891197882,0.005850760077912175,62682.367743088405,0.95,volatility_qlike,descriptive_only
rv_future_7,full,har_ols,regime_cqr,111,1440,1440,1440,1,0.9111111111111111,-0.03888888888888886,0.03888888888888886,0.04513888888888889,0.04375,0.04513888888888889,0.04375,0.19818086824269876,0.17479514636794602,0.25853424333988834,0.001801701824456909,0.013867498891197882,0.0046616542590402045,62682.367743088405,0.95,volatility_qlike,descriptive_only
rv_future_7,full,har_ols,regime_cqr,222,1440,1440,1440,1,0.9111111111111111,-0.03888888888888886,0.03888888888888886,0.04513888888888889,0.04375,0.04513888888888889,0.04375,0.19818086824269876,0.17479514636794602,0.25853424333988834,0.001801701824456909,0.013867498891197882,0.0046616542590402045,62682.367743088405,0.95,volatility_qlike,descriptive_only
rv_future_7,full,har_ols,regime_cqr,333,1440,1440,1440,1,0.9111111111111111,-0.03888888888888886,0.03888888888888886,0.04513888888888889,0.04375,0.04513888888888889,0.04375,0.19818086824269876,0.17479514636794602,0.25853424333988834,0.001801701824456909,0.013867498891197882,0.0046616542590402045,62682.367743088405,0.95,volatility_qlike,descriptive_only
rv_future_7,full,har_ols,regime_cqr,444,1440,1440,1440,1,0.9111111111111111,-0.03888888888888886,0.03888888888888886,0.04513888888888889,0.04375,0.04513888888888889,0.04375,0.19818086824269876,0.17479514636794602,0.25853424333988834,0.001801701824456909,0.013867498891197882,0.0046616542590402045,62682.367743088405,0.95,volatility_qlike,descriptive_only
rv_future_7,full,har_ols,regime_cqr,555,1440,1440,1440,1,0.9111111111111111,-0.03888888888888886,0.03888888888888886,0.04513888888888889,0.04375,0.04513888888888889,0.04375,0.19818086824269876,0.17479514636794602,0.25853424333988834,0.001801701824456909,0.013867498891197882,0.0046616542590402045,62682.367743088405,0.95,volatility_qlike,descriptive_only
rv_future_7,full,har_ols,regime_cqr,666,1440,1440,1440,1,0.9111111111111111,-0.03888888888888886,0.03888888888888886,0.04513888888888889,0.04375,0.04513888888888889,0.04375,0.19818086824269876,0.17479514636794602,0.25853424333988834,0.001801701824456909,0.013867498891197882,0.0046616542590402045,62682.367743088405,0.95,volatility_qlike,descriptive_only
rv_future_7,full,har_ols,regime_sym_conformal,111,1440,1440,1440,1,0.8798611111111111,-0.07013888888888886,0.07013888888888886,0.06458333333333334,0.05555555555555555,0.06458333333333334,0.05555555555555555,0.13075210415396923,0.1232348603203347,0.20630464196471404,0.002262076837328728,0.016361921204880867,0.002895539211789026,132063.85092949338,0.95,volatility_qlike,descriptive_only
rv_future_7,full,har_ols,regime_sym_conformal,222,1440,1440,1440,1,0.8798611111111111,-0.07013888888888886,0.07013888888888886,0.06458333333333334,0.05555555555555555,0.06458333333333334,0.05555555555555555,0.13075210415396923,0.1232348603203347,0.20630464196471404,0.002262076837328728,0.016361921204880867,0.002895539211789026,132063.85092949338,0.95,volatility_qlike,descriptive_only
rv_future_7,full,har_ols,regime_sym_conformal,333,1440,1440,1440,1,0.8798611111111111,-0.07013888888888886,0.07013888888888886,0.06458333333333334,0.05555555555555555,0.06458333333333334,0.05555555555555555,0.13075210415396923,0.1232348603203347,0.20630464196471404,0.002262076837328728,0.016361921204880867,0.002895539211789026,132063.85092949338,0.95,volatility_qlike,descriptive_only
rv_future_7,full,har_ols,regime_sym_conformal,444,1440,1440,1440,1,0.8798611111111111,-0.07013888888888886,0.07013888888888886,0.06458333333333334,0.05555555555555555,0.06458333333333334,0.05555555555555555,0.13075210415396923,0.1232348603203347,0.20630464196471404,0.002262076837328728,0.016361921204880867,0.002895539211789026,132063.85092949338,0.95,volatility_qlike,descriptive_only
rv_future_7,full,har_ols,regime_sym_conformal,555,1440,1440,1440,1,0.8798611111111111,-0.07013888888888886,0.07013888888888886,0.06458333333333334,0.05555555555555555,0.06458333333333334,0.05555555555555555,0.13075210415396923,0.1232348603203347,0.20630464196471404,0.002262076837328728,0.016361921204880867,0.002895539211789026,132063.85092949338,0.95,volatility_qlike,descriptive_only
rv_future_7,full,har_ols,regime_sym_conformal,666,1440,1440,1440,1,0.8798611111111111,-0.07013888888888886,0.07013888888888886,0.06458333333333334,0.05555555555555555,0.06458333333333334,0.05555555555555555,0.13075210415396923,0.1232348603203347,0.20630464196471404,0.002262076837328728,0.016361921204880867,0.002895539211789026,132063.85092949338,0.95,volatility_qlike,descriptive_only
rv_future_7,full,har_ols,sym_conformal,111,1440,1440,1440,1,0.8958333333333334,-0.054166666666666585,0.054166666666666585,0.05486111111111111,0.049305555555555554,0.05486111111111111,0.049305555555555554,0.1330588499886379,0.12088999233677895,0.20137394610549195,0.002152473690982908,0.016361921204880867,0.0028818749616542944,132063.85092949338,0.95,volatility_qlike,descriptive_only
rv_future_7,full,har_ols,sym_conformal,222,1440,1440,1440,1,0.8958333333333334,-0.054166666666666585,0.054166666666666585,0.05486111111111111,0.049305555555555554,0.05486111111111111,0.049305555555555554,0.1330588499886379,0.12088999233677895,0.20137394610549195,0.002152473690982908,0.016361921204880867,0.0028818749616542944,132063.85092949338,0.95,volatility_qlike,descriptive_only
rv_future_7,full,har_ols,sym_conformal,333,1440,1440,1440,1,0.8958333333333334,-0.054166666666666585,0.054166666666666585,0.05486111111111111,0.049305555555555554,0.05486111111111111,0.049305555555555554,0.1330588499886379,0.12088999233677895,0.20137394610549195,0.002152473690982908,0.016361921204880867,0.0028818749616542944,132063.85092949338,0.95,volatility_qlike,descriptive_only
rv_future_7,full,har_ols,sym_conformal,444,1440,1440,1440,1,0.8958333333333334,-0.054166666666666585,0.054166666666666585,0.05486111111111111,0.049305555555555554,0.05486111111111111,0.049305555555555554,0.1330588499886379,0.12088999233677895,0.20137394610549195,0.002152473690982908,0.016361921204880867,0.0028818749616542944,132063.85092949338,0.95,volatility_qlike,descriptive_only
rv_future_7,full,har_ols,sym_conformal,555,1440,1440,1440,1,0.8958333333333334,-0.054166666666666585,0.054166666666666585,0.05486111111111111,0.049305555555555554,0.05486111111111111,0.049305555555555554,0.1330588499886379,0.12088999233677895,0.20137394610549195,0.002152473690982908,0.016361921204880867,0.0028818749616542944,132063.85092949338,0.95,volatility_qlike,descriptive_only
rv_future_7,full,har_ols,sym_conformal,666,1440,1440,1440,1,0.8958333333333334,-0.054166666666666585,0.054166666666666585,0.05486111111111111,0.049305555555555554,0.05486111111111111,0.049305555555555554,0.1330588499886379,0.12088999233677895,0.20137394610549195,0.002152473690982908,0.016361921204880867,0.0028818749616542944,132063.85092949338,0.95,volatility_qlike,descriptive_only
rv_future_7,full,lstm,cqr,111,1440,1440,1440,1,0.9444444444444444,-0.005555555555555536,0.005555555555555536,0.009027777777777777,0.04652777777777778,0.009027777777777777,0.04652777777777778,0.13776661880332888,0.1321469036320096,0.20045631685479048,0.0015270872833812157,0.01496771939885406,0.0034843206379884498,42732.273822137206,0.95,volatility_qlike,descriptive_only
rv_future_7,full,lstm,cqr,222,1440,1440,1440,1,0.8923611111111112,-0.057638888888888795,0.057638888888888795,0.009027777777777777,0.09861111111111111,0.009027777777777777,0.09861111111111111,0.1446578469614393,0.13577459428006855,0.2678154317993445,0.0015659687635820219,0.016713044313330865,0.005129417031401495,264868.4939259509,0.95,volatility_qlike,descriptive_only
rv_future_7,full,lstm,cqr,333,1440,1440,1440,1,0.9333333333333333,-0.016666666666666607,0.016666666666666607,0.022222222222222223,0.044444444444444446,0.022222222222222223,0.044444444444444446,0.14709080558216453,0.13769340674486208,0.20415077465313278,0.0016870476931107588,0.015190101235757196,0.003416721673217465,67685.03033449074,0.95,volatility_qlike,descriptive_only
rv_future_7,full,lstm,cqr,444,1440,1440,1440,1,0.8923611111111112,-0.057638888888888795,0.057638888888888795,0.010416666666666666,0.09722222222222222,0.010416666666666666,0.09722222222222222,0.1300783932488818,0.1234247942041227,0.24092108879554766,0.0016298584802487903,0.018549748806902945,0.004393168739639805,379100.050684492,0.95,volatility_qlike,descriptive_only
rv_future_7,full,lstm,cqr,555,1440,1440,1440,1,0.9055555555555556,-0.0444444444444444,0.0444444444444444,0.06388888888888888,0.030555555555555555,0.06388888888888888,0.030555555555555555,0.16636509950217276,0.15414409297947115,0.22702261929039977,0.002083365133135997,0.016147786594194812,0.003592200349123903,-1.6608919380675171,0.95,volatility_qlike,descriptive_only
rv_future_7,full,lstm,cqr,666,1440,1440,1440,1,0.9284722222222223,-0.0215277777777777,0.0215277777777777,0.009722222222222222,0.06180555555555556,0.009722222222222222,0.06180555555555556,0.1369753630346423,0.1299169659614563,0.22348378735726088,0.0014855082849498811,0.015862656075492837,0.004101586398981545,165082.87507053433,0.95,volatility_qlike,descriptive_only
rv_future_7,full,lstm,raw_quantile,111,1440,1440,1440,1,0.8777777777777778,-0.07222222222222219,0.07222222222222219,0.03125,0.09097222222222222,0.03125,0.09097222222222222,0.11659647621612138,0.1125221848487854,0.22390740444223992,0.0015741415133398264,0.01496771939885406,0.004023543597716075,42732.273822137206,0.95,volatility_qlike,descriptive_only
rv_future_7,full,lstm,raw_quantile,222,1440,1440,1440,1,0.7604166666666666,-0.18958333333333333,0.18958333333333333,0.050694444444444445,0.18888888888888888,0.050694444444444445,0.18888888888888888,0.10594028747630845,0.0992230838164687,0.3478386820261602,0.0019209939305241113,0.016713044313330865,0.006774973120129797,264868.4939259509,0.95,volatility_qlike,descriptive_only
rv_future_7,full,lstm,raw_quantile,333,1440,1440,1440,1,0.7923611111111111,-0.15763888888888888,0.15763888888888888,0.0625,0.1451388888888889,0.0625,0.1451388888888889,0.10974014961813935,0.10279180854558939,0.285330470882072,0.001937001923195846,0.015190101235757196,0.005196259848855856,67685.03033449074,0.95,volatility_qlike,descriptive_only
rv_future_7,full,lstm,raw_quantile,444,1440,1440,1440,1,0.6069444444444444,-0.34305555555555556,0.34305555555555556,0.09027777777777778,0.30277777777777776,0.09027777777777778,0.30277777777777776,0.06946851565444373,0.06565162166953084,0.504101625329346,0.0029422392080356765,0.018549748806902945,0.009660301425197877,379100.050684492,0.95,volatility_qlike,descriptive_only
rv_future_7,full,lstm,raw_quantile,555,1440,1440,1440,1,0.8375,-0.11249999999999993,0.11249999999999993,0.10486111111111111,0.05763888888888889,0.10486111111111111,0.05763888888888889,0.1425599677830986,0.13539182767271996,0.2570718465544825,0.0024064698252719958,0.016147786594194812,0.004020326338589972,-1.6608919380675171,0.95,volatility_qlike,descriptive_only
rv_future_7,full,lstm,raw_quantile,666,1440,1440,1440,1,0.8034722222222223,-0.1465277777777777,0.1465277777777777,0.08055555555555556,0.11597222222222223,0.08055555555555556,0.11597222222222223,0.09794490538802667,0.09539563581347466,0.3102197653090576,0.002077580149145046,0.015862656075492837,0.005677913983581298,165082.87507053433,0.95,volatility_qlike,descriptive_only
rv_future_7,full,lstm,regime_cqr,111,1440,1440,1440,1,0.9458333333333333,-0.004166666666666652,0.004166666666666652,0.009027777777777777,0.04513888888888889,0.009027777777777777,0.04513888888888889,0.1383679499394818,0.1323527767279051,0.19678154063961814,0.0015278368534161744,0.01496771939885406,0.0033917016625741813,42732.273822137206,0.95,volatility_qlike,descriptive_only
rv_future_7,full,lstm,regime_cqr,222,1440,1440,1440,1,0.8833333333333333,-0.06666666666666665,0.06666666666666665,0.010416666666666666,0.10625,0.010416666666666666,0.10625,0.14240909561891063,0.13239132865065495,0.2701104256331636,0.001573781899198215,0.016713044313330865,0.00517897874163078,264868.4939259509,0.95,volatility_qlike,descriptive_only
rv_future_7,full,lstm,regime_cqr,333,1440,1440,1440,1,0.9277777777777778,-0.022222222222222143,0.022222222222222143,0.024305555555555556,0.04791666666666667,0.024305555555555556,0.04791666666666667,0.1444828714537166,0.13572270835227385,0.2033830178068413,0.001670853676806485,0.015190101235757196,0.0034137217683644504,67685.03033449074,0.95,volatility_qlike,descriptive_only
rv_future_7,full,lstm,regime_cqr,444,1440,1440,1440,1,0.8854166666666666,-0.06458333333333333,0.06458333333333333,0.013194444444444444,0.10138888888888889,0.013194444444444444,0.10138888888888889,0.12735262923583804,0.1215422540614143,0.2421016136173662,0.0016350941561328238,0.018549748806902945,0.004417446184301236,379100.050684492,0.95,volatility_qlike,descriptive_only
rv_future_7,full,lstm,regime_cqr,555,1440,1440,1440,1,0.9027777777777778,-0.047222222222222165,0.047222222222222165,0.06805555555555555,0.029166666666666667,0.06805555555555555,0.029166666666666667,0.16420711478903227,0.1517416386944544,0.22640588011162863,0.0021214435070141006,0.016147786594194812,0.0035387034957765203,-1.6608919380675171,0.95,volatility_qlike,descriptive_only
rv_future_7,full,lstm,regime_cqr,666,1440,1440,1440,1,0.9138888888888889,-0.036111111111111094,0.036111111111111094,0.022916666666666665,0.06319444444444444,0.022916666666666665,0.06319444444444444,0.13552215247946703,0.12766080764541266,0.22250596165331113,0.0015329738796812616,0.015862656075492837,0.004029675161651421,165082.87507053433,0.95,volatility_qlike,descriptive_only
rv_future_7,full,lstm,regime_sym_conformal,111,1440,1440,1440,1,0.8875,-0.0625,0.0625,0.03125,0.08125,0.03125,0.08125,0.12465465510419178,0.1181364098860309,0.23803296857190864,0.0020498041879432973,0.016796681944591985,0.0039010200263543218,191161.64016036183,0.95,volatility_qlike,descriptive_only
rv_future_7,full,lstm,regime_sym_conformal,222,1440,1440,1440,1,0.8708333333333333,-0.07916666666666661,0.07916666666666661,0.06041666666666667,0.06875,0.06041666666666667,0.06875,0.12346039808884433,0.1186972872592993,0.2461172109613589,0.002544669321711075,0.018360152671145696,0.003608260952322802,682962.014606661,0.95,volatility_qlike,descriptive_only
rv_future_7,full,lstm,regime_sym_conformal,333,1440,1440,1440,1,0.84375,-0.10624999999999996,0.10624999999999996,0.07361111111111111,0.08263888888888889,0.07361111111111111,0.08263888888888889,0.12575046398016032,0.116842574573051,0.254039395299815,0.002082391289492445,0.017803868334166615,0.004268593593002834,72157.84496912295,0.95,volatility_qlike,descriptive_only
rv_future_7,full,lstm,regime_sym_conformal,444,1440,1440,1440,1,0.8590277777777777,-0.09097222222222223,0.09097222222222223,0.06111111111111111,0.0798611111111111,0.06111111111111111,0.0798611111111111,0.12516505118245538,0.1085743446250038,0.25260654898661594,0.0024297564588014833,0.01902902398826371,0.0038854072658638184,573298.8903016612,0.95,volatility_qlike,descriptive_only
rv_future_7,full,lstm,regime_sym_conformal,555,1440,1440,1440,1,0.8993055555555556,-0.050694444444444375,0.050694444444444375,0.06527777777777778,0.035416666666666666,0.06527777777777778,0.035416666666666666,0.14927463964453414,0.12357713251901305,0.22314601006974036,0.0024876379720203145,0.017513352559559988,0.0030910122797230995,-1.6164714697014486,0.95,volatility_qlike,descriptive_only
rv_future_7,full,lstm,regime_sym_conformal,666,1440,1440,1440,1,0.8243055555555555,-0.12569444444444444,0.12569444444444444,0.08055555555555556,0.09513888888888888,0.08055555555555556,0.09513888888888888,0.12147226928799419,0.1126242454010736,0.27050869970713953,0.002150404870243875,0.018914683526372596,0.004612312622434516,703831.4484568512,0.95,volatility_qlike,descriptive_only
rv_future_7,full,lstm,sym_conformal,111,1440,1440,1440,1,0.8895833333333333,-0.060416666666666674,0.060416666666666674,0.029166666666666667,0.08125,0.029166666666666667,0.08125,0.12565222474901622,0.1181361936032772,0.23852230604472863,0.0020633846734636322,0.016796681944591985,0.0038996729776544854,191161.64016036183,0.95,volatility_qlike,descriptive_only
rv_future_7,full,lstm,sym_conformal,222,1440,1440,1440,1,0.8805555555555555,-0.06944444444444442,0.06944444444444442,0.05555555555555555,0.06388888888888888,0.05555555555555555,0.06388888888888888,0.12627408709635748,0.1239906474947929,0.23349903845673575,0.0023390026862417646,0.018360152671145696,0.0034984732751765324,682962.014606661,0.95,volatility_qlike,descriptive_only
rv_future_7,full,lstm,sym_conformal,333,1440,1440,1440,1,0.8784722222222222,-0.07152777777777775,0.07152777777777775,0.049305555555555554,0.07222222222222222,0.049305555555555554,0.07222222222222222,0.13292013648897408,0.1246513947844505,0.23898190038804273,0.0018151064554561677,0.017803868334166615,0.004159441054244805,72157.84496912295,0.95,volatility_qlike,descriptive_only
rv_future_7,full,lstm,sym_conformal,444,1440,1440,1440,1,0.8743055555555556,-0.0756944444444444,0.0756944444444444,0.050694444444444445,0.075,0.050694444444444445,0.075,0.1265128986832375,0.107589304447174,0.24626810706009333,0.002279974468332715,0.01902902398826371,0.003876728208169521,573298.8903016612,0.95,volatility_qlike,descriptive_only
rv_future_7,full,lstm,sym_conformal,555,1440,1440,1440,1,0.9173611111111111,-0.032638888888888884,0.032638888888888884,0.04583333333333333,0.03680555555555556,0.04583333333333333,0.03680555555555556,0.15271335108360895,0.12752705812454218,0.20676406090339786,0.0019982177230577153,0.017513352559559988,0.0031708837995271357,-1.6164714697014486,0.95,volatility_qlike,descriptive_only
rv_future_7,full,lstm,sym_conformal,666,1440,1440,1440,1,0.8354166666666667,-0.11458333333333326,0.11458333333333326,0.07291666666666667,0.09166666666666666,0.07291666666666667,0.09166666666666666,0.12189325590928393,0.1144820041954517,0.2650923642384519,0.0020532663768921236,0.018914683526372596,0.0045740427290690755,703831.4484568512,0.95,volatility_qlike,descriptive_only
rv_future_7,full,rf,cqr,111,1440,1440,1440,1,0.9305555555555556,-0.019444444444444375,0.019444444444444375,0.05277777777777778,0.016666666666666666,0.05277777777777778,0.016666666666666666,0.1613586371387394,0.1492813284671827,0.19079340948839693,0.0014644090065979289,0.015609154478757641,0.0033054262306119013,-1.6783544391931444,0.95,volatility_qlike,descriptive_only
rv_future_7,full,rf,cqr,222,1440,1440,1440,1,0.9402777777777778,-0.009722222222222188,0.009722222222222188,0.050694444444444445,0.009027777777777777,0.050694444444444445,0.009027777777777777,0.18370348036598697,0.1625723784385026,0.2056534713689848,0.0014240374806199403,0.016203880956316644,0.003717299303604587,-1.6748230089889382,0.95,volatility_qlike,descriptive_only
rv_future_7,full,rf,cqr,333,1440,1440,1440,1,0.9,-0.04999999999999993,0.04999999999999993,0.06805555555555555,0.03194444444444444,0.06805555555555555,0.03194444444444444,0.15110133581673826,0.1290285558021016,0.19428664503845244,0.0016525473473233358,0.014338748697536928,0.0032046187786378823,-1.7017164494534733,0.95,volatility_qlike,descriptive_only
rv_future_7,full,rf,cqr,444,1440,1440,1440,1,0.9305555555555556,-0.019444444444444375,0.019444444444444375,0.04791666666666667,0.021527777777777778,0.04791666666666667,0.021527777777777778,0.16672949784230204,0.15365274075592467,0.19574137262603708,0.00141219071400163,0.015206001311042078,0.003481343601649201,-1.6846898325167776,0.95,volatility_qlike,descriptive_only
rv_future_7,full,rf,cqr,555,1440,1440,1440,1,0.9402777777777778,-0.009722222222222188,0.009722222222222188,0.049305555555555554,0.010416666666666666,0.049305555555555554,0.010416666666666666,0.18505169114224473,0.161813909309697,0.20779703470411232,0.0014519977337009381,0.015859388863353422,0.003742928133901776,-1.6814169651602797,0.95,volatility_qlike,descriptive_only
rv_future_7,full,rf,cqr,666,1440,1440,1440,1,0.9076388888888889,-0.04236111111111107,0.04236111111111107,0.06388888888888888,0.02847222222222222,0.06388888888888888,0.02847222222222222,0.15346654795807338,0.13346667315685204,0.20059044643332083,0.0017623899610522966,0.014082424733540716,0.0032523711997806304,-1.7027506144348306,0.95,volatility_qlike,descriptive_only
rv_future_7,full,rf,raw_quantile,111,1440,1440,1440,1,0.8243055555555555,-0.12569444444444444,0.12569444444444444,0.14652777777777778,0.029166666666666667,0.14652777777777778,0.029166666666666667,0.1297157678985321,0.11956914817182,0.21340240630493937,0.0020304831660636425,0.015609154478757641,0.0033045769915597467,-1.6783544391931444,0.95,volatility_qlike,descriptive_only
rv_future_7,full,rf,raw_quantile,222,1440,1440,1440,1,0.8875,-0.0625,0.0625,0.09791666666666667,0.014583333333333334,0.09791666666666667,0.014583333333333334,0.1617407467158417,0.13869752046307515,0.2164406930386248,0.0016734747811200622,0.016203880956316644,0.0037375425448454656,-1.6748230089889382,0.95,volatility_qlike,descriptive_only
rv_future_7,full,rf,raw_quantile,333,1440,1440,1440,1,0.5222222222222223,-0.4277777777777777,0.4277777777777777,0.36666666666666664,0.1111111111111111,0.36666666666666664,0.1111111111111111,0.08077100798355256,0.055511663717617954,0.41050488108084526,0.0061262527889073,0.014338748697536928,0.0041363692381137405,-1.7017164494534733,0.95,volatility_qlike,descriptive_only
rv_future_7,full,rf,raw_quantile,444,1440,1440,1440,1,0.7902777777777777,-0.1597222222222222,0.1597222222222222,0.17569444444444443,0.034027777777777775,0.17569444444444443,0.034027777777777775,0.12691082060962666,0.11601716863002004,0.23277839586162388,0.0024004433533563897,0.015206001311042078,0.0034190165431841127,-1.6846898325167776,0.95,volatility_qlike,descriptive_only
rv_future_7,full,rf,raw_quantile,555,1440,1440,1440,1,0.8236111111111111,-0.12638888888888888,0.12638888888888888,0.15555555555555556,0.020833333333333332,0.15555555555555556,0.020833333333333332,0.15123005749505078,0.126812872274889,0.23617211924457363,0.0022334092097285978,0.015859388863353422,0.003670893771385649,-1.6814169651602797,0.95,volatility_qlike,descriptive_only
rv_future_7,full,rf,raw_quantile,666,1440,1440,1440,1,0.5263888888888889,-0.42361111111111105,0.42361111111111105,0.3659722222222222,0.1076388888888889,0.3659722222222222,0.1076388888888889,0.08396258348591104,0.05910287191628995,0.4064041520819929,0.006143453147334831,0.014082424733540716,0.004016650654714897,-1.7027506144348306,0.95,volatility_qlike,descriptive_only
rv_future_7,full,rf,regime_cqr,111,1440,1440,1440,1,0.9159722222222222,-0.03402777777777777,0.03402777777777777,0.06666666666666667,0.017361111111111112,0.06666666666666667,0.017361111111111112,0.1590061628964809,0.14778972840902055,0.19347968369987434,0.0015831652456692999,0.015609154478757641,0.003253826846827464,-1.6783544391931444,0.95,volatility_qlike,descriptive_only
rv_future_7,full,rf,regime_cqr,222,1440,1440,1440,1,0.9319444444444445,-0.01805555555555549,0.01805555555555549,0.059027777777777776,0.009027777777777777,0.059027777777777776,0.009027777777777777,0.18237222268709613,0.16241644300871771,0.20566239156153465,0.0014506845460304754,0.016203880956316644,0.003690875243007798,-1.6748230089889382,0.95,volatility_qlike,descriptive_only
rv_future_7,full,rf,regime_cqr,333,1440,1440,1440,1,0.8777777777777778,-0.07222222222222219,0.07222222222222219,0.08819444444444445,0.034027777777777775,0.08819444444444445,0.034027777777777775,0.1470595188197554,0.12796900848669,0.20027237592885705,0.0017722877611375612,0.014338748697536928,0.003234521637083772,-1.7017164494534733,0.95,volatility_qlike,descriptive_only
rv_future_7,full,rf,regime_cqr,444,1440,1440,1440,1,0.9138888888888889,-0.036111111111111094,0.036111111111111094,0.06458333333333334,0.021527777777777778,0.06458333333333334,0.021527777777777778,0.1636960739145584,0.1529039981049281,0.19913017858452148,0.001544380086676412,0.015206001311042078,0.00343387437793653,-1.6846898325167776,0.95,volatility_qlike,descriptive_only
rv_future_7,full,rf,regime_cqr,555,1440,1440,1440,1,0.9256944444444445,-0.02430555555555547,0.02430555555555547,0.06319444444444444,0.011111111111111112,0.06319444444444444,0.011111111111111112,0.18225419360528308,0.16050369309778673,0.2092015976708096,0.0015256071789024371,0.015859388863353422,0.0037044327628677092,-1.6814169651602797,0.95,volatility_qlike,descriptive_only
rv_future_7,full,rf,regime_cqr,666,1440,1440,1440,1,0.8861111111111111,-0.06388888888888888,0.06388888888888888,0.08263888888888889,0.03125,0.08263888888888889,0.03125,0.14934190796080285,0.1321301351120965,0.2059329487124657,0.0018907042146167107,0.014082424733540716,0.0032576195031948367,-1.7027506144348306,0.95,volatility_qlike,descriptive_only
rv_future_7,full,rf,regime_sym_conformal,111,1440,1440,1440,1,0.8243055555555555,-0.12569444444444444,0.12569444444444444,0.14097222222222222,0.034722222222222224,0.14097222222222222,0.034722222222222224,0.12379212017085332,0.112398156988374,0.24355542007910305,0.0033022350028234404,0.016535767788657587,0.0027866504991540396,-1.6748505144167691,0.95,volatility_qlike,descriptive_only
rv_future_7,full,rf,regime_sym_conformal,222,1440,1440,1440,1,0.85,-0.09999999999999998,0.09999999999999998,0.12013888888888889,0.029861111111111113,0.12013888888888889,0.029861111111111113,0.1425073996370339,0.12345651842393,0.23889193144626206,0.002871665295997903,0.018238147734959145,0.0031006329901585535,-1.6608943020840001,0.95,volatility_qlike,descriptive_only
rv_future_7,full,rf,regime_sym_conformal,333,1440,1440,1440,1,0.8472222222222222,-0.10277777777777775,0.10277777777777775,0.10486111111111111,0.04791666666666667,0.10486111111111111,0.04791666666666667,0.127463035894411,0.1144265450618859,0.23485547100911647,0.002809328523612191,0.015200696562327832,0.003062058251615622,-1.695207086521088,0.95,volatility_qlike,descriptive_only
rv_future_7,full,rf,regime_sym_conformal,444,1440,1440,1440,1,0.8340277777777778,-0.11597222222222214,0.11597222222222214,0.12986111111111112,0.03611111111111111,0.12986111111111112,0.03611111111111111,0.12463225444861112,0.1118338319483457,0.24560561048662802,0.0032835302377874484,0.016427154534996217,0.002856610024378158,-1.6756966084727614,0.95,volatility_qlike,descriptive_only
rv_future_7,full,rf,regime_sym_conformal,555,1440,1440,1440,1,0.85625,-0.09375,0.09375,0.11041666666666666,0.03333333333333333,0.11041666666666666,0.03333333333333333,0.14274278823413056,0.1194233180449878,0.23011459581515195,0.002636030629026358,0.017677074426208042,0.0031168342663523475,-1.6666929906088102,0.95,volatility_qlike,descriptive_only
rv_future_7,full,rf,regime_sym_conformal,666,1440,1440,1440,1,0.8493055555555555,-0.10069444444444442,0.10069444444444442,0.10416666666666667,0.04652777777777778,0.10416666666666667,0.04652777777777778,0.12838463242262854,0.1179022486233912,0.22525267052827452,0.002618236180403224,0.01524167810573667,0.003013080582803545,-1.6948696921995854,0.95,volatility_qlike,descriptive_only
rv_future_7,full,rf,sym_conformal,111,1440,1440,1440,1,0.8381944444444445,-0.11180555555555549,0.11180555555555549,0.12986111111111112,0.03194444444444444,0.12986111111111112,0.03194444444444444,0.12701519703260966,0.119027170436012,0.2386509439417594,0.003214527654015302,0.016535767788657587,0.0027517459445285863,-1.6748505144167691,0.95,volatility_qlike,descriptive_only
rv_future_7,full,rf,sym_conformal,222,1440,1440,1440,1,0.8555555555555555,-0.09444444444444444,0.09444444444444444,0.11805555555555555,0.02638888888888889,0.11805555555555555,0.02638888888888889,0.1399783674257235,0.1197301578032039,0.2413413256269365,0.0030915889504425174,0.018238147734959145,0.002941944190230801,-1.6608943020840001,0.95,volatility_qlike,descriptive_only
rv_future_7,full,rf,sym_conformal,333,1440,1440,1440,1,0.8534722222222222,-0.09652777777777777,0.09652777777777777,0.09652777777777778,0.05,0.09652777777777778,0.05,0.12498934412613731,0.1174680895439884,0.2370987188017005,0.0029475777559226676,0.015200696562327832,0.002979890214119749,-1.695207086521088,0.95,volatility_qlike,descriptive_only
rv_future_7,full,rf,sym_conformal,444,1440,1440,1440,1,0.8479166666666667,-0.1020833333333333,0.1020833333333333,0.11805555555555555,0.034027777777777775,0.11805555555555555,0.034027777777777775,0.12733794128071685,0.11200869302138211,0.24202778862952953,0.0032110293456951594,0.016427154534996217,0.0028396653700429836,-1.6756966084727614,0.95,volatility_qlike,descriptive_only
rv_future_7,full,rf,sym_conformal,555,1440,1440,1440,1,0.8673611111111111,-0.08263888888888882,0.08263888888888882,0.10208333333333333,0.030555555555555555,0.10208333333333333,0.030555555555555555,0.14093251081198113,0.1194233180449878,0.22955307020201257,0.002796737879455775,0.017677074426208042,0.0029420888755944466,-1.6666929906088102,0.95,volatility_qlike,descriptive_only
rv_future_7,full,rf,sym_conformal,666,1440,1440,1440,1,0.8534722222222222,-0.09652777777777777,0.09652777777777777,0.09861111111111111,0.04791666666666667,0.09861111111111111,0.04791666666666667,0.12623881174170282,0.1167664899420478,0.22640442669545674,0.0027553286469911686,0.01524167810573667,0.0029047820203951555,-1.6948696921995854,0.95,volatility_qlike,descriptive_only
rv_future_7,full,ridge,cqr,111,1440,1440,1440,1,0.9770833333333333,0.027083333333333348,0.027083333333333348,0.016666666666666666,0.00625,0.016666666666666666,0.00625,0.17967503744849694,0.17794261796869795,0.1867720737296014,0.0012512943717759139,0.01225947947081419,0.003418007471464028,-1.7173220045111521,0.95,volatility_qlike,descriptive_only
rv_future_7,full,ridge,cqr,222,1440,1440,1440,1,0.9770833333333333,0.027083333333333348,0.027083333333333348,0.016666666666666666,0.00625,0.016666666666666666,0.00625,0.17967503744849694,0.17794261796869795,0.1867720737296014,0.0012512943717759139,0.012264272976310397,0.003418007471464028,-1.7172759924272523,0.95,volatility_qlike,descriptive_only
rv_future_7,full,ridge,cqr,333,1440,1440,1440,1,0.9770833333333333,0.027083333333333348,0.027083333333333348,0.016666666666666666,0.00625,0.016666666666666666,0.00625,0.17967503744849694,0.17794261796869795,0.1867720737296014,0.0012512943717759139,0.012225202920646829,0.003418007471464028,-1.7177991851745074,0.95,volatility_qlike,descriptive_only
rv_future_7,full,ridge,cqr,444,1440,1440,1440,1,0.9770833333333333,0.027083333333333348,0.027083333333333348,0.016666666666666666,0.00625,0.016666666666666666,0.00625,0.17967503744849694,0.17794261796869795,0.1867720737296014,0.0012512943717759139,0.012185947704055186,0.003418007471464028,-1.7183220156394012,0.95,volatility_qlike,descriptive_only
rv_future_7,full,ridge,cqr,555,1440,1440,1440,1,0.9770833333333333,0.027083333333333348,0.027083333333333348,0.016666666666666666,0.00625,0.016666666666666666,0.00625,0.17967503744849694,0.17794261796869795,0.1867720737296014,0.0012512943717759139,0.012270387879740717,0.003418007471464028,-1.7171772759061097,0.95,volatility_qlike,descriptive_only
rv_future_7,full,ridge,cqr,666,1440,1440,1440,1,0.9770833333333333,0.027083333333333348,0.027083333333333348,0.016666666666666666,0.00625,0.016666666666666666,0.00625,0.17967503744849694,0.17794261796869795,0.1867720737296014,0.0012512943717759139,0.012276034960788438,0.003418007471464028,-1.7171439093375935,0.95,volatility_qlike,descriptive_only
rv_future_7,full,ridge,raw_quantile,111,1440,1440,1440,1,0.9659722222222222,0.015972222222222276,0.015972222222222276,0.027777777777777776,0.00625,0.027777777777777776,0.00625,0.1746150017720641,0.1724681746162673,0.1844797455537884,0.0012572366133359997,0.01225947947081419,0.003354757025508616,-1.7173220045111521,0.95,volatility_qlike,descriptive_only
rv_future_7,full,ridge,raw_quantile,222,1440,1440,1440,1,0.9659722222222222,0.015972222222222276,0.015972222222222276,0.027777777777777776,0.00625,0.027777777777777776,0.00625,0.1746150017720641,0.1724681746162673,0.1844797455537884,0.0012572366133359997,0.012264272976310397,0.003354757025508616,-1.7172759924272523,0.95,volatility_qlike,descriptive_only
rv_future_7,full,ridge,raw_quantile,333,1440,1440,1440,1,0.9659722222222222,0.015972222222222276,0.015972222222222276,0.027777777777777776,0.00625,0.027777777777777776,0.00625,0.1746150017720641,0.1724681746162673,0.1844797455537884,0.0012572366133359997,0.012225202920646829,0.003354757025508616,-1.7177991851745074,0.95,volatility_qlike,descriptive_only
rv_future_7,full,ridge,raw_quantile,444,1440,1440,1440,1,0.9659722222222222,0.015972222222222276,0.015972222222222276,0.027777777777777776,0.00625,0.027777777777777776,0.00625,0.1746150017720641,0.1724681746162673,0.1844797455537884,0.0012572366133359997,0.012185947704055186,0.003354757025508616,-1.7183220156394012,0.95,volatility_qlike,descriptive_only
rv_future_7,full,ridge,raw_quantile,555,1440,1440,1440,1,0.9659722222222222,0.015972222222222276,0.015972222222222276,0.027777777777777776,0.00625,0.027777777777777776,0.00625,0.1746150017720641,0.1724681746162673,0.1844797455537884,0.0012572366133359997,0.012270387879740717,0.003354757025508616,-1.7171772759061097,0.95,volatility_qlike,descriptive_only
rv_future_7,full,ridge,raw_quantile,666,1440,1440,1440,1,0.9659722222222222,0.015972222222222276,0.015972222222222276,0.027777777777777776,0.00625,0.027777777777777776,0.00625,0.1746150017720641,0.1724681746162673,0.1844797455537884,0.0012572366133359997,0.012276034960788438,0.003354757025508616,-1.7171439093375935,0.95,volatility_qlike,descriptive_only
rv_future_7,full,ridge,regime_cqr,111,1440,1440,1440,1,0.9756944444444444,0.025694444444444464,0.025694444444444464,0.018055555555555554,0.00625,0.018055555555555554,0.00625,0.17890988353655873,0.17794261796869795,0.18611919528497595,0.0012445368345595053,0.01225947947081419,0.0034084430475647995,-1.7173220045111521,0.95,volatility_qlike,descriptive_only
rv_future_7,full,ridge,regime_cqr,222,1440,1440,1440,1,0.9756944444444444,0.025694444444444464,0.025694444444444464,0.018055555555555554,0.00625,0.018055555555555554,0.00625,0.17890988353655873,0.17794261796869795,0.18611919528497595,0.0012445368345595053,0.012264272976310397,0.0034084430475647995,-1.7172759924272523,0.95,volatility_qlike,descriptive_only
rv_future_7,full,ridge,regime_cqr,333,1440,1440,1440,1,0.9756944444444444,0.025694444444444464,0.025694444444444464,0.018055555555555554,0.00625,0.018055555555555554,0.00625,0.17890988353655873,0.17794261796869795,0.18611919528497595,0.0012445368345595053,0.012225202920646829,0.0034084430475647995,-1.7177991851745074,0.95,volatility_qlike,descriptive_only
rv_future_7,full,ridge,regime_cqr,444,1440,1440,1440,1,0.9756944444444444,0.025694444444444464,0.025694444444444464,0.018055555555555554,0.00625,0.018055555555555554,0.00625,0.17890988353655873,0.17794261796869795,0.18611919528497595,0.0012445368345595053,0.012185947704055186,0.0034084430475647995,-1.7183220156394012,0.95,volatility_qlike,descriptive_only
rv_future_7,full,ridge,regime_cqr,555,1440,1440,1440,1,0.9756944444444444,0.025694444444444464,0.025694444444444464,0.018055555555555554,0.00625,0.018055555555555554,0.00625,0.17890988353655873,0.17794261796869795,0.18611919528497595,0.0012445368345595053,0.012270387879740717,0.0034084430475647995,-1.7171772759061097,0.95,volatility_qlike,descriptive_only
rv_future_7,full,ridge,regime_cqr,666,1440,1440,1440,1,0.9756944444444444,0.025694444444444464,0.025694444444444464,0.018055555555555554,0.00625,0.018055555555555554,0.00625,0.17890988353655873,0.17794261796869795,0.18611919528497595,0.0012445368345595053,0.012276034960788438,0.0034084430475647995,-1.7171439093375935,0.95,volatility_qlike,descriptive_only
rv_future_7,full,ridge,regime_sym_conformal,111,1440,1440,1440,1,0.8791666666666667,-0.0708333333333333,0.0708333333333333,0.07013888888888889,0.050694444444444445,0.07013888888888889,0.050694444444444445,0.12208957909185142,0.1151493848196475,0.21426216995118014,0.002138892936517325,0.014878529131188842,0.0032176613122620835,-1.6126346803198592,0.95,volatility_qlike,descriptive_only
rv_future_7,full,ridge,regime_sym_conformal,222,1440,1440,1440,1,0.8791666666666667,-0.0708333333333333,0.0708333333333333,0.07013888888888889,0.050694444444444445,0.07013888888888889,0.050694444444444445,0.12208543501810942,0.1151191759542075,0.21425779835394065,0.0021387522000239755,0.014877199807313453,0.003217692758824446,-1.6130218732298405,0.95,volatility_qlike,descriptive_only
rv_future_7,full,ridge,regime_sym_conformal,333,1440,1440,1440,1,0.8791666666666667,-0.0708333333333333,0.0708333333333333,0.07013888888888889,0.050694444444444445,0.07013888888888889,0.050694444444444445,0.12215431508185581,0.1156275217222945,0.2143279313502138,0.0021410482571658992,0.014899388479409583,0.003217150026589351,-1.6059974321055914,0.95,volatility_qlike,descriptive_only
rv_future_7,full,ridge,regime_sym_conformal,444,1440,1440,1440,1,0.8791666666666667,-0.0708333333333333,0.0708333333333333,0.07013888888888889,0.050694444444444445,0.07013888888888889,0.050694444444444445,0.1221876522185965,0.1158778552300599,0.21435991115318156,0.0021421254086994262,0.014910287990321545,0.0032168723701300164,-1.6020629106875588,0.95,volatility_qlike,descriptive_only
rv_future_7,full,ridge,regime_sym_conformal,555,1440,1440,1440,1,0.8791666666666667,-0.0708333333333333,0.0708333333333333,0.07013888888888889,0.050694444444444445,0.07013888888888889,0.050694444444444445,0.12206261402978708,0.1149535354054229,0.21423337972137194,0.0021379711505740734,0.014869874843751473,0.0032178633424601285,-1.6150866599655804,0.95,volatility_qlike,descriptive_only
rv_future_7,full,ridge,regime_sym_conformal,666,1440,1440,1440,1,0.8791666666666667,-0.0708333333333333,0.0708333333333333,0.07013888888888889,0.050694444444444445,0.07013888888888889,0.050694444444444445,0.12205310889570593,0.1148849012650359,0.21422303780128701,0.002137642840707689,0.014866827149039412,0.0032179331043243912,-1.6159149023571482,0.95,volatility_qlike,descriptive_only
rv_future_7,full,ridge,sym_conformal,111,1440,1440,1440,1,0.8916666666666667,-0.05833333333333324,0.05833333333333324,0.06041666666666667,0.04791666666666667,0.06041666666666667,0.04791666666666667,0.12400395326107115,0.1166061036997079,0.2123721893293141,0.0021493326562785353,0.014878529131188842,0.0031599720769542217,-1.6126346803198592,0.95,volatility_qlike,descriptive_only
rv_future_7,full,ridge,sym_conformal,222,1440,1440,1440,1,0.8916666666666667,-0.05833333333333324,0.05833333333333324,0.06041666666666667,0.04791666666666667,0.06041666666666667,0.04791666666666667,0.1239990641297761,0.11659958715540565,0.21237146233192267,0.002149163662667224,0.014877199807313453,0.003160122895630746,-1.6130218732298405,0.95,volatility_qlike,descriptive_only
rv_future_7,full,ridge,sym_conformal,333,1440,1440,1440,1,0.8916666666666667,-0.05833333333333324,0.05833333333333324,0.06041666666666667,0.04791666666666667,0.06041666666666667,0.04791666666666667,0.12408027382025782,0.1166764813959561,0.21238146483167436,0.0021519413945996317,0.014899388479409583,0.003157595226192131,-1.6059974321055914,0.95,volatility_qlike,descriptive_only
rv_future_7,full,ridge,sym_conformal,444,1440,1440,1440,1,0.8916666666666667,-0.05833333333333324,0.05833333333333324,0.06041666666666667,0.04791666666666667,0.06041666666666667,0.04791666666666667,0.12412049301564182,0.11670355162945655,0.2123857206559906,0.002153260641211548,0.014910287990321545,0.0031563823751881185,-1.6020629106875588,0.95,volatility_qlike,descriptive_only
rv_future_7,full,ridge,sym_conformal,555,1440,1440,1440,1,0.8916666666666667,-0.05833333333333324,0.05833333333333324,0.06041666666666667,0.04791666666666667,0.06041666666666667,0.04791666666666667,0.12397211306160545,0.1166221410205901,0.21236717458399382,0.002148228111163713,0.014869874843751473,0.0031609512534360364,-1.6150866599655804,0.95,volatility_qlike,descriptive_only
rv_future_7,full,ridge,sym_conformal,666,1440,1440,1440,1,0.8916666666666667,-0.05833333333333324,0.05833333333333324,0.06041666666666667,0.04791666666666667,0.06041666666666667,0.04791666666666667,0.12396085854002846,0.1166122138116355,0.21236523172991428,0.002147835610171517,0.014866827149039412,0.0031612951830762427,-1.6159149023571482,0.95,volatility_qlike,descriptive_only
rv_future_7,price_onchain,gbr,cqr,111,1440,1440,1440,1,0.9652777777777778,0.015277777777777835,0.015277777777777835,0.024305555555555556,0.010416666666666666,0.024305555555555556,0.010416666666666666,0.1565527967135209,0.1423371358974735,0.17178397082576136,0.001221842180913973,0.012528774628199622,0.0030727570897299663,-1.7032114722947478,0.95,volatility_qlike,descriptive_only
rv_future_7,price_onchain,gbr,cqr,222,1440,1440,1440,1,0.9673611111111111,0.01736111111111116,0.01736111111111116,0.024305555555555556,0.008333333333333333,0.024305555555555556,0.008333333333333333,0.16435838703170022,0.154517836764371,0.17552787481649415,0.0012033983503329556,0.012659235711732974,0.0031847985200793042,-1.69867991356904,0.95,volatility_qlike,descriptive_only
rv_future_7,price_onchain,gbr,cqr,333,1440,1440,1440,1,0.9604166666666667,0.01041666666666674,0.01041666666666674,0.02638888888888889,0.013194444444444444,0.02638888888888889,0.013194444444444444,0.1541141633153598,0.13919609230476296,0.17111409393167315,0.0012200141947184286,0.012311767388262585,0.003057838153573306,-1.7058065884398703,0.95,volatility_qlike,descriptive_only
rv_future_7,price_onchain,gbr,cqr,444,1440,1440,1440,1,0.9659722222222222,0.015972222222222276,0.015972222222222276,0.02361111111111111,0.010416666666666666,0.02361111111111111,0.010416666666666666,0.15669377609989965,0.14532686973129894,0.17236320560504104,0.0012079459883831255,0.012551092824788905,0.0031011341517428064,-1.6999522445167612,0.95,volatility_qlike,descriptive_only
rv_future_7,price_onchain,gbr,cqr,555,1440,1440,1440,1,0.9680555555555556,0.018055555555555602,0.018055555555555602,0.022916666666666665,0.009027777777777777,0.022916666666666665,0.009027777777777777,0.16052760933659055,0.15034031035645246,0.1731895513912312,0.0011961184572360363,0.012308697869291564,0.0031336203275446504,-1.7090673076109295,0.95,volatility_qlike,descriptive_only
rv_future_7,price_onchain,gbr,cqr,666,1440,1440,1440,1,0.9701388888888889,0.02013888888888893,0.02013888888888893,0.022916666666666665,0.006944444444444444,0.022916666666666665,0.006944444444444444,0.1588466052740441,0.14636898800968834,0.17211730879122067,0.0011988294324268164,0.012596360323496243,0.0031041032873536075,-1.7013220811998033,0.95,volatility_qlike,descriptive_only
rv_future_7,price_onchain,gbr,raw_quantile,111,1440,1440,1440,1,0.9402777777777778,-0.009722222222222188,0.009722222222222188,0.04791666666666667,0.011805555555555555,0.04791666666666667,0.011805555555555555,0.14455028122795732,0.13348490961260423,0.16863038059807095,0.0011786396957707084,0.012528774628199622,0.0030371198191809735,-1.7032114722947478,0.95,volatility_qlike,descriptive_only
rv_future_7,price_onchain,gbr,raw_quantile,222,1440,1440,1440,1,0.9458333333333333,-0.004166666666666652,0.004166666666666652,0.04583333333333333,0.008333333333333333,0.04583333333333333,0.008333333333333333,0.1541105585767127,0.1482246793788738,0.1691590951938036,0.001172882782494832,0.012659235711732974,0.0030560945973501655,-1.69867991356904,0.95,volatility_qlike,descriptive_only
rv_future_7,price_onchain,gbr,raw_quantile,333,1440,1440,1440,1,0.93125,-0.018749999999999933,0.018749999999999933,0.05138888888888889,0.017361111111111112,0.05138888888888889,0.017361111111111112,0.14196838419798263,0.12779473830587515,0.16966935060678096,0.001184614503057807,0.012311767388262585,0.0030571192621116233,-1.7058065884398703,0.95,volatility_qlike,descriptive_only
rv_future_7,price_onchain,gbr,raw_quantile,444,1440,1440,1440,1,0.9402777777777778,-0.009722222222222188,0.009722222222222188,0.04652777777777778,0.013194444444444444,0.04652777777777778,0.013194444444444444,0.14561878469765474,0.13710948020802755,0.16712871284289457,0.0011727420004372263,0.012551092824788905,0.003005475820635044,-1.6999522445167612,0.95,volatility_qlike,descriptive_only
rv_future_7,price_onchain,gbr,raw_quantile,555,1440,1440,1440,1,0.95,0.0,0.0,0.04097222222222222,0.009027777777777777,0.04097222222222222,0.009027777777777777,0.15160755266127288,0.1472318429513993,0.16674321816376508,0.0011513444231766197,0.012308697869291564,0.0030172360309174127,-1.7090673076109295,0.95,volatility_qlike,descriptive_only
rv_future_7,price_onchain,gbr,raw_quantile,666,1440,1440,1440,1,0.9486111111111111,-0.001388888888888884,0.001388888888888884,0.043055555555555555,0.008333333333333333,0.043055555555555555,0.008333333333333333,0.14876984880865518,0.14193759461043243,0.16592926482081793,0.00117455283579977,0.012596360323496243,0.002973678784720585,-1.7013220811998033,0.95,volatility_qlike,descriptive_only
rv_future_7,price_onchain,gbr,regime_cqr,111,1440,1440,1440,1,0.9638888888888889,0.01388888888888895,0.01388888888888895,0.025694444444444443,0.010416666666666666,0.025694444444444443,0.010416666666666666,0.1563546387891326,0.1428509454579791,0.17131361775708207,0.001229539840274578,0.012528774628199622,0.00305330060365238,-1.7032114722947478,0.95,volatility_qlike,descriptive_only
rv_future_7,price_onchain,gbr,regime_cqr,222,1440,1440,1440,1,0.9666666666666667,0.01666666666666672,0.01666666666666672,0.025,0.008333333333333333,0.025,0.008333333333333333,0.16393078625783974,0.1514998362157278,0.17548287993541326,0.001207865881756381,0.012659235711732974,0.003179206116628857,-1.69867991356904,0.95,volatility_qlike,descriptive_only
rv_future_7,price_onchain,gbr,regime_cqr,333,1440,1440,1440,1,0.9583333333333334,0.008333333333333415,0.008333333333333415,0.027777777777777776,0.013888888888888888,0.027777777777777776,0.013888888888888888,0.1536560546870338,0.1388563646644455,0.17074884747099292,0.0012280381033644328,0.012311767388262585,0.0030406830834102945,-1.7058065884398703,0.95,volatility_qlike,descriptive_only
rv_future_7,price_onchain,gbr,regime_cqr,444,1440,1440,1440,1,0.9638888888888889,0.01388888888888895,0.01388888888888895,0.025694444444444443,0.010416666666666666,0.025694444444444443,0.010416666666666666,0.1565941169078156,0.1452688390901707,0.17188116728036826,0.001215910069272375,0.012551092824788905,0.0030811191127367373,-1.6999522445167612,0.95,volatility_qlike,descriptive_only
rv_future_7,price_onchain,gbr,regime_cqr,555,1440,1440,1440,1,0.9680555555555556,0.018055555555555602,0.018055555555555602,0.022916666666666665,0.009027777777777777,0.022916666666666665,0.009027777777777777,0.16041556601175935,0.1504319066501123,0.17311229739486303,0.001195811481352299,0.012308697869291564,0.003131995953519183,-1.7090673076109295,0.95,volatility_qlike,descriptive_only
rv_future_7,price_onchain,gbr,regime_cqr,666,1440,1440,1440,1,0.96875,0.018750000000000044,0.018750000000000044,0.024305555555555556,0.006944444444444444,0.024305555555555556,0.006944444444444444,0.1583289811448286,0.14538285396230405,0.17186107585274105,0.0011991859491508497,0.012596360323496243,0.003097340947167582,-1.7013220811998033,0.95,volatility_qlike,descriptive_only
rv_future_7,price_onchain,gbr,regime_sym_conformal,111,1440,1440,1440,1,0.8347222222222223,-0.1152777777777777,0.1152777777777777,0.10555555555555556,0.059722222222222225,0.10555555555555556,0.059722222222222225,0.12110766236762492,0.1121164387096527,0.24445092511981442,0.0031331157354847644,0.015183807980803495,0.002978157392510501,-1.6899218623466523,0.95,volatility_qlike,descriptive_only
rv_future_7,price_onchain,gbr,regime_sym_conformal,222,1440,1440,1440,1,0.8291666666666667,-0.12083333333333324,0.12083333333333324,0.11597222222222223,0.05486111111111111,0.11597222222222223,0.05486111111111111,0.12202209305084308,0.1132851511374127,0.2652512374110209,0.0035956486973685205,0.015835635693167073,0.0030356322379069063,-1.6826184614598225,0.95,volatility_qlike,descriptive_only
rv_future_7,price_onchain,gbr,regime_sym_conformal,333,1440,1440,1440,1,0.8291666666666667,-0.12083333333333324,0.12083333333333324,0.1076388888888889,0.06319444444444444,0.1076388888888889,0.06319444444444444,0.11999910666802138,0.1113925081153231,0.23106533698442328,0.002729861945568179,0.014705233974842441,0.003046771479042308,-1.6940311275090485,0.95,volatility_qlike,descriptive_only
rv_future_7,price_onchain,gbr,regime_sym_conformal,444,1440,1440,1440,1,0.8298611111111112,-0.1201388888888888,0.1201388888888888,0.11319444444444444,0.05694444444444444,0.11319444444444444,0.05694444444444444,0.11886211382845108,0.1109123414584327,0.2310475256507122,0.0028019172450401263,0.014974695877233348,0.002974270896227584,-1.6913410881408535,0.95,volatility_qlike,descriptive_only
rv_future_7,price_onchain,gbr,regime_sym_conformal,555,1440,1440,1440,1,0.8291666666666667,-0.12083333333333324,0.12083333333333324,0.10208333333333333,0.06875,0.10208333333333333,0.06875,0.11525157454248439,0.1060619271709095,0.20999081379000475,0.0020219107464695555,0.014508080738404263,0.0032278595982804686,-1.6975448152402244,0.95,volatility_qlike,descriptive_only
rv_future_7,price_onchain,gbr,regime_sym_conformal,666,1440,1440,1440,1,0.8347222222222223,-0.1152777777777777,0.1152777777777777,0.10625,0.059027777777777776,0.10625,0.059027777777777776,0.12246331812742256,0.1146722802569578,0.2669211179503893,0.003601559033441548,0.01586347063008977,0.0030714689153180917,-1.6833055394324945,0.95,volatility_qlike,descriptive_only
rv_future_7,price_onchain,gbr,sym_conformal,111,1440,1440,1440,1,0.8479166666666667,-0.1020833333333333,0.1020833333333333,0.09375,0.058333333333333334,0.09375,0.058333333333333334,0.1236014504928556,0.11539056272694359,0.24291607234412238,0.003115826190719329,0.015183807980803495,0.0029570756178836353,-1.6899218623466523,0.95,volatility_qlike,descriptive_only
rv_future_7,price_onchain,gbr,sym_conformal,222,1440,1440,1440,1,0.8375,-0.11249999999999993,0.11249999999999993,0.10694444444444444,0.05555555555555555,0.10694444444444444,0.05555555555555555,0.12461664466427264,0.1179913284173209,0.2655958972250219,0.003624243585299933,0.015835635693167073,0.003015653845325518,-1.6826184614598225,0.95,volatility_qlike,descriptive_only
rv_future_7,price_onchain,gbr,sym_conformal,333,1440,1440,1440,1,0.8368055555555556,-0.11319444444444438,0.11319444444444438,0.09722222222222222,0.06597222222222222,0.09722222222222222,0.06597222222222222,0.12138073030159004,0.1113925081153231,0.2330181717732405,0.0027220688574758414,0.014705233974842441,0.003103385436855075,-1.6940311275090485,0.95,volatility_qlike,descriptive_only
rv_future_7,price_onchain,gbr,sym_conformal,444,1440,1440,1440,1,0.8354166666666667,-0.11458333333333326,0.11458333333333326,0.10416666666666667,0.06041666666666667,0.10416666666666667,0.06041666666666667,0.12173468467906841,0.1157412071199698,0.2306712053091046,0.002815113731719672,0.014974695877233348,0.002951666401007849,-1.6913410881408535,0.95,volatility_qlike,descriptive_only
rv_future_7,price_onchain,gbr,sym_conformal,555,1440,1440,1440,1,0.8465277777777778,-0.10347222222222219,0.10347222222222219,0.08541666666666667,0.06805555555555555,0.08541666666666667,0.06805555555555555,0.11796948020835454,0.11314541061180265,0.20492087040386336,0.001969529460163334,0.014508080738404263,0.0031534922999331546,-1.6975448152402244,0.95,volatility_qlike,descriptive_only
rv_future_7,price_onchain,gbr,sym_conformal,666,1440,1440,1440,1,0.8458333333333333,-0.10416666666666663,0.10416666666666663,0.09652777777777778,0.05763888888888889,0.09652777777777778,0.05763888888888889,0.124855928081125,0.11655514098151185,0.26767289111566994,0.003605082760910709,0.01586347063008977,0.003086739516980943,-1.6833055394324945,0.95,volatility_qlike,descriptive_only
rv_future_7,price_onchain,gru,cqr,111,1440,1440,1440,1,0.9604166666666667,0.01041666666666674,0.01041666666666674,0.001388888888888889,0.03819444444444445,0.001388888888888889,0.03819444444444445,0.1790579828593086,0.17513084447443522,0.24498562109250802,0.0015913516204455504,0.013660446856180501,0.004533288906867053,-1.4438463799946109,0.95,volatility_qlike,descriptive_only
rv_future_7,price_onchain,gru,cqr,222,1440,1440,1440,1,0.9840277777777777,0.03402777777777777,0.03402777777777777,0.006944444444444444,0.009027777777777777,0.006944444444444444,0.009027777777777777,0.19044584648602095,0.18923742649464148,0.1969702053252608,0.0014839231348273126,0.012937977434783218,0.0034403319983041087,-1.6920873807329846,0.95,volatility_qlike,descriptive_only
rv_future_7,price_onchain,gru,cqr,333,1440,1440,1440,1,0.94375,-0.006249999999999978,0.006249999999999978,0.009027777777777777,0.04722222222222222,0.009027777777777777,0.04722222222222222,0.16870299604833558,0.16741725072222918,0.22867662806915992,0.0015149225173068043,0.01433964941305028,0.004201993184422098,-1.6080676090673367,0.95,volatility_qlike,descriptive_only
rv_future_7,price_onchain,gru,cqr,444,1440,1440,1440,1,0.9458333333333333,-0.004166666666666652,0.004166666666666652,0.014583333333333334,0.03958333333333333,0.014583333333333334,0.03958333333333333,0.18417289641256254,0.17827521264553065,0.23160855689191026,0.0016937364485227727,0.013695923920128722,0.004096477473774889,-1.6338341789186877,0.95,volatility_qlike,descriptive_only
rv_future_7,price_onchain,gru,cqr,555,1440,1440,1440,1,0.9298611111111111,-0.020138888888888817,0.020138888888888817,0.030555555555555555,0.03958333333333333,0.030555555555555555,0.03958333333333333,0.17046280809071576,0.16719611106063903,0.24008910137746498,0.0018326292408915,0.013988796309096324,0.004169598293545028,-1.640709317304674,0.95,volatility_qlike,descriptive_only
rv_future_7,price_onchain,gru,cqr,666,1440,1440,1440,1,0.9666666666666667,0.01666666666666672,0.01666666666666672,0.016666666666666666,0.016666666666666666,0.016666666666666666,0.016666666666666666,0.18084351472780186,0.17859237274220635,0.20351937239905066,0.0016355555166729374,0.013798698585514791,0.0034524287933032343,-1.67484747763876,0.95,volatility_qlike,descriptive_only
rv_future_7,price_onchain,gru,raw_quantile,111,1440,1440,1440,1,0.9402777777777778,-0.009722222222222188,0.009722222222222188,0.005555555555555556,0.05416666666666667,0.005555555555555556,0.05416666666666667,0.15888190159211163,0.154665008187294,0.25444278326336395,0.0015190441965588109,0.013660446856180501,0.004842025385025192,-1.4438463799946109,0.95,volatility_qlike,descriptive_only
rv_future_7,price_onchain,gru,raw_quantile,222,1440,1440,1440,1,0.9625,0.012500000000000067,0.012500000000000067,0.0125,0.025,0.0125,0.025,0.17954218969454006,0.17544175870716566,0.2105779624208839,0.0014276605449051257,0.012937977434783218,0.003836788515616874,-1.6920873807329846,0.95,volatility_qlike,descriptive_only
rv_future_7,price_onchain,gru,raw_quantile,333,1440,1440,1440,1,0.9027777777777778,-0.047222222222222165,0.047222222222222165,0.013888888888888888,0.08333333333333333,0.013888888888888888,0.08333333333333333,0.150123556720468,0.14632491488009686,0.2591101365469612,0.0014399117296102634,0.01433964941305028,0.00503784168406367,-1.6080676090673367,0.95,volatility_qlike,descriptive_only
rv_future_7,price_onchain,gru,raw_quantile,444,1440,1440,1440,1,0.8875,-0.0625,0.0625,0.015277777777777777,0.09722222222222222,0.015277777777777777,0.09722222222222222,0.1670059874897965,0.15860890597105026,0.28775347504550325,0.0016584238010305266,0.013695923920128722,0.00553541307510696,-1.6338341789186877,0.95,volatility_qlike,descriptive_only
rv_future_7,price_onchain,gru,raw_quantile,555,1440,1440,1440,1,0.8805555555555555,-0.06944444444444442,0.06944444444444442,0.06736111111111111,0.052083333333333336,0.06736111111111111,0.052083333333333336,0.15664498819476447,0.15572373429313302,0.27890131906114196,0.0025504808083340307,0.013988796309096324,0.004422052168194421,-1.640709317304674,0.95,volatility_qlike,descriptive_only
rv_future_7,price_onchain,gru,raw_quantile,666,1440,1440,1440,1,0.9479166666666666,-0.002083333333333326,0.002083333333333326,0.019444444444444445,0.03263888888888889,0.019444444444444445,0.03263888888888889,0.1712971253339977,0.16771295107901096,0.20521587585110243,0.0016077811665279192,0.013798698585514791,0.0035226157297495466,-1.67484747763876,0.95,volatility_qlike,descriptive_only
rv_future_7,price_onchain,gru,regime_cqr,111,1440,1440,1440,1,0.9611111111111111,0.011111111111111183,0.011111111111111183,0.001388888888888889,0.0375,0.001388888888888889,0.0375,0.1795817865239541,0.17600060297878412,0.23974918846481846,0.0015929238802643514,0.013660446856180501,0.004400805831356014,-1.4438463799946109,0.95,volatility_qlike,descriptive_only
rv_future_7,price_onchain,gru,regime_cqr,222,1440,1440,1440,1,0.9847222222222223,0.03472222222222232,0.03472222222222232,0.006944444444444444,0.008333333333333333,0.006944444444444444,0.008333333333333333,0.19163604474750706,0.18962189396095397,0.19787693667271367,0.0014814545657989221,0.012937977434783218,0.0034654688510188216,-1.6920873807329846,0.95,volatility_qlike,descriptive_only
rv_future_7,price_onchain,gru,regime_cqr,333,1440,1440,1440,1,0.9388888888888889,-0.011111111111111072,0.011111111111111072,0.010416666666666666,0.050694444444444445,0.010416666666666666,0.050694444444444445,0.16732077916784335,0.16516503227510204,0.23391351262250176,0.0015126943904770018,0.01433964941305028,0.004335143425085445,-1.6080676090673367,0.95,volatility_qlike,descriptive_only
rv_future_7,price_onchain,gru,regime_cqr,444,1440,1440,1440,1,0.9451388888888889,-0.004861111111111094,0.004861111111111094,0.014583333333333334,0.04027777777777778,0.014583333333333334,0.04027777777777778,0.18424120043029685,0.18009855497519825,0.22902367037548968,0.001691177995857514,0.013695923920128722,0.0040344137635296325,-1.6338341789186877,0.95,volatility_qlike,descriptive_only
rv_future_7,price_onchain,gru,regime_cqr,555,1440,1440,1440,1,0.9291666666666667,-0.02083333333333326,0.02083333333333326,0.030555555555555555,0.04027777777777778,0.030555555555555555,0.04027777777777778,0.1696829390143089,0.16725330613553524,0.23977658132451887,0.001828576017516527,0.013988796309096324,0.004165838515596348,-1.640709317304674,0.95,volatility_qlike,descriptive_only
rv_future_7,price_onchain,gru,regime_cqr,666,1440,1440,1440,1,0.9645833333333333,0.014583333333333393,0.014583333333333393,0.017361111111111112,0.018055555555555554,0.017361111111111112,0.018055555555555554,0.1802306387170807,0.17705953916626804,0.20300808262269215,0.0016269398574778509,0.013798698585514791,0.0034482622080893575,-1.67484747763876,0.95,volatility_qlike,descriptive_only
rv_future_7,price_onchain,gru,regime_sym_conformal,111,1440,1440,1440,1,0.8902777777777777,-0.05972222222222223,0.05972222222222223,0.05,0.059722222222222225,0.05,0.059722222222222225,0.12561232550975232,0.1236432750364675,0.22124573492093316,0.002061075717430488,0.014828740142383239,0.003470067655592745,-1.3448874986965973,0.95,volatility_qlike,descriptive_only
rv_future_7,price_onchain,gru,regime_sym_conformal,222,1440,1440,1440,1,0.8909722222222223,-0.05902777777777768,0.05902777777777768,0.052083333333333336,0.05694444444444444,0.052083333333333336,0.05694444444444444,0.12374242504246305,0.1193668505258528,0.2008902591307774,0.001778186353519098,0.013980273796208054,0.0032440701247502435,-1.6731693190741646,0.95,volatility_qlike,descriptive_only
rv_future_7,price_onchain,gru,regime_sym_conformal,333,1440,1440,1440,1,0.8604166666666667,-0.08958333333333324,0.08958333333333324,0.07013888888888889,0.06944444444444445,0.07013888888888889,0.06944444444444445,0.1181375360198589,0.1059345753018881,0.22350617464530786,0.002121757006953058,0.015861180474910974,0.0034658973591795445,32566.411808882585,0.95,volatility_qlike,descriptive_only
rv_future_7,price_onchain,gru,regime_sym_conformal,444,1440,1440,1440,1,0.8659722222222223,-0.0840277777777777,0.0840277777777777,0.044444444444444446,0.08958333333333333,0.044444444444444446,0.08958333333333333,0.12030477224587904,0.1169416559511251,0.2402443535730856,0.002025481487467114,0.015888073017470514,0.00398062735185993,166954.4997385397,0.95,volatility_qlike,descriptive_only
rv_future_7,price_onchain,gru,regime_sym_conformal,555,1440,1440,1440,1,0.8631944444444445,-0.08680555555555547,0.08680555555555547,0.052083333333333336,0.08472222222222223,0.052083333333333336,0.08472222222222223,0.12027405981732608,0.1090846515033196,0.2319129891283437,0.0020061924530988618,0.015674353478722855,0.003791632275109636,7478.025342200874,0.95,volatility_qlike,descriptive_only
rv_future_7,price_onchain,gru,regime_sym_conformal,666,1440,1440,1440,1,0.8659722222222223,-0.0840277777777777,0.0840277777777777,0.06458333333333334,0.06944444444444445,0.06458333333333334,0.06944444444444445,0.1184903823547976,0.1113688203169669,0.23142049798072262,0.0020572742079522136,0.015220877223559878,0.003728238241565755,16931.581269640392,0.95,volatility_qlike,descriptive_only
rv_future_7,price_onchain,gru,sym_conformal,111,1440,1440,1440,1,0.9104166666666667,-0.039583333333333304,0.039583333333333304,0.03680555555555556,0.05277777777777778,0.03680555555555556,0.05277777777777778,0.12872034327333995,0.12774102389812464,0.21201115149334412,0.0018407567073413073,0.014828740142383239,0.0034595220799921995,-1.3448874986965973,0.95,volatility_qlike,descriptive_only
rv_future_7,price_onchain,gru,sym_conformal,222,1440,1440,1440,1,0.9118055555555555,-0.03819444444444442,0.03819444444444442,0.03680555555555556,0.05138888888888889,0.03680555555555556,0.05138888888888889,0.12575427042837767,0.1193668507039547,0.19475111277110324,0.0016797449478678154,0.013980273796208054,0.00318903287140967,-1.6731693190741646,0.95,volatility_qlike,descriptive_only
rv_future_7,price_onchain,gru,sym_conformal,333,1440,1440,1440,1,0.875,-0.07499999999999996,0.07499999999999996,0.058333333333333334,0.06666666666666667,0.058333333333333334,0.06666666666666667,0.12084741065175165,0.11206712573766706,0.21684899233531393,0.002038187301666461,0.015861180474910974,0.0033830375067162915,32566.411808882585,0.95,volatility_qlike,descriptive_only
rv_future_7,price_onchain,gru,sym_conformal,444,1440,1440,1440,1,0.8819444444444444,-0.06805555555555554,0.06805555555555554,0.0375,0.08055555555555556,0.0375,0.08055555555555556,0.12360994244485883,0.12179854139685625,0.22999544971815208,0.0019896838813513733,0.015888073017470514,0.003760202361602331,166954.4997385397,0.95,volatility_qlike,descriptive_only
rv_future_7,price_onchain,gru,sym_conformal,555,1440,1440,1440,1,0.8701388888888889,-0.07986111111111105,0.07986111111111105,0.04583333333333333,0.08402777777777778,0.04583333333333333,0.08402777777777778,0.12200889776771263,0.11457676440477366,0.23171312990554993,0.00189461238964873,0.015674353478722855,0.0038982158579899235,7478.025342200874,0.95,volatility_qlike,descriptive_only
rv_future_7,price_onchain,gru,sym_conformal,666,1440,1440,1440,1,0.8840277777777777,-0.06597222222222221,0.06597222222222221,0.049305555555555554,0.06666666666666667,0.049305555555555554,0.06666666666666667,0.12223980642803424,0.1221120879054069,0.22251395375406732,0.0018116348323746973,0.015220877223559878,0.003751214011476892,16931.581269640392,0.95,volatility_qlike,descriptive_only
rv_future_7,price_onchain,har_ols,cqr,111,1440,1440,1440,1,0.9305555555555556,-0.019444444444444375,0.019444444444444375,0.022222222222222223,0.04722222222222222,0.022222222222222223,0.04722222222222222,0.17146387206789446,0.16446839200271102,0.24686113193160228,0.0015959488934965034,0.013683255209107847,0.004575579404793459,10395.8851023318,0.95,volatility_qlike,descriptive_only
rv_future_7,price_onchain,har_ols,cqr,222,1440,1440,1440,1,0.9305555555555556,-0.019444444444444375,0.019444444444444375,0.022222222222222223,0.04722222222222222,0.022222222222222223,0.04722222222222222,0.17146387206789446,0.16446839200271102,0.24686113193160228,0.0015959488934965034,0.013683255209107847,0.004575579404793459,10395.8851023318,0.95,volatility_qlike,descriptive_only
rv_future_7,price_onchain,har_ols,cqr,333,1440,1440,1440,1,0.9305555555555556,-0.019444444444444375,0.019444444444444375,0.022222222222222223,0.04722222222222222,0.022222222222222223,0.04722222222222222,0.17146387206789446,0.16446839200271102,0.24686113193160228,0.0015959488934965034,0.013683255209107847,0.004575579404793459,10395.8851023318,0.95,volatility_qlike,descriptive_only
rv_future_7,price_onchain,har_ols,cqr,444,1440,1440,1440,1,0.9305555555555556,-0.019444444444444375,0.019444444444444375,0.022222222222222223,0.04722222222222222,0.022222222222222223,0.04722222222222222,0.17146387206789446,0.16446839200271102,0.24686113193160228,0.0015959488934965034,0.013683255209107847,0.004575579404793459,10395.8851023318,0.95,volatility_qlike,descriptive_only
rv_future_7,price_onchain,har_ols,cqr,555,1440,1440,1440,1,0.9305555555555556,-0.019444444444444375,0.019444444444444375,0.022222222222222223,0.04722222222222222,0.022222222222222223,0.04722222222222222,0.17146387206789446,0.16446839200271102,0.24686113193160228,0.0015959488934965034,0.013683255209107847,0.004575579404793459,10395.8851023318,0.95,volatility_qlike,descriptive_only
rv_future_7,price_onchain,har_ols,cqr,666,1440,1440,1440,1,0.9305555555555556,-0.019444444444444375,0.019444444444444375,0.022222222222222223,0.04722222222222222,0.022222222222222223,0.04722222222222222,0.17146387206789446,0.16446839200271102,0.24686113193160228,0.0015959488934965034,0.013683255209107847,0.004575579404793459,10395.8851023318,0.95,volatility_qlike,descriptive_only
rv_future_7,price_onchain,har_ols,raw_quantile,111,1440,1440,1440,1,0.8375,-0.11249999999999993,0.11249999999999993,0.05486111111111111,0.1076388888888889,0.05486111111111111,0.1076388888888889,0.13520651444515552,0.12270002829820895,0.2968356473542194,0.0015382934331868978,0.013683255209107847,0.0058825977506684925,10395.8851023318,0.95,volatility_qlike,descriptive_only
rv_future_7,price_onchain,har_ols,raw_quantile,222,1440,1440,1440,1,0.8375,-0.11249999999999993,0.11249999999999993,0.05486111111111111,0.1076388888888889,0.05486111111111111,0.1076388888888889,0.13520651444515552,0.12270002829820895,0.2968356473542194,0.0015382934331868978,0.013683255209107847,0.0058825977506684925,10395.8851023318,0.95,volatility_qlike,descriptive_only
rv_future_7,price_onchain,har_ols,raw_quantile,333,1440,1440,1440,1,0.8375,-0.11249999999999993,0.11249999999999993,0.05486111111111111,0.1076388888888889,0.05486111111111111,0.1076388888888889,0.13520651444515552,0.12270002829820895,0.2968356473542194,0.0015382934331868978,0.013683255209107847,0.0058825977506684925,10395.8851023318,0.95,volatility_qlike,descriptive_only
rv_future_7,price_onchain,har_ols,raw_quantile,444,1440,1440,1440,1,0.8375,-0.11249999999999993,0.11249999999999993,0.05486111111111111,0.1076388888888889,0.05486111111111111,0.1076388888888889,0.13520651444515552,0.12270002829820895,0.2968356473542194,0.0015382934331868978,0.013683255209107847,0.0058825977506684925,10395.8851023318,0.95,volatility_qlike,descriptive_only
rv_future_7,price_onchain,har_ols,raw_quantile,555,1440,1440,1440,1,0.8375,-0.11249999999999993,0.11249999999999993,0.05486111111111111,0.1076388888888889,0.05486111111111111,0.1076388888888889,0.13520651444515552,0.12270002829820895,0.2968356473542194,0.0015382934331868978,0.013683255209107847,0.0058825977506684925,10395.8851023318,0.95,volatility_qlike,descriptive_only
rv_future_7,price_onchain,har_ols,raw_quantile,666,1440,1440,1440,1,0.8375,-0.11249999999999993,0.11249999999999993,0.05486111111111111,0.1076388888888889,0.05486111111111111,0.1076388888888889,0.13520651444515552,0.12270002829820895,0.2968356473542194,0.0015382934331868978,0.013683255209107847,0.0058825977506684925,10395.8851023318,0.95,volatility_qlike,descriptive_only
rv_future_7,price_onchain,har_ols,regime_cqr,111,1440,1440,1440,1,0.9243055555555556,-0.025694444444444353,0.025694444444444353,0.020833333333333332,0.05486111111111111,0.020833333333333332,0.05486111111111111,0.16802430481518701,0.1571135226485742,0.25351958935314656,0.0015572811003606505,0.013683255209107847,0.004780708633467918,10395.8851023318,0.95,volatility_qlike,descriptive_only
rv_future_7,price_onchain,har_ols,regime_cqr,222,1440,1440,1440,1,0.9243055555555556,-0.025694444444444353,0.025694444444444353,0.020833333333333332,0.05486111111111111,0.020833333333333332,0.05486111111111111,0.16802430481518701,0.1571135226485742,0.25351958935314656,0.0015572811003606505,0.013683255209107847,0.004780708633467918,10395.8851023318,0.95,volatility_qlike,descriptive_only
rv_future_7,price_onchain,har_ols,regime_cqr,333,1440,1440,1440,1,0.9243055555555556,-0.025694444444444353,0.025694444444444353,0.020833333333333332,0.05486111111111111,0.020833333333333332,0.05486111111111111,0.16802430481518701,0.1571135226485742,0.25351958935314656,0.0015572811003606505,0.013683255209107847,0.004780708633467918,10395.8851023318,0.95,volatility_qlike,descriptive_only
rv_future_7,price_onchain,har_ols,regime_cqr,444,1440,1440,1440,1,0.9243055555555556,-0.025694444444444353,0.025694444444444353,0.020833333333333332,0.05486111111111111,0.020833333333333332,0.05486111111111111,0.16802430481518701,0.1571135226485742,0.25351958935314656,0.0015572811003606505,0.013683255209107847,0.004780708633467918,10395.8851023318,0.95,volatility_qlike,descriptive_only
rv_future_7,price_onchain,har_ols,regime_cqr,555,1440,1440,1440,1,0.9243055555555556,-0.025694444444444353,0.025694444444444353,0.020833333333333332,0.05486111111111111,0.020833333333333332,0.05486111111111111,0.16802430481518701,0.1571135226485742,0.25351958935314656,0.0015572811003606505,0.013683255209107847,0.004780708633467918,10395.8851023318,0.95,volatility_qlike,descriptive_only
rv_future_7,price_onchain,har_ols,regime_cqr,666,1440,1440,1440,1,0.9243055555555556,-0.025694444444444353,0.025694444444444353,0.020833333333333332,0.05486111111111111,0.020833333333333332,0.05486111111111111,0.16802430481518701,0.1571135226485742,0.25351958935314656,0.0015572811003606505,0.013683255209107847,0.004780708633467918,10395.8851023318,0.95,volatility_qlike,descriptive_only
rv_future_7,price_onchain,har_ols,regime_sym_conformal,111,1440,1440,1440,1,0.9,-0.04999999999999993,0.04999999999999993,0.02361111111111111,0.0763888888888889,0.02361111111111111,0.0763888888888889,0.11844881499148958,0.109176560911562,0.2127752745783076,0.0015700736818940193,0.01491310256488516,0.003749308182563576,10395.925447170428,0.95,volatility_qlike,descriptive_only
rv_future_7,price_onchain,har_ols,regime_sym_conformal,222,1440,1440,1440,1,0.9,-0.04999999999999993,0.04999999999999993,0.02361111111111111,0.0763888888888889,0.02361111111111111,0.0763888888888889,0.11844881499148958,0.109176560911562,0.2127752745783076,0.0015700736818940193,0.01491310256488516,0.003749308182563576,10395.925447170428,0.95,volatility_qlike,descriptive_only
rv_future_7,price_onchain,har_ols,regime_sym_conformal,333,1440,1440,1440,1,0.9,-0.04999999999999993,0.04999999999999993,0.02361111111111111,0.0763888888888889,0.02361111111111111,0.0763888888888889,0.11844881499148958,0.109176560911562,0.2127752745783076,0.0015700736818940193,0.01491310256488516,0.003749308182563576,10395.925447170428,0.95,volatility_qlike,descriptive_only
rv_future_7,price_onchain,har_ols,regime_sym_conformal,444,1440,1440,1440,1,0.9,-0.04999999999999993,0.04999999999999993,0.02361111111111111,0.0763888888888889,0.02361111111111111,0.0763888888888889,0.11844881499148958,0.109176560911562,0.2127752745783076,0.0015700736818940193,0.01491310256488516,0.003749308182563576,10395.925447170428,0.95,volatility_qlike,descriptive_only
rv_future_7,price_onchain,har_ols,regime_sym_conformal,555,1440,1440,1440,1,0.9,-0.04999999999999993,0.04999999999999993,0.02361111111111111,0.0763888888888889,0.02361111111111111,0.0763888888888889,0.11844881499148958,0.109176560911562,0.2127752745783076,0.0015700736818940193,0.01491310256488516,0.003749308182563576,10395.925447170428,0.95,volatility_qlike,descriptive_only
rv_future_7,price_onchain,har_ols,regime_sym_conformal,666,1440,1440,1440,1,0.9,-0.04999999999999993,0.04999999999999993,0.02361111111111111,0.0763888888888889,0.02361111111111111,0.0763888888888889,0.11844881499148958,0.109176560911562,0.2127752745783076,0.0015700736818940193,0.01491310256488516,0.003749308182563576,10395.925447170428,0.95,volatility_qlike,descriptive_only
rv_future_7,price_onchain,har_ols,sym_conformal,111,1440,1440,1440,1,0.9,-0.04999999999999993,0.04999999999999993,0.024305555555555556,0.07569444444444444,0.024305555555555556,0.07569444444444444,0.12004675957240418,0.1077025773547265,0.21367454498504435,0.00162399920026899,0.01491310256488516,0.0037178644243570213,10395.925447170428,0.95,volatility_qlike,descriptive_only
rv_future_7,price_onchain,har_ols,sym_conformal,222,1440,1440,1440,1,0.9,-0.04999999999999993,0.04999999999999993,0.024305555555555556,0.07569444444444444,0.024305555555555556,0.07569444444444444,0.12004675957240418,0.1077025773547265,0.21367454498504435,0.00162399920026899,0.01491310256488516,0.0037178644243570213,10395.925447170428,0.95,volatility_qlike,descriptive_only
rv_future_7,price_onchain,har_ols,sym_conformal,333,1440,1440,1440,1,0.9,-0.04999999999999993,0.04999999999999993,0.024305555555555556,0.07569444444444444,0.024305555555555556,0.07569444444444444,0.12004675957240418,0.1077025773547265,0.21367454498504435,0.00162399920026899,0.01491310256488516,0.0037178644243570213,10395.925447170428,0.95,volatility_qlike,descriptive_only
rv_future_7,price_onchain,har_ols,sym_conformal,444,1440,1440,1440,1,0.9,-0.04999999999999993,0.04999999999999993,0.024305555555555556,0.07569444444444444,0.024305555555555556,0.07569444444444444,0.12004675957240418,0.1077025773547265,0.21367454498504435,0.00162399920026899,0.01491310256488516,0.0037178644243570213,10395.925447170428,0.95,volatility_qlike,descriptive_only
rv_future_7,price_onchain,har_ols,sym_conformal,555,1440,1440,1440,1,0.9,-0.04999999999999993,0.04999999999999993,0.024305555555555556,0.07569444444444444,0.024305555555555556,0.07569444444444444,0.12004675957240418,0.1077025773547265,0.21367454498504435,0.00162399920026899,0.01491310256488516,0.0037178644243570213,10395.925447170428,0.95,volatility_qlike,descriptive_only
rv_future_7,price_onchain,har_ols,sym_conformal,666,1440,1440,1440,1,0.9,-0.04999999999999993,0.04999999999999993,0.024305555555555556,0.07569444444444444,0.024305555555555556,0.07569444444444444,0.12004675957240418,0.1077025773547265,0.21367454498504435,0.00162399920026899,0.01491310256488516,0.0037178644243570213,10395.925447170428,0.95,volatility_qlike,descriptive_only
rv_future_7,price_onchain,lstm,cqr,111,1440,1440,1440,1,0.9645833333333333,0.014583333333333393,0.014583333333333393,0.0006944444444444445,0.034722222222222224,0.0006944444444444445,0.034722222222222224,0.1588569433119597,0.15296224684334184,0.2054265043781986,0.0015485253570383982,0.014053307403507355,0.0035871372524164695,-1.6802318847407718,0.95,volatility_qlike,descriptive_only
rv_future_7,price_onchain,lstm,cqr,222,1440,1440,1440,1,0.9590277777777778,0.009027777777777857,0.009027777777777857,0.018055555555555554,0.022916666666666665,0.018055555555555554,0.022916666666666665,0.1539683653036817,0.15227913208575675,0.18577932296124938,0.0015848861422727981,0.013590946985314368,0.003059596931758342,18744.841165993126,0.95,volatility_qlike,descriptive_only
rv_future_7,price_onchain,lstm,cqr,333,1440,1440,1440,1,0.9298611111111111,-0.020138888888888817,0.020138888888888817,0.03680555555555556,0.03333333333333333,0.03680555555555556,0.03333333333333333,0.14489016177809022,0.1394910980015993,0.1875255154203436,0.0014819678742239181,0.014805466760164017,0.003206170011284578,-1.6217787032660833,0.95,volatility_qlike,descriptive_only
rv_future_7,price_onchain,lstm,cqr,444,1440,1440,1440,1,0.9194444444444444,-0.030555555555555558,0.030555555555555558,0.034027777777777775,0.04652777777777778,0.034027777777777775,0.04652777777777778,0.13914985305648572,0.1302666682749986,0.19808068830700093,0.0017526695982629287,0.013866937307855423,0.0031993476094119987,-1.6835913702340615,0.95,volatility_qlike,descriptive_only
rv_future_7,price_onchain,lstm,cqr,555,1440,1440,1440,1,0.9506944444444444,0.000694444444444442,0.000694444444444442,0.02013888888888889,0.029166666666666667,0.02013888888888889,0.029166666666666667,0.14994705715745657,0.14705568766095284,0.19636199084820155,0.0016250863450003369,0.01498131716333748,0.0032839634262046033,-1.5759207222005105,0.95,volatility_qlike,descriptive_only
rv_future_7,price_onchain,lstm,cqr,666,1440,1440,1440,1,0.95,0.0,0.0,0.010416666666666666,0.03958333333333333,0.010416666666666666,0.03958333333333333,0.14051600233469866,0.12923375726786496,0.18000921696364738,0.0014676112947833995,0.014275749610649532,0.00303261912930769,-1.6684483241441177,0.95,volatility_qlike,descriptive_only
rv_future_7,price_onchain,lstm,raw_quantile,111,1440,1440,1440,1,0.9451388888888889,-0.004861111111111094,0.004861111111111094,0.011805555555555555,0.043055555555555555,0.011805555555555555,0.043055555555555555,0.14214069703367482,0.13853792846202845,0.2048608468365188,0.0015066348605571236,0.014053307403507355,0.003614886310355749,-1.6802318847407718,0.95,volatility_qlike,descriptive_only
rv_future_7,price_onchain,lstm,raw_quantile,222,1440,1440,1440,1,0.9263888888888889,-0.023611111111111027,0.023611111111111027,0.03888888888888889,0.034722222222222224,0.03888888888888889,0.034722222222222224,0.1385342733910268,0.13815449364483354,0.18518625609583303,0.0016547749161404683,0.013590946985314368,0.0029748814862552617,18744.841165993126,0.95,volatility_qlike,descriptive_only
rv_future_7,price_onchain,lstm,raw_quantile,333,1440,1440,1440,1,0.8805555555555555,-0.06944444444444442,0.06944444444444442,0.06736111111111111,0.052083333333333336,0.06736111111111111,0.052083333333333336,0.12736279210868004,0.1249702032655477,0.21121307596942732,0.001922477942421745,0.014805466760164017,0.003357848956813843,-1.6217787032660833,0.95,volatility_qlike,descriptive_only
rv_future_7,price_onchain,lstm,raw_quantile,444,1440,1440,1440,1,0.8854166666666666,-0.06458333333333333,0.06458333333333333,0.058333333333333334,0.05625,0.058333333333333334,0.05625,0.11585414346465966,0.11663309205323455,0.1980644830239777,0.0018133734366983993,0.013866937307855423,0.0031382386389009463,-1.6835913702340615,0.95,volatility_qlike,descriptive_only
rv_future_7,price_onchain,lstm,raw_quantile,555,1440,1440,1440,1,0.9208333333333333,-0.029166666666666674,0.029166666666666674,0.024305555555555556,0.05486111111111111,0.024305555555555556,0.05486111111111111,0.12905211938357547,0.12841628864407534,0.21309056261133752,0.0015513069372441303,0.01498131716333748,0.003775957128039209,-1.5759207222005105,0.95,volatility_qlike,descriptive_only
rv_future_7,price_onchain,lstm,raw_quantile,666,1440,1440,1440,1,0.8888888888888888,-0.061111111111111116,0.061111111111111116,0.029861111111111113,0.08125,0.029861111111111113,0.08125,0.11570735856011093,0.11098458804190155,0.20634343394516044,0.0015678066422513141,0.014275749610649532,0.003590779206377601,-1.6684483241441177,0.95,volatility_qlike,descriptive_only
rv_future_7,price_onchain,lstm,regime_cqr,111,1440,1440,1440,1,0.9666666666666667,0.01666666666666672,0.01666666666666672,0.0006944444444444445,0.03263888888888889,0.0006944444444444445,0.03263888888888889,0.1596495251563647,0.15379326190183162,0.2023919469795013,0.001553106103098754,0.014053307403507355,0.0035066925713886834,-1.6802318847407718,0.95,volatility_qlike,descriptive_only
rv_future_7,price_onchain,lstm,regime_cqr,222,1440,1440,1440,1,0.9590277777777778,0.009027777777777857,0.009027777777777857,0.018055555555555554,0.022916666666666665,0.018055555555555554,0.022916666666666665,0.15312697634592787,0.15029373296826481,0.1853854471703162,0.0015881244218162707,0.013590946985314368,0.0030465117574415383,18744.841165993126,0.95,volatility_qlike,descriptive_only
rv_future_7,price_onchain,lstm,regime_cqr,333,1440,1440,1440,1,0.9263888888888889,-0.023611111111111027,0.023611111111111027,0.03958333333333333,0.034027777777777775,0.03958333333333333,0.034027777777777775,0.1436806476131685,0.1357477270066738,0.1880701194932055,0.0015059440502182518,0.014805466760164017,0.0031958089371117914,-1.6217787032660833,0.95,volatility_qlike,descriptive_only
rv_future_7,price_onchain,lstm,regime_cqr,444,1440,1440,1440,1,0.9215277777777777,-0.028472222222222232,0.028472222222222232,0.034027777777777775,0.044444444444444446,0.034027777777777775,0.044444444444444446,0.13922331685141534,0.13009506328425696,0.1965838762617274,0.0017527337535448051,0.013866937307855423,0.0031618631529982824,-1.6835913702340615,0.95,volatility_qlike,descriptive_only
rv_future_7,price_onchain,lstm,regime_cqr,555,1440,1440,1440,1,0.9493055555555555,-0.000694444444444442,0.000694444444444442,0.020833333333333332,0.029861111111111113,0.020833333333333332,0.029861111111111113,0.1466907536685887,0.14258624827557403,0.19312347956625087,0.0016121010051290152,0.01498131716333748,0.0032159859840271586,-1.5759207222005105,0.95,volatility_qlike,descriptive_only
rv_future_7,price_onchain,lstm,regime_cqr,666,1440,1440,1440,1,0.9486111111111111,-0.001388888888888884,0.001388888888888884,0.013888888888888888,0.0375,0.013888888888888888,0.0375,0.14034972177630892,0.12939478896438156,0.18041611395247306,0.0014799411557739762,0.014275749610649532,0.0030304616930377534,-1.6684483241441177,0.95,volatility_qlike,descriptive_only
rv_future_7,price_onchain,lstm,regime_sym_conformal,111,1440,1440,1440,1,0.8618055555555556,-0.08819444444444435,0.08819444444444435,0.05347222222222222,0.08472222222222223,0.05347222222222222,0.08472222222222223,0.11974868700622629,0.1146351358003585,0.21841604424836503,0.001815564593883928,0.014628645024480944,0.0036448365123251,3604.204506207714,0.95,volatility_qlike,descriptive_only
rv_future_7,price_onchain,lstm,regime_sym_conformal,222,1440,1440,1440,1,0.9145833333333333,-0.03541666666666665,0.03541666666666665,0.025694444444444443,0.059722222222222225,0.025694444444444443,0.059722222222222225,0.13163879605082363,0.12763500146424467,0.18982272999850353,0.0016520949439347585,0.0159172069817901,0.00309347330602773,140399.5953298809,0.95,volatility_qlike,descriptive_only
rv_future_7,price_onchain,lstm,regime_sym_conformal,333,1440,1440,1440,1,0.8958333333333334,-0.054166666666666585,0.054166666666666585,0.034027777777777775,0.07013888888888889,0.034027777777777775,0.07013888888888889,0.12510389908398728,0.1228043141421557,0.220145380253589,0.001732039775588499,0.014831510517107646,0.0037715947307511316,9310.042984495945,0.95,volatility_qlike,descriptive_only
rv_future_7,price_onchain,lstm,regime_sym_conformal,444,1440,1440,1440,1,0.8965277777777778,-0.05347222222222214,0.05347222222222214,0.04861111111111111,0.05486111111111111,0.04861111111111111,0.05486111111111111,0.12246436071317633,0.1094432028588534,0.1971162729211781,0.0017439059133821122,0.014203227829004645,0.0031840009096472444,-1.690846630410308,0.95,volatility_qlike,descriptive_only
rv_future_7,price_onchain,lstm,regime_sym_conformal,555,1440,1440,1440,1,0.8784722222222222,-0.07152777777777775,0.07152777777777775,0.05277777777777778,0.06875,0.05277777777777778,0.06875,0.1317470441217384,0.1248385514819347,0.21763532759263665,0.0019071726292607036,0.015739266072191928,0.003533710560555117,-1.6463004471891796,0.95,volatility_qlike,descriptive_only
rv_future_7,price_onchain,lstm,regime_sym_conformal,666,1440,1440,1440,1,0.8777777777777778,-0.07222222222222219,0.07222222222222219,0.029166666666666667,0.09305555555555556,0.029166666666666667,0.09305555555555556,0.11563077268483926,0.1083302854908206,0.2205244122432008,0.001572517599964893,0.013767309448768472,0.00394059270611503,-1.6795081452823164,0.95,volatility_qlike,descriptive_only
rv_future_7,price_onchain,lstm,sym_conformal,111,1440,1440,1440,1,0.8708333333333333,-0.07916666666666661,0.07916666666666661,0.04236111111111111,0.08680555555555555,0.04236111111111111,0.08680555555555555,0.12212526025767952,0.1146351359784603,0.21865156147280168,0.001771027342200202,0.014628645024480944,0.0036952616946197424,3604.204506207714,0.95,volatility_qlike,descriptive_only
rv_future_7,price_onchain,lstm,sym_conformal,222,1440,1440,1440,1,0.9152777777777777,-0.03472222222222221,0.03472222222222221,0.020833333333333332,0.06388888888888888,0.020833333333333332,0.06388888888888888,0.13208407041513257,0.128106415271759,0.19671811940102346,0.0016015376912414897,0.0159172069817901,0.0033164152937840007,140399.5953298809,0.95,volatility_qlike,descriptive_only
rv_future_7,price_onchain,lstm,sym_conformal,333,1440,1440,1440,1,0.9027777777777778,-0.047222222222222165,0.047222222222222165,0.025694444444444443,0.07152777777777777,0.025694444444444443,0.07152777777777777,0.12657753032011287,0.1260984987020492,0.21992740348737227,0.001634167098821644,0.014831510517107646,0.003864017988362566,9310.042984495945,0.95,volatility_qlike,descriptive_only
rv_future_7,price_onchain,lstm,sym_conformal,444,1440,1440,1440,1,0.9027777777777778,-0.047222222222222165,0.047222222222222165,0.04097222222222222,0.05625,0.04097222222222222,0.05625,0.12267772694790939,0.1060261391103267,0.19421681655039807,0.0015901715640937262,0.014203227829004645,0.003265248849666131,-1.690846630410308,0.95,volatility_qlike,descriptive_only
rv_future_7,price_onchain,lstm,sym_conformal,555,1440,1440,1440,1,0.8805555555555555,-0.06944444444444442,0.06944444444444442,0.049305555555555554,0.07013888888888889,0.049305555555555554,0.07013888888888889,0.1310037923718078,0.1248385496437549,0.2211920992734274,0.0020064853921410936,0.015739266072191928,0.0035233170896944955,-1.6463004471891796,0.95,volatility_qlike,descriptive_only
rv_future_7,price_onchain,lstm,sym_conformal,666,1440,1440,1440,1,0.8875,-0.0625,0.0625,0.022916666666666665,0.08958333333333333,0.022916666666666665,0.08958333333333333,0.11748302719917972,0.1083302907645702,0.20971547829267878,0.0015056758674764615,0.013767309448768472,0.003737211089840411,-1.6795081452823164,0.95,volatility_qlike,descriptive_only
rv_future_7,price_onchain,rf,cqr,111,1440,1440,1440,1,0.9409722222222222,-0.009027777777777746,0.009027777777777746,0.041666666666666664,0.017361111111111112,0.041666666666666664,0.017361111111111112,0.1677344813738289,0.14689670607407634,0.19352085304873434,0.0014055289899417393,0.019728478600855644,0.0034324923362765245,-1.6336083433309017,0.95,volatility_qlike,descriptive_only
rv_future_7,price_onchain,rf,cqr,222,1440,1440,1440,1,0.94375,-0.006249999999999978,0.006249999999999978,0.03611111111111111,0.02013888888888889,0.03611111111111111,0.02013888888888889,0.1760040877517612,0.1501818078466066,0.20077790770175621,0.0013936763440423766,0.01954740454333347,0.003625771348501434,-1.6352247365157844,0.95,volatility_qlike,descriptive_only
rv_future_7,price_onchain,rf,cqr,333,1440,1440,1440,1,0.9208333333333333,-0.029166666666666674,0.029166666666666674,0.04583333333333333,0.03333333333333333,0.04583333333333333,0.03333333333333333,0.16808656019552953,0.1346571110238507,0.20234730351024482,0.001475289163614858,0.016742310058214437,0.003583393424141168,-1.6739796295936369,0.95,volatility_qlike,descriptive_only
rv_future_7,price_onchain,rf,cqr,444,1440,1440,1440,1,0.9451388888888889,-0.004861111111111094,0.004861111111111094,0.03680555555555556,0.018055555555555554,0.03680555555555556,0.018055555555555554,0.17135849729850783,0.1502137540983646,0.19717989322991372,0.0014202092668874964,0.019826962420090445,0.0035092880638602536,-1.6323951800367078,0.95,volatility_qlike,descriptive_only
rv_future_7,price_onchain,rf,cqr,555,1440,1440,1440,1,0.9368055555555556,-0.013194444444444398,0.013194444444444398,0.041666666666666664,0.021527777777777778,0.041666666666666664,0.021527777777777778,0.16823633092304657,0.15058162048023466,0.19730313374450356,0.0014184775978460322,0.01898225423860462,0.00351410074576646,-1.647063392405426,0.95,volatility_qlike,descriptive_only
rv_future_7,price_onchain,rf,cqr,666,1440,1440,1440,1,0.9319444444444445,-0.01805555555555549,0.01805555555555549,0.03888888888888889,0.029166666666666667,0.03888888888888889,0.029166666666666667,0.1642795137143434,0.1485700513162772,0.19103949674915227,0.0013896434052671836,0.016573978049193968,0.003386344013461528,-1.6654982980490078,0.95,volatility_qlike,descriptive_only
rv_future_7,price_onchain,rf,raw_quantile,111,1440,1440,1440,1,0.8402777777777778,-0.10972222222222217,0.10972222222222217,0.12638888888888888,0.03333333333333333,0.12638888888888888,0.03333333333333333,0.1388626662292808,0.12027937863269965,0.21250088994662306,0.0018333532700406626,0.019728478600855644,0.0034791689786248204,-1.6336083433309017,0.95,volatility_qlike,descriptive_only
rv_future_7,price_onchain,rf,raw_quantile,222,1440,1440,1440,1,0.8375,-0.11249999999999993,0.11249999999999993,0.12569444444444444,0.03680555555555556,0.12569444444444444,0.03680555555555556,0.14562969816170404,0.12154364935343226,0.21801191080349852,0.0017799699791280115,0.01954740454333347,0.0036703277909593576,-1.6352247365157844,0.95,volatility_qlike,descriptive_only
rv_future_7,price_onchain,rf,raw_quantile,333,1440,1440,1440,1,0.6215277777777778,-0.32847222222222217,0.32847222222222217,0.30833333333333335,0.07013888888888889,0.30833333333333335,0.07013888888888889,0.10810569410069969,0.0846362012409958,0.35012985779031214,0.004673171510139068,0.016742310058214437,0.00408007493461864,-1.6739796295936369,0.95,volatility_qlike,descriptive_only
rv_future_7,price_onchain,rf,raw_quantile,444,1440,1440,1440,1,0.8583333333333333,-0.09166666666666667,0.09166666666666667,0.10972222222222222,0.03194444444444444,0.10972222222222222,0.03194444444444444,0.1424823280752932,0.1231416841192052,0.20942483871473985,0.001712315400615074,0.019826962420090445,0.0035233055672533307,-1.6323951800367078,0.95,volatility_qlike,descriptive_only
rv_future_7,price_onchain,rf,raw_quantile,555,1440,1440,1440,1,0.79375,-0.15625,0.15625,0.1638888888888889,0.04236111111111111,0.1638888888888889,0.04236111111111111,0.1310693762969508,0.1130884847324023,0.23273773753280816,0.0022455594544366665,0.01898225423860462,0.0035728839838834433,-1.647063392405426,0.95,volatility_qlike,descriptive_only
rv_future_7,price_onchain,rf,raw_quantile,666,1440,1440,1440,1,0.78125,-0.16874999999999996,0.16874999999999996,0.16944444444444445,0.049305555555555554,0.16944444444444445,0.049305555555555554,0.12271413782467432,0.10329259759945385,0.23963507093650077,0.0023758000592859355,0.016573978049193968,0.0036150767141264898,-1.6654982980490078,0.95,volatility_qlike,descriptive_only
rv_future_7,price_onchain,rf,regime_cqr,111,1440,1440,1440,1,0.9277777777777778,-0.022222222222222143,0.022222222222222143,0.05,0.022222222222222223,0.05,0.022222222222222223,0.16445238248863792,0.14554413586097645,0.1967114438312412,0.00147009131237519,0.019728478600855644,0.0034476947834057438,-1.6336083433309017,0.95,volatility_qlike,descriptive_only
rv_future_7,price_onchain,rf,regime_cqr,222,1440,1440,1440,1,0.9284722222222223,-0.0215277777777777,0.0215277777777777,0.04791666666666667,0.02361111111111111,0.04791666666666667,0.02361111111111111,0.17278247213950948,0.1491870629748829,0.20395995245689136,0.0014651275004217714,0.01954740454333347,0.0036338713110004176,-1.6352247365157844,0.95,volatility_qlike,descriptive_only
rv_future_7,price_onchain,rf,regime_cqr,333,1440,1440,1440,1,0.9111111111111111,-0.03888888888888886,0.03888888888888886,0.050694444444444445,0.03819444444444445,0.050694444444444445,0.03819444444444445,0.16445286491206565,0.13164970994318437,0.20493582383556966,0.0014944297432945182,0.016742310058214437,0.003628965852594628,-1.6739796295936369,0.95,volatility_qlike,descriptive_only
rv_future_7,price_onchain,rf,regime_cqr,444,1440,1440,1440,1,0.9354166666666667,-0.014583333333333282,0.014583333333333282,0.044444444444444446,0.02013888888888889,0.044444444444444446,0.02013888888888889,0.16858834121758715,0.14908341784303544,0.19888472875097232,0.0014470666596493728,0.019826962420090445,0.0035250515591248423,-1.6323951800367078,0.95,volatility_qlike,descriptive_only
rv_future_7,price_onchain,rf,regime_cqr,555,1440,1440,1440,1,0.9180555555555555,-0.03194444444444444,0.03194444444444444,0.052083333333333336,0.029861111111111113,0.052083333333333336,0.029861111111111113,0.16560655081876036,0.14909655497398444,0.2016528732039956,0.00150744647912769,0.01898225423860462,0.0035338753509721044,-1.647063392405426,0.95,volatility_qlike,descriptive_only
rv_future_7,price_onchain,rf,regime_cqr,666,1440,1440,1440,1,0.9152777777777777,-0.03472222222222221,0.03472222222222221,0.050694444444444445,0.034027777777777775,0.050694444444444445,0.034027777777777775,0.16203762918026748,0.14759137951329745,0.19666209983428512,0.0014866041076306272,0.016573978049193968,0.003429948388226406,-1.6654982980490078,0.95,volatility_qlike,descriptive_only
rv_future_7,price_onchain,rf,regime_sym_conformal,111,1440,1440,1440,1,0.8173611111111111,-0.13263888888888886,0.13263888888888886,0.12708333333333333,0.05555555555555555,0.12708333333333333,0.05555555555555555,0.14111364531032086,0.1229994838796484,0.31121263644142666,0.0044104302321173235,0.0195750802899269,0.003369885678918248,-1.6428239676297918,0.95,volatility_qlike,descriptive_only
rv_future_7,price_onchain,rf,regime_sym_conformal,222,1440,1440,1440,1,0.81875,-0.13124999999999998,0.13124999999999998,0.12777777777777777,0.05347222222222222,0.12777777777777777,0.05347222222222222,0.14166199336733765,0.1240922299717245,0.3173876757763798,0.004547150017771824,0.019626772174185285,0.0033875418766375776,-1.6419048906634506,0.95,volatility_qlike,descriptive_only
rv_future_7,price_onchain,rf,regime_sym_conformal,333,1440,1440,1440,1,0.8055555555555556,-0.14444444444444438,0.14444444444444438,0.14305555555555555,0.05138888888888889,0.14305555555555555,0.05138888888888889,0.13437137477895064,0.1165139737955869,0.30523678208255844,0.004419242857024089,0.018085531073442348,0.003211676695039777,-1.6612823530791803,0.95,volatility_qlike,descriptive_only
rv_future_7,price_onchain,rf,regime_sym_conformal,444,1440,1440,1440,1,0.8097222222222222,-0.14027777777777772,0.14027777777777772,0.13402777777777777,0.05625,0.13402777777777777,0.05625,0.14025087350437668,0.1211400765956759,0.31214091251551734,0.004377246673951217,0.019725157052178748,0.0034262761389366185,-1.6417283128005409,0.95,volatility_qlike,descriptive_only
rv_future_7,price_onchain,rf,regime_sym_conformal,555,1440,1440,1440,1,0.81875,-0.13124999999999998,0.13124999999999998,0.13055555555555556,0.050694444444444445,0.13055555555555556,0.050694444444444445,0.13838383089036638,0.1173762850272014,0.314736691863917,0.004546338525075421,0.01923244960579813,0.0033220787715224106,-1.6475131575075188,0.95,volatility_qlike,descriptive_only
rv_future_7,price_onchain,rf,regime_sym_conformal,666,1440,1440,1440,1,0.7958333333333333,-0.15416666666666667,0.15416666666666667,0.14166666666666666,0.0625,0.14166666666666666,0.0625,0.12548978087032744,0.1205863484552212,0.26857320622099007,0.003564739766826415,0.01791412844528227,0.0031495903886982423,-1.6606345288848656,0.95,volatility_qlike,descriptive_only
rv_future_7,price_onchain,rf,sym_conformal,111,1440,1440,1440,1,0.8291666666666667,-0.12083333333333324,0.12083333333333324,0.11805555555555555,0.05277777777777778,0.11805555555555555,0.05277777777777778,0.14260526127632672,0.1229994838796484,0.2994012500951503,0.004178033318805826,0.0195750802899269,0.0033069979335728357,-1.6428239676297918,0.95,volatility_qlike,descriptive_only
rv_future_7,price_onchain,rf,sym_conformal,222,1440,1440,1440,1,0.8305555555555556,-0.11944444444444435,0.11944444444444435,0.11805555555555555,0.05138888888888889,0.11805555555555555,0.05138888888888889,0.14356102683936756,0.1240922299717245,0.30199766372965076,0.004207780397687447,0.019626772174185285,0.003342161195553728,-1.6419048906634506,0.95,volatility_qlike,descriptive_only
rv_future_7,price_onchain,rf,sym_conformal,333,1440,1440,1440,1,0.8222222222222222,-0.12777777777777777,0.12777777777777777,0.12986111111111112,0.04791666666666667,0.12986111111111112,0.04791666666666667,0.13653017267404638,0.1165139737955869,0.2933326369720921,0.004196491409994838,0.018085531073442348,0.003136824514307369,-1.6612823530791803,0.95,volatility_qlike,descriptive_only
rv_future_7,price_onchain,rf,sym_conformal,444,1440,1440,1440,1,0.8236111111111111,-0.12638888888888888,0.12638888888888888,0.12222222222222222,0.05416666666666667,0.12222222222222222,0.05416666666666667,0.14245377452360714,0.1210412561169225,0.29469884787972817,0.004014179420614804,0.019725157052178748,0.0033532917763783037,-1.6417283128005409,0.95,volatility_qlike,descriptive_only
rv_future_7,price_onchain,rf,sym_conformal,555,1440,1440,1440,1,0.8340277777777778,-0.11597222222222214,0.11597222222222214,0.11736111111111111,0.04861111111111111,0.11736111111111111,0.04861111111111111,0.14061841201186914,0.1192682312577359,0.2983917213508173,0.0042001816867863655,0.01923244960579813,0.0032596113469839727,-1.6475131575075188,0.95,volatility_qlike,descriptive_only
rv_future_7,price_onchain,rf,sym_conformal,666,1440,1440,1440,1,0.8145833333333333,-0.13541666666666663,0.13541666666666663,0.125,0.06041666666666667,0.125,0.06041666666666667,0.12875066013576722,0.12326607239813889,0.2580738819203556,0.0033726490989631533,0.01791412844528227,0.003079197949045642,-1.6606345288848656,0.95,volatility_qlike,descriptive_only
rv_future_7,price_onchain,ridge,cqr,111,1440,1440,1440,1,0.9770833333333333,0.027083333333333348,0.027083333333333348,0.016666666666666666,0.00625,0.016666666666666666,0.00625,0.17967503744849694,0.17794261796869795,0.1867720737296014,0.0012512943717759139,0.012502813330581196,0.003418007471464028,-1.7161240213598843,0.95,volatility_qlike,descriptive_only
rv_future_7,price_onchain,ridge,cqr,222,1440,1440,1440,1,0.9770833333333333,0.027083333333333348,0.027083333333333348,0.016666666666666666,0.00625,0.016666666666666666,0.00625,0.17967503744849694,0.17794261796869795,0.1867720737296014,0.0012512943717759139,0.01250385555656446,0.003418007471464028,-1.7161098769094623,0.95,volatility_qlike,descriptive_only
rv_future_7,price_onchain,ridge,cqr,333,1440,1440,1440,1,0.9770833333333333,0.027083333333333348,0.027083333333333348,0.016666666666666666,0.00625,0.016666666666666666,0.00625,0.17967503744849694,0.17794261796869795,0.1867720737296014,0.0012512943717759139,0.01248240148775354,0.003418007471464028,-1.7164338067542866,0.95,volatility_qlike,descriptive_only
rv_future_7,price_onchain,ridge,cqr,444,1440,1440,1440,1,0.9770833333333333,0.027083333333333348,0.027083333333333348,0.016666666666666666,0.00625,0.016666666666666666,0.00625,0.17967503744849694,0.17794261796869795,0.1867720737296014,0.0012512943717759139,0.012464494995940514,0.003418007471464028,-1.7166986916840687,0.95,volatility_qlike,descriptive_only
rv_future_7,price_onchain,ridge,cqr,555,1440,1440,1440,1,0.9770833333333333,0.027083333333333348,0.027083333333333348,0.016666666666666666,0.00625,0.016666666666666666,0.00625,0.17967503744849694,0.17794261796869795,0.1867720737296014,0.0012512943717759139,0.012498129071103457,0.003418007471464028,-1.7160329935901961,0.95,volatility_qlike,descriptive_only
rv_future_7,price_onchain,ridge,cqr,666,1440,1440,1440,1,0.9770833333333333,0.027083333333333348,0.027083333333333348,0.016666666666666666,0.00625,0.016666666666666666,0.00625,0.17967503744849694,0.17794261796869795,0.1867720737296014,0.0012512943717759139,0.01250208038598255,0.003418007471464028,-1.7159832134072863,0.95,volatility_qlike,descriptive_only
rv_future_7,price_onchain,ridge,raw_quantile,111,1440,1440,1440,1,0.9659722222222222,0.015972222222222276,0.015972222222222276,0.027777777777777776,0.00625,0.027777777777777776,0.00625,0.1746150017720641,0.1724681746162673,0.1844797455537884,0.0012572366133359997,0.012502813330581196,0.003354757025508616,-1.7161240213598843,0.95,volatility_qlike,descriptive_only
rv_future_7,price_onchain,ridge,raw_quantile,222,1440,1440,1440,1,0.9659722222222222,0.015972222222222276,0.015972222222222276,0.027777777777777776,0.00625,0.027777777777777776,0.00625,0.1746150017720641,0.1724681746162673,0.1844797455537884,0.0012572366133359997,0.01250385555656446,0.003354757025508616,-1.7161098769094623,0.95,volatility_qlike,descriptive_only
rv_future_7,price_onchain,ridge,raw_quantile,333,1440,1440,1440,1,0.9659722222222222,0.015972222222222276,0.015972222222222276,0.027777777777777776,0.00625,0.027777777777777776,0.00625,0.1746150017720641,0.1724681746162673,0.1844797455537884,0.0012572366133359997,0.01248240148775354,0.003354757025508616,-1.7164338067542866,0.95,volatility_qlike,descriptive_only
rv_future_7,price_onchain,ridge,raw_quantile,444,1440,1440,1440,1,0.9659722222222222,0.015972222222222276,0.015972222222222276,0.027777777777777776,0.00625,0.027777777777777776,0.00625,0.1746150017720641,0.1724681746162673,0.1844797455537884,0.0012572366133359997,0.012464494995940514,0.003354757025508616,-1.7166986916840687,0.95,volatility_qlike,descriptive_only
rv_future_7,price_onchain,ridge,raw_quantile,555,1440,1440,1440,1,0.9659722222222222,0.015972222222222276,0.015972222222222276,0.027777777777777776,0.00625,0.027777777777777776,0.00625,0.1746150017720641,0.1724681746162673,0.1844797455537884,0.0012572366133359997,0.012498129071103457,0.003354757025508616,-1.7160329935901961,0.95,volatility_qlike,descriptive_only
rv_future_7,price_onchain,ridge,raw_quantile,666,1440,1440,1440,1,0.9659722222222222,0.015972222222222276,0.015972222222222276,0.027777777777777776,0.00625,0.027777777777777776,0.00625,0.1746150017720641,0.1724681746162673,0.1844797455537884,0.0012572366133359997,0.01250208038598255,0.003354757025508616,-1.7159832134072863,0.95,volatility_qlike,descriptive_only
rv_future_7,price_onchain,ridge,regime_cqr,111,1440,1440,1440,1,0.9756944444444444,0.025694444444444464,0.025694444444444464,0.018055555555555554,0.00625,0.018055555555555554,0.00625,0.17890988353655873,0.17794261796869795,0.18611919528497595,0.0012445368345595053,0.012502813330581196,0.0034084430475647995,-1.7161240213598843,0.95,volatility_qlike,descriptive_only
rv_future_7,price_onchain,ridge,regime_cqr,222,1440,1440,1440,1,0.9756944444444444,0.025694444444444464,0.025694444444444464,0.018055555555555554,0.00625,0.018055555555555554,0.00625,0.17890988353655873,0.17794261796869795,0.18611919528497595,0.0012445368345595053,0.01250385555656446,0.0034084430475647995,-1.7161098769094623,0.95,volatility_qlike,descriptive_only
rv_future_7,price_onchain,ridge,regime_cqr,333,1440,1440,1440,1,0.9756944444444444,0.025694444444444464,0.025694444444444464,0.018055555555555554,0.00625,0.018055555555555554,0.00625,0.17890988353655873,0.17794261796869795,0.18611919528497595,0.0012445368345595053,0.01248240148775354,0.0034084430475647995,-1.7164338067542866,0.95,volatility_qlike,descriptive_only
rv_future_7,price_onchain,ridge,regime_cqr,444,1440,1440,1440,1,0.9756944444444444,0.025694444444444464,0.025694444444444464,0.018055555555555554,0.00625,0.018055555555555554,0.00625,0.17890988353655873,0.17794261796869795,0.18611919528497595,0.0012445368345595053,0.012464494995940514,0.0034084430475647995,-1.7166986916840687,0.95,volatility_qlike,descriptive_only
rv_future_7,price_onchain,ridge,regime_cqr,555,1440,1440,1440,1,0.9756944444444444,0.025694444444444464,0.025694444444444464,0.018055555555555554,0.00625,0.018055555555555554,0.00625,0.17890988353655873,0.17794261796869795,0.18611919528497595,0.0012445368345595053,0.012498129071103457,0.0034084430475647995,-1.7160329935901961,0.95,volatility_qlike,descriptive_only
rv_future_7,price_onchain,ridge,regime_cqr,666,1440,1440,1440,1,0.9756944444444444,0.025694444444444464,0.025694444444444464,0.018055555555555554,0.00625,0.018055555555555554,0.00625,0.17890988353655873,0.17794261796869795,0.18611919528497595,0.0012445368345595053,0.01250208038598255,0.0034084430475647995,-1.7159832134072863,0.95,volatility_qlike,descriptive_only
rv_future_7,price_onchain,ridge,regime_sym_conformal,111,1440,1440,1440,1,0.8645833333333334,-0.08541666666666659,0.08541666666666659,0.04583333333333333,0.08958333333333333,0.04583333333333333,0.08958333333333333,0.11224898785627892,0.0966922375616321,0.21101813330702995,0.0016864245511822816,0.012858011904627946,0.003589028781493373,-1.7022189909568715,0.95,volatility_qlike,descriptive_only
rv_future_7,price_onchain,ridge,regime_sym_conformal,222,1440,1440,1440,1,0.8645833333333334,-0.08541666666666659,0.08541666666666659,0.04583333333333333,0.08958333333333333,0.04583333333333333,0.08958333333333333,0.11224969682653596,0.096690104003556,0.21100300564680102,0.0016863240051062636,0.012857532650929556,0.0035887511360636662,-1.7022344561924516,0.95,volatility_qlike,descriptive_only
rv_future_7,price_onchain,ridge,regime_sym_conformal,333,1440,1440,1440,1,0.8645833333333334,-0.08541666666666659,0.08541666666666659,0.04583333333333333,0.08958333333333333,0.04583333333333333,0.08958333333333333,0.11224663776656026,0.0967250176627323,0.21116076545731,0.0016874909854675633,0.012865571553337564,0.003591528150965088,-1.701974494202354,0.95,volatility_qlike,descriptive_only
rv_future_7,price_onchain,ridge,regime_sym_conformal,444,1440,1440,1440,1,0.8645833333333334,-0.08541666666666659,0.08541666666666659,0.04583333333333333,0.08958333333333333,0.04583333333333333,0.08958333333333333,0.11224681150129533,0.0967414460464851,0.21121893390852806,0.0016879552759036715,0.012869510661563598,0.0035925180718094337,-1.701846675825811,0.95,volatility_qlike,descriptive_only
rv_future_7,price_onchain,ridge,regime_sym_conformal,555,1440,1440,1440,1,0.8645833333333334,-0.08541666666666659,0.08541666666666659,0.04583333333333333,0.08958333333333333,0.04583333333333333,0.08958333333333333,0.11225322887017622,0.0966782719199895,0.2109195771650608,0.0016857709831345855,0.01285489658388009,0.003587218445991839,-1.7023192959785463,0.95,volatility_qlike,descriptive_only
rv_future_7,price_onchain,ridge,regime_sym_conformal,666,1440,1440,1440,1,0.8645833333333334,-0.08541666666666659,0.08541666666666659,0.04583333333333333,0.08958333333333333,0.04583333333333333,0.08958333333333333,0.11225463624280094,0.0966733028212995,0.21088488884660755,0.0016855409794914893,0.012853800192269437,0.0035865812416736044,-1.7023544709404443,0.95,volatility_qlike,descriptive_only
rv_future_7,price_onchain,ridge,sym_conformal,111,1440,1440,1440,1,0.8729166666666667,-0.07708333333333328,0.07708333333333328,0.03958333333333333,0.0875,0.03958333333333333,0.0875,0.1135809375189081,0.1010695147913181,0.20873128311211586,0.0015979292565253135,0.012858011904627946,0.003620352821277487,-1.7022189909568715,0.95,volatility_qlike,descriptive_only
rv_future_7,price_onchain,ridge,sym_conformal,222,1440,1440,1440,1,0.8729166666666667,-0.07708333333333328,0.07708333333333328,0.03958333333333333,0.0875,0.03958333333333333,0.0875,0.11358059647927064,0.1010684446481927,0.20872623104208085,0.0015978825783012228,0.012857532650929556,0.003620273197750702,-1.7022344561924516,0.95,volatility_qlike,descriptive_only
rv_future_7,price_onchain,ridge,sym_conformal,333,1440,1440,1440,1,0.8729166666666667,-0.07708333333333328,0.07708333333333328,0.03958333333333333,0.0875,0.03958333333333333,0.0875,0.11357115407376296,0.1010856794529485,0.20894082078193518,0.0015990936302645222,0.012865571553337564,0.0036244268892837586,-1.701974494202354,0.95,volatility_qlike,descriptive_only
rv_future_7,price_onchain,ridge,sym_conformal,444,1440,1440,1440,1,0.8729166666666667,-0.07708333333333328,0.07708333333333328,0.03958333333333333,0.0875,0.03958333333333333,0.0875,0.11356341425511651,0.1010935726494571,0.20907180443146572,0.0015997672336093005,0.012869510661563598,0.0036270278771772463,-1.701846675825811,0.95,volatility_qlike,descriptive_only
rv_future_7,price_onchain,ridge,sym_conformal,555,1440,1440,1440,1,0.8729166666666667,-0.07708333333333328,0.07708333333333328,0.03958333333333333,0.0875,0.03958333333333333,0.0875,0.11357870330575415,0.1010624719770244,0.20869851593850827,0.001597625291660304,0.01285489658388009,0.0036198376068023084,-1.7023192959785463,0.95,volatility_qlike,descriptive_only
rv_future_7,price_onchain,ridge,sym_conformal,666,1440,1440,1440,1,0.8729166666666667,-0.07708333333333328,0.07708333333333328,0.03958333333333333,0.0875,0.03958333333333333,0.0875,0.1135779072719369,0.101059944837766,0.20868702500550648,0.0015975180135165252,0.012853800192269437,0.0036196576116210412,-1.7023544709404443,0.95,volatility_qlike,descriptive_only
rv_future_7,price_only,gbr,cqr,111,1440,1440,1440,1,0.9770833333333333,0.027083333333333348,0.027083333333333348,0.016666666666666666,0.00625,0.016666666666666666,0.00625,0.1740781748467007,0.1689543775645878,0.18217214988393016,0.0012115491464511805,0.01295818334792766,0.0033427546006469804,-1.7105232277002722,0.95,volatility_qlike,descriptive_only
rv_future_7,price_only,gbr,cqr,222,1440,1440,1440,1,0.9527777777777777,0.002777777777777768,0.002777777777777768,0.0375,0.009722222222222222,0.0375,0.009722222222222222,0.16339774313432012,0.1577310834106865,0.18270130039124186,0.0012282978203275086,0.012926962511924605,0.003339234689453443,-1.7052388041051396,0.95,volatility_qlike,descriptive_only
rv_future_7,price_only,gbr,cqr,333,1440,1440,1440,1,0.9763888888888889,0.026388888888888906,0.026388888888888906,0.016666666666666666,0.006944444444444444,0.016666666666666666,0.006944444444444444,0.17374178603781054,0.1689382777486521,0.18192414649962443,0.0012104212764624087,0.012941062583313429,0.003337682386028107,-1.7106733419309472,0.95,volatility_qlike,descriptive_only
rv_future_7,price_only,gbr,cqr,444,1440,1440,1440,1,0.9479166666666666,-0.002083333333333326,0.002083333333333326,0.03819444444444445,0.013888888888888888,0.03819444444444445,0.013888888888888888,0.1581974101989644,0.15371465940163065,0.19453964338233495,0.0012864756176096952,0.013257596433995038,0.003577015466948584,-1.697646731199854,0.95,volatility_qlike,descriptive_only
rv_future_7,price_only,gbr,cqr,555,1440,1440,1440,1,0.9770833333333333,0.027083333333333348,0.027083333333333348,0.016666666666666666,0.00625,0.016666666666666666,0.00625,0.1740622322653602,0.1696255686786563,0.18241904109732707,0.0012154093849096766,0.012973195270950309,0.0033450666425234076,-1.7103118827770913,0.95,volatility_qlike,descriptive_only
rv_future_7,price_only,gbr,cqr,666,1440,1440,1440,1,0.9513888888888888,0.001388888888888884,0.001388888888888884,0.03888888888888889,0.009722222222222222,0.03888888888888889,0.009722222222222222,0.15768574533898502,0.1486086718662514,0.18765808575603582,0.0012545663464320525,0.012528650147349375,0.0034368857974687466,-1.7093860092598407,0.95,volatility_qlike,descriptive_only
rv_future_7,price_only,gbr,raw_quantile,111,1440,1440,1440,1,0.9631944444444445,0.013194444444444509,0.013194444444444509,0.030555555555555555,0.00625,0.030555555555555555,0.00625,0.1683838144635253,0.1667134045622406,0.1779767349207302,0.0011808703372407682,0.01295818334792766,0.0032685480357773954,-1.7105232277002722,0.95,volatility_qlike,descriptive_only
rv_future_7,price_only,gbr,raw_quantile,222,1440,1440,1440,1,0.9256944444444445,-0.02430555555555547,0.02430555555555547,0.06458333333333334,0.009722222222222222,0.06458333333333334,0.009722222222222222,0.15219256989570593,0.1514880206960984,0.17642587200310747,0.0012235199794877866,0.012926962511924605,0.0031871268205898055,-1.7052388041051396,0.95,volatility_qlike,descriptive_only
rv_future_7,price_only,gbr,raw_quantile,333,1440,1440,1440,1,0.9597222222222223,0.009722222222222299,0.009722222222222299,0.03333333333333333,0.006944444444444444,0.03333333333333333,0.006944444444444444,0.1679627177678755,0.1664181955175183,0.177712761808413,0.0011800986835309511,0.012941062583313429,0.0032627203616792796,-1.7106733419309472,0.95,volatility_qlike,descriptive_only
rv_future_7,price_only,gbr,raw_quantile,444,1440,1440,1440,1,0.8881944444444444,-0.06180555555555556,0.06180555555555556,0.09444444444444444,0.017361111111111112,0.09444444444444444,0.017361111111111112,0.13880453083315689,0.136807638784226,0.18910075409666716,0.0014088516201892372,0.013257596433995038,0.003318667232227347,-1.697646731199854,0.95,volatility_qlike,descriptive_only
rv_future_7,price_only,gbr,raw_quantile,555,1440,1440,1440,1,0.9631944444444445,0.013194444444444509,0.013194444444444509,0.030555555555555555,0.00625,0.030555555555555555,0.00625,0.16831366721284569,0.1679262003383375,0.17807199153629852,0.0011812871419954135,0.012973195270950309,0.0032705126464119567,-1.7103118827770913,0.95,volatility_qlike,descriptive_only
rv_future_7,price_only,gbr,raw_quantile,666,1440,1440,1440,1,0.9125,-0.03749999999999998,0.03749999999999998,0.07777777777777778,0.009722222222222222,0.07777777777777778,0.009722222222222222,0.14263124873275218,0.13917793500330017,0.1793627234553082,0.001265870905999916,0.012528650147349375,0.0032181971803826957,-1.7093860092598407,0.95,volatility_qlike,descriptive_only
rv_future_7,price_only,gbr,regime_cqr,111,1440,1440,1440,1,0.975,0.025000000000000022,0.025000000000000022,0.01875,0.00625,0.01875,0.00625,0.17370600052748242,0.168956932984202,0.1820505303102203,0.001213508949295316,0.01295818334792766,0.0033377543084600982,-1.7105232277002722,0.95,volatility_qlike,descriptive_only
rv_future_7,price_only,gbr,regime_cqr,222,1440,1440,1440,1,0.9513888888888888,0.001388888888888884,0.001388888888888884,0.03888888888888889,0.009722222222222222,0.03888888888888889,0.009722222222222222,0.16262810186670654,0.15744254170645225,0.18263099408442077,0.0012415208136512836,0.012926962511924605,0.0033242540384591413,-1.7052388041051396,0.95,volatility_qlike,descriptive_only
rv_future_7,price_only,gbr,regime_cqr,333,1440,1440,1440,1,0.9743055555555555,0.02430555555555558,0.02430555555555558,0.01875,0.006944444444444444,0.01875,0.006944444444444444,0.17338486286338423,0.1689445614496248,0.18181768097865816,0.0012125194504232198,0.012941062583313429,0.0033329225740431393,-1.7106733419309472,0.95,volatility_qlike,descriptive_only
rv_future_7,price_only,gbr,regime_cqr,444,1440,1440,1440,1,0.9326388888888889,-0.01736111111111105,0.01736111111111105,0.05347222222222222,0.013888888888888888,0.05347222222222222,0.013888888888888888,0.155945023374194,0.15080255742154192,0.19550442754914357,0.0013410880602985806,0.013257596433995038,0.003546522628429914,-1.697646731199854,0.95,volatility_qlike,descriptive_only
rv_future_7,price_only,gbr,regime_cqr,555,1440,1440,1440,1,0.975,0.025000000000000022,0.025000000000000022,0.01875,0.00625,0.01875,0.00625,0.17368233483860332,0.1696255686786563,0.1822906433651451,0.0012173318592212103,0.012973195270950309,0.0033399342249073247,-1.7103118827770913,0.95,volatility_qlike,descriptive_only
rv_future_7,price_only,gbr,regime_cqr,666,1440,1440,1440,1,0.94375,-0.006249999999999978,0.006249999999999978,0.04652777777777778,0.009722222222222222,0.04652777777777778,0.009722222222222222,0.15695789941986577,0.14855790434122196,0.18687891322012024,0.0012619536473788644,0.012528650147349375,0.0034100191831240457,-1.7093860092598407,0.95,volatility_qlike,descriptive_only
rv_future_7,price_only,gbr,regime_sym_conformal,111,1440,1440,1440,1,0.8652777777777778,-0.08472222222222214,0.08472222222222214,0.07708333333333334,0.05763888888888889,0.07708333333333334,0.05763888888888889,0.11668989672278472,0.1115202702742516,0.1947025784153088,0.0016462527702752027,0.015233015179908108,0.0032213116901074214,-1.6881582988182844,0.95,volatility_qlike,descriptive_only
rv_future_7,price_only,gbr,regime_sym_conformal,222,1440,1440,1440,1,0.8729166666666667,-0.07708333333333328,0.07708333333333328,0.07291666666666667,0.05416666666666667,0.07291666666666667,0.05416666666666667,0.12284439298473065,0.1212886786059239,0.20890991756372498,0.0019532088447432525,0.015104737670872052,0.0032695390943497746,-1.6903450667647753,0.95,volatility_qlike,descriptive_only
rv_future_7,price_only,gbr,regime_sym_conformal,333,1440,1440,1440,1,0.8645833333333334,-0.08541666666666659,0.08541666666666659,0.07847222222222222,0.05694444444444444,0.07847222222222222,0.05694444444444444,0.11674707655795723,0.1107799031483124,0.19372407038343986,0.0016347207883093298,0.015208610653985693,0.0032083809712765725,-1.6883759118611095,0.95,volatility_qlike,descriptive_only
rv_future_7,price_only,gbr,regime_sym_conformal,444,1440,1440,1440,1,0.8881944444444444,-0.06180555555555556,0.06180555555555556,0.06597222222222222,0.04583333333333333,0.06597222222222222,0.04583333333333333,0.1263881771626931,0.1187621493075874,0.2204688308401961,0.0023352643347234214,0.015407651011860818,0.0031764564362813854,-1.6825254839364574,0.95,volatility_qlike,descriptive_only
rv_future_7,price_only,gbr,regime_sym_conformal,555,1440,1440,1440,1,0.8680555555555556,-0.08194444444444438,0.08194444444444438,0.0763888888888889,0.05555555555555555,0.0763888888888889,0.05555555555555555,0.11689374391786443,0.1116173710760345,0.19402958984233745,0.0016449606680429294,0.01522088996512785,0.0032057790780154103,-1.6881568176318809,0.95,volatility_qlike,descriptive_only
rv_future_7,price_only,gbr,regime_sym_conformal,666,1440,1440,1440,1,0.8680555555555556,-0.08194444444444438,0.08194444444444438,0.07569444444444444,0.05625,0.07569444444444444,0.05625,0.12370298037506322,0.1220695534161975,0.2125153420793729,0.0020675359446980525,0.015073483272999807,0.003245347607286175,-1.689212931569243,0.95,volatility_qlike,descriptive_only
rv_future_7,price_only,gbr,sym_conformal,111,1440,1440,1440,1,0.8888888888888888,-0.061111111111111116,0.061111111111111116,0.0625,0.04861111111111111,0.0625,0.04861111111111111,0.12049563116343597,0.11605588552858195,0.17941888324251754,0.0014680395746736099,0.015233015179908108,0.003017432506389234,-1.6881582988182844,0.95,volatility_qlike,descriptive_only
rv_future_7,price_only,gbr,sym_conformal,222,1440,1440,1440,1,0.8833333333333333,-0.06666666666666665,0.06666666666666665,0.06458333333333334,0.052083333333333336,0.06458333333333334,0.052083333333333336,0.12605457033774808,0.12446751838843606,0.2087075857748351,0.001940276829302166,0.015104737670872052,0.0032774128150686137,-1.6903450667647753,0.95,volatility_qlike,descriptive_only
rv_future_7,price_only,gbr,sym_conformal,333,1440,1440,1440,1,0.8868055555555555,-0.06319444444444444,0.06319444444444444,0.06388888888888888,0.049305555555555554,0.06388888888888888,0.049305555555555554,0.12040315119417341,0.11612079204676065,0.17976102035239674,0.0014720352908923354,0.015208610653985693,0.003021990217917488,-1.6883759118611095,0.95,volatility_qlike,descriptive_only
rv_future_7,price_only,gbr,sym_conformal,444,1440,1440,1440,1,0.8895833333333333,-0.060416666666666674,0.060416666666666674,0.06319444444444444,0.04722222222222222,0.06319444444444444,0.04722222222222222,0.12828027853931082,0.1200726989901352,0.22417874004607022,0.002343802104878737,0.015407651011860818,0.0032606663962729226,-1.6825254839364574,0.95,volatility_qlike,descriptive_only
rv_future_7,price_only,gbr,sym_conformal,555,1440,1440,1440,1,0.8923611111111112,-0.057638888888888795,0.057638888888888795,0.06111111111111111,0.04652777777777778,0.06111111111111111,0.04652777777777778,0.12088809408208451,0.1165695792563856,0.17863497151211571,0.001463208487801285,0.01522088996512785,0.003002665800001513,-1.6881568176318809,0.95,volatility_qlike,descriptive_only
rv_future_7,price_only,gbr,sym_conformal,666,1440,1440,1440,1,0.8770833333333333,-0.07291666666666663,0.07291666666666663,0.07083333333333333,0.052083333333333336,0.07083333333333333,0.052083333333333336,0.1261798689805458,0.1256092070733148,0.21410576201389905,0.0020754523708265316,0.015073483272999807,0.0032771916795208485,-1.689212931569243,0.95,volatility_qlike,descriptive_only
rv_future_7,price_only,gru,cqr,111,1440,1440,1440,1,0.9840277777777777,0.03402777777777777,0.03402777777777777,0.009722222222222222,0.00625,0.009722222222222222,0.00625,0.19207797385041328,0.18715310788661735,0.20195406732208948,0.001365175309559739,0.012839380460064387,0.003683676373492402,-1.6906697286642587,0.95,volatility_qlike,descriptive_only
rv_future_7,price_only,gru,cqr,222,1440,1440,1440,1,0.9798611111111111,0.029861111111111116,0.029861111111111116,0.009722222222222222,0.010416666666666666,0.009722222222222222,0.010416666666666666,0.19598234489724678,0.1894436292350292,0.21410483975331307,0.0013773798241744723,0.012967756054140307,0.003975241169658259,-1.6852955961223322,0.95,volatility_qlike,descriptive_only
rv_future_7,price_only,gru,cqr,333,1440,1440,1440,1,0.9840277777777777,0.03402777777777777,0.03402777777777777,0.011111111111111112,0.004861111111111111,0.011111111111111112,0.004861111111111111,0.21285132612190616,0.21018237676536078,0.22037864820053177,0.0014978718168767028,0.012818003220517645,0.004011594388136494,-1.707025996985332,0.95,volatility_qlike,descriptive_only
rv_future_7,price_only,gru,cqr,444,1440,1440,1440,1,0.9659722222222222,0.015972222222222276,0.015972222222222276,0.022916666666666665,0.011111111111111112,0.022916666666666665,0.011111111111111112,0.1852576268085258,0.1817496020582336,0.19790778686830324,0.0014725481117442234,0.01404800694989731,0.0034751465599632617,-1.6585252999726365,0.95,volatility_qlike,descriptive_only
rv_future_7,price_only,gru,cqr,555,1440,1440,1440,1,0.9777777777777777,0.02777777777777779,0.02777777777777779,0.011805555555555555,0.010416666666666666,0.011805555555555555,0.010416666666666666,0.1909019435960852,0.1909211752936244,0.20063268051764135,0.0014379516686372764,0.013159566254984156,0.003577865344303662,-1.6974150540254966,0.95,volatility_qlike,descriptive_only
rv_future_7,price_only,gru,cqr,666,1440,1440,1440,1,0.9826388888888888,0.032638888888888884,0.032638888888888884,0.013194444444444444,0.004166666666666667,0.013194444444444444,0.004166666666666667,0.19346130499813757,0.18970169126987454,0.1997389068343719,0.0014885038698722668,0.012512447740652464,0.003504968800986935,-1.7095887035688577,0.95,volatility_qlike,descriptive_only
rv_future_7,price_only,gru,raw_quantile,111,1440,1440,1440,1,0.9770833333333333,0.027083333333333348,0.027083333333333348,0.011111111111111112,0.011805555555555555,0.011111111111111112,0.011805555555555555,0.18535599150798387,0.1814216859638691,0.20948507013565837,0.0013209267943315767,0.012839380460064387,0.003916199959059786,-1.6906697286642587,0.95,volatility_qlike,descriptive_only
rv_future_7,price_only,gru,raw_quantile,222,1440,1440,1440,1,0.9784722222222222,0.028472222222222232,0.028472222222222232,0.011111111111111112,0.010416666666666666,0.011111111111111112,0.010416666666666666,0.18776761824491486,0.18342901393771166,0.21285852540118466,0.0013122378471687524,0.012967756054140307,0.004009225287860769,-1.6852955961223322,0.95,volatility_qlike,descriptive_only
rv_future_7,price_only,gru,raw_quantile,333,1440,1440,1440,1,0.9840277777777777,0.03402777777777777,0.03402777777777777,0.011111111111111112,0.004861111111111111,0.011111111111111112,0.004861111111111111,0.21125200515186104,0.208544947206974,0.21877932723048663,0.0014806099356746809,0.012818003220517645,0.0039888732450873874,-1.707025996985332,0.95,volatility_qlike,descriptive_only
rv_future_7,price_only,gru,raw_quantile,444,1440,1440,1440,1,0.9395833333333333,-0.01041666666666663,0.01041666666666663,0.03680555555555556,0.02361111111111111,0.03680555555555556,0.02361111111111111,0.16987243779132968,0.1679659821093082,0.2172766669956848,0.0014506064155669152,0.01404800694989731,0.003981310259325108,-1.6585252999726365,0.95,volatility_qlike,descriptive_only
rv_future_7,price_only,gru,raw_quantile,555,1440,1440,1440,1,0.9777777777777777,0.02777777777777779,0.02777777777777779,0.011805555555555555,0.010416666666666666,0.011805555555555555,0.010416666666666666,0.18719818031014357,0.18629497475922102,0.19706247491494674,0.001396443388576661,0.013159566254984156,0.0035301184842969117,-1.6974150540254966,0.95,volatility_qlike,descriptive_only
rv_future_7,price_only,gru,raw_quantile,666,1440,1440,1440,1,0.9805555555555555,0.030555555555555558,0.030555555555555558,0.013194444444444444,0.00625,0.013194444444444444,0.00625,0.1883937471756427,0.18504119105637068,0.1956906948178789,0.001444901145552553,0.012512447740652464,0.003447366224894325,-1.7095887035688577,0.95,volatility_qlike,descriptive_only
rv_future_7,price_only,gru,regime_cqr,111,1440,1440,1440,1,0.9847222222222223,0.03472222222222232,0.03472222222222232,0.009722222222222222,0.005555555555555556,0.009722222222222222,0.005555555555555556,0.1922248357398466,0.18749471940100187,0.19976547936294406,0.0013641271696207265,0.012839380460064387,0.0036300098144527787,-1.6906697286642587,0.95,volatility_qlike,descriptive_only
rv_future_7,price_only,gru,regime_cqr,222,1440,1440,1440,1,0.9798611111111111,0.029861111111111116,0.029861111111111116,0.009722222222222222,0.010416666666666666,0.009722222222222222,0.010416666666666666,0.1956353967159641,0.1894436292350292,0.21396624242563825,0.0013771193856074626,0.012967756054140307,0.003972036675033397,-1.6852955961223322,0.95,volatility_qlike,descriptive_only
rv_future_7,price_only,gru,regime_cqr,333,1440,1440,1440,1,0.9847222222222223,0.03472222222222232,0.03472222222222232,0.011111111111111112,0.004166666666666667,0.011111111111111112,0.004166666666666667,0.2133439960005458,0.21039962023496625,0.2195841281130121,0.0014981190567788646,0.012818003220517645,0.003991484146046341,-1.707025996985332,0.95,volatility_qlike,descriptive_only
rv_future_7,price_only,gru,regime_cqr,444,1440,1440,1440,1,0.9611111111111111,0.011111111111111183,0.011111111111111183,0.025,0.013888888888888888,0.025,0.013888888888888888,0.1840950078291588,0.1802399531006813,0.19959344113534153,0.0014868254156400482,0.01404800694989731,0.0035030106127433933,-1.6585252999726365,0.95,volatility_qlike,descriptive_only
rv_future_7,price_only,gru,regime_cqr,555,1440,1440,1440,1,0.9791666666666666,0.029166666666666674,0.029166666666666674,0.011805555555555555,0.009027777777777777,0.011805555555555555,0.009027777777777777,0.1915997959238904,0.192339576780796,0.1994540392198073,0.0014445152092681718,0.013159566254984156,0.003541835771226915,-1.6974150540254966,0.95,volatility_qlike,descriptive_only
rv_future_7,price_only,gru,regime_cqr,666,1440,1440,1440,1,0.9826388888888888,0.032638888888888884,0.032638888888888884,0.013194444444444444,0.004166666666666667,0.013194444444444444,0.004166666666666667,0.19337995431528054,0.18964199721813202,0.19968867584787317,0.0014877258774633095,0.012512447740652464,0.0035044910187334226,-1.7095887035688577,0.95,volatility_qlike,descriptive_only
rv_future_7,price_only,gru,regime_sym_conformal,111,1440,1440,1440,1,0.8833333333333333,-0.06666666666666665,0.06666666666666665,0.06111111111111111,0.05555555555555555,0.06111111111111111,0.05555555555555555,0.12012578690018193,0.1102215012617079,0.18977804969507217,0.0019046145319687043,0.013895814159722665,0.002839836710408005,-1.7074131160631756,0.95,volatility_qlike,descriptive_only
rv_future_7,price_only,gru,regime_sym_conformal,222,1440,1440,1440,1,0.8944444444444445,-0.05555555555555547,0.05555555555555547,0.05694444444444444,0.04861111111111111,0.05694444444444444,0.04861111111111111,0.12188144607327733,0.1169738981595299,0.19060967849487992,0.0019432274126265586,0.013926407840871688,0.0028220145497453455,-1.7071601887157524,0.95,volatility_qlike,descriptive_only
rv_future_7,price_only,gru,regime_sym_conformal,333,1440,1440,1440,1,0.86875,-0.08124999999999993,0.08124999999999993,0.07222222222222222,0.059027777777777776,0.07222222222222222,0.059027777777777776,0.12162687872413515,0.1191614514457909,0.20553839284508513,0.0018833791339736416,0.0146711487718191,0.0032550806871533907,-1.6935213309510029,0.95,volatility_qlike,descriptive_only
rv_future_7,price_only,gru,regime_sym_conformal,444,1440,1440,1440,1,0.8645833333333334,-0.08541666666666659,0.08541666666666659,0.08125,0.05416666666666667,0.08125,0.05416666666666667,0.1300337932335109,0.1245794963532551,0.22234888394658292,0.0022987638117724285,0.015207506978350119,0.003259958286892049,7280.435433906461,0.95,volatility_qlike,descriptive_only
rv_future_7,price_only,gru,regime_sym_conformal,555,1440,1440,1440,1,0.8895833333333333,-0.060416666666666674,0.060416666666666674,0.050694444444444445,0.059722222222222225,0.050694444444444445,0.059722222222222225,0.1235656938257971,0.1223508312825465,0.199436228146977,0.0017596933943750846,0.014343230305925084,0.0032262123092992455,-1.691675532987811,0.95,volatility_qlike,descriptive_only
rv_future_7,price_only,gru,regime_sym_conformal,666,1440,1440,1440,1,0.8319444444444445,-0.11805555555555547,0.11805555555555547,0.09930555555555555,0.06875,0.09930555555555555,0.06875,0.12020964810679584,0.1169685025424224,0.2352222973334613,0.0026125879983013144,0.01520733182563654,0.003267969435035123,-1.684615096301183,0.95,volatility_qlike,descriptive_only
rv_future_7,price_only,gru,sym_conformal,111,1440,1440,1440,1,0.8916666666666667,-0.05833333333333324,0.05833333333333324,0.05347222222222222,0.05486111111111111,0.05347222222222222,0.05486111111111111,0.12254056655284427,0.11293010041117665,0.18735982497347645,0.0018162321081779515,0.013895814159722665,0.0028677635161588637,-1.7074131160631756,0.95,volatility_qlike,descriptive_only
rv_future_7,price_only,gru,sym_conformal,222,1440,1440,1440,1,0.8979166666666667,-0.05208333333333326,0.05208333333333326,0.05416666666666667,0.04791666666666667,0.05416666666666667,0.04791666666666667,0.12333364626910122,0.1186289712786674,0.18837612431779607,0.0019049808868025998,0.013926407840871688,0.002804422221142206,-1.7071601887157524,0.95,volatility_qlike,descriptive_only
rv_future_7,price_only,gru,sym_conformal,333,1440,1440,1440,1,0.8798611111111111,-0.07013888888888886,0.07013888888888886,0.06458333333333334,0.05555555555555555,0.06458333333333334,0.05555555555555555,0.12361148910907403,0.1226497069001197,0.19842462627388374,0.0018205232773298718,0.0146711487718191,0.003140092379517126,-1.6935213309510029,0.95,volatility_qlike,descriptive_only
rv_future_7,price_only,gru,sym_conformal,444,1440,1440,1440,1,0.8708333333333333,-0.07916666666666661,0.07916666666666661,0.0763888888888889,0.05277777777777778,0.0763888888888889,0.05277777777777778,0.13180561526161097,0.1276211142539978,0.221617114827684,0.002246538906009105,0.015207506978350119,0.0032938889646828983,7280.435433906461,0.95,volatility_qlike,descriptive_only
rv_future_7,price_only,gru,sym_conformal,555,1440,1440,1440,1,0.8972222222222223,-0.0527777777777777,0.0527777777777777,0.04375,0.059027777777777776,0.04375,0.059027777777777776,0.12540926112431203,0.1240407489240169,0.19712575137195462,0.0017052378001471765,0.014343230305925084,0.003222905984151593,-1.691675532987811,0.95,volatility_qlike,descriptive_only
rv_future_7,price_only,gru,sym_conformal,666,1440,1440,1440,1,0.83125,-0.11874999999999991,0.11874999999999991,0.09861111111111111,0.07013888888888889,0.09861111111111111,0.07013888888888889,0.12051032815749445,0.11422676965594289,0.23485351159914,0.002526874464696122,0.01520733182563654,0.003344463325282281,-1.684615096301183,0.95,volatility_qlike,descriptive_only
rv_future_7,price_only,har_ols,cqr,111,1440,1440,1440,1,0.9541666666666667,0.004166666666666763,0.004166666666666763,0.035416666666666666,0.010416666666666666,0.035416666666666666,0.010416666666666666,0.17515741469312165,0.16946891540669573,0.19021647771839656,0.0013207459001728934,0.012544554316925546,0.0034346660427869258,-1.7096807909978593,0.95,volatility_qlike,descriptive_only
rv_future_7,price_only,har_ols,cqr,222,1440,1440,1440,1,0.9541666666666667,0.004166666666666763,0.004166666666666763,0.035416666666666666,0.010416666666666666,0.035416666666666666,0.010416666666666666,0.17515741469312165,0.16946891540669573,0.19021647771839656,0.0013207459001728934,0.012544554316925546,0.0034346660427869258,-1.7096807909978593,0.95,volatility_qlike,descriptive_only
rv_future_7,price_only,har_ols,cqr,333,1440,1440,1440,1,0.9541666666666667,0.004166666666666763,0.004166666666666763,0.035416666666666666,0.010416666666666666,0.035416666666666666,0.010416666666666666,0.17515741469312165,0.16946891540669573,0.19021647771839656,0.0013207459001728934,0.012544554316925546,0.0034346660427869258,-1.7096807909978593,0.95,volatility_qlike,descriptive_only
rv_future_7,price_only,har_ols,cqr,444,1440,1440,1440,1,0.9541666666666667,0.004166666666666763,0.004166666666666763,0.035416666666666666,0.010416666666666666,0.035416666666666666,0.010416666666666666,0.17515741469312165,0.16946891540669573,0.19021647771839656,0.0013207459001728934,0.012544554316925546,0.0034346660427869258,-1.7096807909978593,0.95,volatility_qlike,descriptive_only
rv_future_7,price_only,har_ols,cqr,555,1440,1440,1440,1,0.9541666666666667,0.004166666666666763,0.004166666666666763,0.035416666666666666,0.010416666666666666,0.035416666666666666,0.010416666666666666,0.17515741469312165,0.16946891540669573,0.19021647771839656,0.0013207459001728934,0.012544554316925546,0.0034346660427869258,-1.7096807909978593,0.95,volatility_qlike,descriptive_only
rv_future_7,price_only,har_ols,cqr,666,1440,1440,1440,1,0.9541666666666667,0.004166666666666763,0.004166666666666763,0.035416666666666666,0.010416666666666666,0.035416666666666666,0.010416666666666666,0.17515741469312165,0.16946891540669573,0.19021647771839656,0.0013207459001728934,0.012544554316925546,0.0034346660427869258,-1.7096807909978593,0.95,volatility_qlike,descriptive_only
rv_future_7,price_only,har_ols,raw_quantile,111,1440,1440,1440,1,0.9333333333333333,-0.016666666666666607,0.016666666666666607,0.05555555555555555,0.011111111111111112,0.05555555555555555,0.011111111111111112,0.1634973009093222,0.15762458800499013,0.18519805229349068,0.0012912294684247873,0.012544554316925546,0.003338721838912386,-1.7096807909978593,0.95,volatility_qlike,descriptive_only
rv_future_7,price_only,har_ols,raw_quantile,222,1440,1440,1440,1,0.9333333333333333,-0.016666666666666607,0.016666666666666607,0.05555555555555555,0.011111111111111112,0.05555555555555555,0.011111111111111112,0.1634973009093222,0.15762458800499013,0.18519805229349068,0.0012912294684247873,0.012544554316925546,0.003338721838912386,-1.7096807909978593,0.95,volatility_qlike,descriptive_only
rv_future_7,price_only,har_ols,raw_quantile,333,1440,1440,1440,1,0.9333333333333333,-0.016666666666666607,0.016666666666666607,0.05555555555555555,0.011111111111111112,0.05555555555555555,0.011111111111111112,0.1634973009093222,0.15762458800499013,0.18519805229349068,0.0012912294684247873,0.012544554316925546,0.003338721838912386,-1.7096807909978593,0.95,volatility_qlike,descriptive_only
rv_future_7,price_only,har_ols,raw_quantile,444,1440,1440,1440,1,0.9333333333333333,-0.016666666666666607,0.016666666666666607,0.05555555555555555,0.011111111111111112,0.05555555555555555,0.011111111111111112,0.1634973009093222,0.15762458800499013,0.18519805229349068,0.0012912294684247873,0.012544554316925546,0.003338721838912386,-1.7096807909978593,0.95,volatility_qlike,descriptive_only
rv_future_7,price_only,har_ols,raw_quantile,555,1440,1440,1440,1,0.9333333333333333,-0.016666666666666607,0.016666666666666607,0.05555555555555555,0.011111111111111112,0.05555555555555555,0.011111111111111112,0.1634973009093222,0.15762458800499013,0.18519805229349068,0.0012912294684247873,0.012544554316925546,0.003338721838912386,-1.7096807909978593,0.95,volatility_qlike,descriptive_only
rv_future_7,price_only,har_ols,raw_quantile,666,1440,1440,1440,1,0.9333333333333333,-0.016666666666666607,0.016666666666666607,0.05555555555555555,0.011111111111111112,0.05555555555555555,0.011111111111111112,0.1634973009093222,0.15762458800499013,0.18519805229349068,0.0012912294684247873,0.012544554316925546,0.003338721838912386,-1.7096807909978593,0.95,volatility_qlike,descriptive_only
rv_future_7,price_only,har_ols,regime_cqr,111,1440,1440,1440,1,0.9541666666666667,0.004166666666666763,0.004166666666666763,0.03611111111111111,0.009722222222222222,0.03611111111111111,0.009722222222222222,0.1755878404486647,0.16873817922876766,0.18919560678022984,0.001330681734134337,0.012544554316925546,0.003399208435371314,-1.7096807909978593,0.95,volatility_qlike,descriptive_only
rv_future_7,price_only,har_ols,regime_cqr,222,1440,1440,1440,1,0.9541666666666667,0.004166666666666763,0.004166666666666763,0.03611111111111111,0.009722222222222222,0.03611111111111111,0.009722222222222222,0.1755878404486647,0.16873817922876766,0.18919560678022984,0.001330681734134337,0.012544554316925546,0.003399208435371314,-1.7096807909978593,0.95,volatility_qlike,descriptive_only
rv_future_7,price_only,har_ols,regime_cqr,333,1440,1440,1440,1,0.9541666666666667,0.004166666666666763,0.004166666666666763,0.03611111111111111,0.009722222222222222,0.03611111111111111,0.009722222222222222,0.1755878404486647,0.16873817922876766,0.18919560678022984,0.001330681734134337,0.012544554316925546,0.003399208435371314,-1.7096807909978593,0.95,volatility_qlike,descriptive_only
rv_future_7,price_only,har_ols,regime_cqr,444,1440,1440,1440,1,0.9541666666666667,0.004166666666666763,0.004166666666666763,0.03611111111111111,0.009722222222222222,0.03611111111111111,0.009722222222222222,0.1755878404486647,0.16873817922876766,0.18919560678022984,0.001330681734134337,0.012544554316925546,0.003399208435371314,-1.7096807909978593,0.95,volatility_qlike,descriptive_only
rv_future_7,price_only,har_ols,regime_cqr,555,1440,1440,1440,1,0.9541666666666667,0.004166666666666763,0.004166666666666763,0.03611111111111111,0.009722222222222222,0.03611111111111111,0.009722222222222222,0.1755878404486647,0.16873817922876766,0.18919560678022984,0.001330681734134337,0.012544554316925546,0.003399208435371314,-1.7096807909978593,0.95,volatility_qlike,descriptive_only
rv_future_7,price_only,har_ols,regime_cqr,666,1440,1440,1440,1,0.9541666666666667,0.004166666666666763,0.004166666666666763,0.03611111111111111,0.009722222222222222,0.03611111111111111,0.009722222222222222,0.1755878404486647,0.16873817922876766,0.18919560678022984,0.001330681734134337,0.012544554316925546,0.003399208435371314,-1.7096807909978593,0.95,volatility_qlike,descriptive_only
rv_future_7,price_only,har_ols,regime_sym_conformal,111,1440,1440,1440,1,0.8798611111111111,-0.07013888888888886,0.07013888888888886,0.06527777777777778,0.05486111111111111,0.06527777777777778,0.05486111111111111,0.12143989728908654,0.1170745946992591,0.19678591434355286,0.0017360893258015783,0.01456681932564463,0.003183558532787148,-1.6974846543052295,0.95,volatility_qlike,descriptive_only
rv_future_7,price_only,har_ols,regime_sym_conformal,222,1440,1440,1440,1,0.8798611111111111,-0.07013888888888886,0.07013888888888886,0.06527777777777778,0.05486111111111111,0.06527777777777778,0.05486111111111111,0.12143989728908654,0.1170745946992591,0.19678591434355286,0.0017360893258015783,0.01456681932564463,0.003183558532787148,-1.6974846543052295,0.95,volatility_qlike,descriptive_only
rv_future_7,price_only,har_ols,regime_sym_conformal,333,1440,1440,1440,1,0.8798611111111111,-0.07013888888888886,0.07013888888888886,0.06527777777777778,0.05486111111111111,0.06527777777777778,0.05486111111111111,0.12143989728908654,0.1170745946992591,0.19678591434355286,0.0017360893258015783,0.01456681932564463,0.003183558532787148,-1.6974846543052295,0.95,volatility_qlike,descriptive_only
rv_future_7,price_only,har_ols,regime_sym_conformal,444,1440,1440,1440,1,0.8798611111111111,-0.07013888888888886,0.07013888888888886,0.06527777777777778,0.05486111111111111,0.06527777777777778,0.05486111111111111,0.12143989728908654,0.1170745946992591,0.19678591434355286,0.0017360893258015783,0.01456681932564463,0.003183558532787148,-1.6974846543052295,0.95,volatility_qlike,descriptive_only
rv_future_7,price_only,har_ols,regime_sym_conformal,555,1440,1440,1440,1,0.8798611111111111,-0.07013888888888886,0.07013888888888886,0.06527777777777778,0.05486111111111111,0.06527777777777778,0.05486111111111111,0.12143989728908654,0.1170745946992591,0.19678591434355286,0.0017360893258015783,0.01456681932564463,0.003183558532787148,-1.6974846543052295,0.95,volatility_qlike,descriptive_only
rv_future_7,price_only,har_ols,regime_sym_conformal,666,1440,1440,1440,1,0.8798611111111111,-0.07013888888888886,0.07013888888888886,0.06527777777777778,0.05486111111111111,0.06527777777777778,0.05486111111111111,0.12143989728908654,0.1170745946992591,0.19678591434355286,0.0017360893258015783,0.01456681932564463,0.003183558532787148,-1.6974846543052295,0.95,volatility_qlike,descriptive_only
rv_future_7,price_only,har_ols,sym_conformal,111,1440,1440,1440,1,0.9006944444444445,-0.04930555555555549,0.04930555555555549,0.04791666666666667,0.05138888888888889,0.04791666666666667,0.05138888888888889,0.12390226821380836,0.11511630345449295,0.18361258279630835,0.0015633103547334974,0.01456681932564463,0.0030270042151741166,-1.6974846543052295,0.95,volatility_qlike,descriptive_only
rv_future_7,price_only,har_ols,sym_conformal,222,1440,1440,1440,1,0.9006944444444445,-0.04930555555555549,0.04930555555555549,0.04791666666666667,0.05138888888888889,0.04791666666666667,0.05138888888888889,0.12390226821380836,0.11511630345449295,0.18361258279630835,0.0015633103547334974,0.01456681932564463,0.0030270042151741166,-1.6974846543052295,0.95,volatility_qlike,descriptive_only
rv_future_7,price_only,har_ols,sym_conformal,333,1440,1440,1440,1,0.9006944444444445,-0.04930555555555549,0.04930555555555549,0.04791666666666667,0.05138888888888889,0.04791666666666667,0.05138888888888889,0.12390226821380836,0.11511630345449295,0.18361258279630835,0.0015633103547334974,0.01456681932564463,0.0030270042151741166,-1.6974846543052295,0.95,volatility_qlike,descriptive_only
rv_future_7,price_only,har_ols,sym_conformal,444,1440,1440,1440,1,0.9006944444444445,-0.04930555555555549,0.04930555555555549,0.04791666666666667,0.05138888888888889,0.04791666666666667,0.05138888888888889,0.12390226821380836,0.11511630345449295,0.18361258279630835,0.0015633103547334974,0.01456681932564463,0.0030270042151741166,-1.6974846543052295,0.95,volatility_qlike,descriptive_only
rv_future_7,price_only,har_ols,sym_conformal,555,1440,1440,1440,1,0.9006944444444445,-0.04930555555555549,0.04930555555555549,0.04791666666666667,0.05138888888888889,0.04791666666666667,0.05138888888888889,0.12390226821380836,0.11511630345449295,0.18361258279630835,0.0015633103547334974,0.01456681932564463,0.0030270042151741166,-1.6974846543052295,0.95,volatility_qlike,descriptive_only
rv_future_7,price_only,har_ols,sym_conformal,666,1440,1440,1440,1,0.9006944444444445,-0.04930555555555549,0.04930555555555549,0.04791666666666667,0.05138888888888889,0.04791666666666667,0.05138888888888889,0.12390226821380836,0.11511630345449295,0.18361258279630835,0.0015633103547334974,0.01456681932564463,0.0030270042151741166,-1.6974846543052295,0.95,volatility_qlike,descriptive_only
rv_future_7,price_only,lstm,cqr,111,1440,1440,1440,1,0.9486111111111111,-0.001388888888888884,0.001388888888888884,0.043055555555555555,0.008333333333333333,0.043055555555555555,0.008333333333333333,0.17905453802589405,0.17616757303723984,0.20074544668163447,0.0014181340175612178,0.01267424979754485,0.0036005021494795483,-1.7020916614816959,0.95,volatility_qlike,descriptive_only
rv_future_7,price_only,lstm,cqr,222,1440,1440,1440,1,0.9430555555555555,-0.00694444444444442,0.00694444444444442,0.03888888888888889,0.018055555555555554,0.03888888888888889,0.018055555555555554,0.18594286854693623,0.17249925558802315,0.2092377501778847,0.0014648729418750206,0.015131170513305096,0.0037660708125720013,-1.6800787800522452,0.95,volatility_qlike,descriptive_only
rv_future_7,price_only,lstm,cqr,333,1440,1440,1440,1,0.9743055555555555,0.02430555555555558,0.02430555555555558,0.020833333333333332,0.004861111111111111,0.020833333333333332,0.004861111111111111,0.17721156059920187,0.17047783346883139,0.1876349976710331,0.0013039508997407978,0.01352321510179087,0.0033869240420349354,-1.7002979845406938,0.95,volatility_qlike,descriptive_only
rv_future_7,price_only,lstm,cqr,444,1440,1440,1440,1,0.9798611111111111,0.029861111111111116,0.029861111111111116,0.009027777777777777,0.011111111111111112,0.009027777777777777,0.011111111111111112,0.1780153924078156,0.17418617010116572,0.18999458450605558,0.0013811498175988247,0.013170562641489957,0.003368714795052466,-1.7018787526743124,0.95,volatility_qlike,descriptive_only
rv_future_7,price_only,lstm,cqr,555,1440,1440,1440,1,0.9666666666666667,0.01666666666666672,0.01666666666666672,0.019444444444444445,0.013888888888888888,0.019444444444444445,0.013888888888888888,0.17728708043523417,0.17826673602880888,0.19344245396444115,0.0014342041716610891,0.01295786975069251,0.0034018571774498425,-1.700954166234021,0.95,volatility_qlike,descriptive_only
rv_future_7,price_only,lstm,cqr,666,1440,1440,1440,1,0.9583333333333334,0.008333333333333415,0.008333333333333415,0.02847222222222222,0.013194444444444444,0.02847222222222222,0.013194444444444444,0.17735346914479957,0.1684446977451443,0.1988591292030204,0.0015362135270934139,0.013513617728503164,0.003435264702981998,-1.6975689662381752,0.95,volatility_qlike,descriptive_only
rv_future_7,price_only,lstm,raw_quantile,111,1440,1440,1440,1,0.9340277777777778,-0.015972222222222165,0.015972222222222165,0.05694444444444444,0.009027777777777777,0.05694444444444444,0.009027777777777777,0.1693754045240995,0.1652715764939785,0.19797436357935352,0.0014638298282779153,0.01267424979754485,0.0034855292612058267,-1.7020916614816959,0.95,volatility_qlike,descriptive_only
rv_future_7,price_only,lstm,raw_quantile,222,1440,1440,1440,1,0.9173611111111111,-0.032638888888888884,0.032638888888888884,0.06319444444444444,0.019444444444444445,0.06319444444444444,0.019444444444444445,0.1685287135245744,0.1565403379499912,0.22043953157921053,0.0017974844551049659,0.015131170513305096,0.0037135038343752017,-1.6800787800522452,0.95,volatility_qlike,descriptive_only
rv_future_7,price_only,lstm,raw_quantile,333,1440,1440,1440,1,0.9493055555555555,-0.000694444444444442,0.000694444444444442,0.04375,0.006944444444444444,0.04375,0.006944444444444444,0.16704412093709428,0.1630109120160341,0.19009413811707476,0.0013358303202387434,0.01352321510179087,0.0034165231326880306,-1.7002979845406938,0.95,volatility_qlike,descriptive_only
rv_future_7,price_only,lstm,raw_quantile,444,1440,1440,1440,1,0.9798611111111111,0.029861111111111116,0.029861111111111116,0.009027777777777777,0.011111111111111112,0.009027777777777777,0.011111111111111112,0.17331177866112235,0.17069110646843905,0.1852909707593622,0.0013481447969112387,0.013170562641489957,0.003284129472072719,-1.7018787526743124,0.95,volatility_qlike,descriptive_only
rv_future_7,price_only,lstm,raw_quantile,555,1440,1440,1440,1,0.9597222222222223,0.009722222222222299,0.009722222222222299,0.020833333333333332,0.019444444444444445,0.020833333333333332,0.019444444444444445,0.16611454913557586,0.16392634669318795,0.19468088890791277,0.0013504249343136256,0.01295786975069251,0.003516597288384096,-1.700954166234021,0.95,volatility_qlike,descriptive_only
rv_future_7,price_only,lstm,raw_quantile,666,1440,1440,1440,1,0.9479166666666666,-0.002083333333333326,0.002083333333333326,0.03888888888888889,0.013194444444444444,0.03888888888888889,0.013194444444444444,0.16906380738590895,0.16523630823940033,0.1963285483571333,0.0015988034295668172,0.013513617728503164,0.0033094102793614177,-1.6975689662381752,0.95,volatility_qlike,descriptive_only
rv_future_7,price_only,lstm,regime_cqr,111,1440,1440,1440,1,0.9493055555555555,-0.000694444444444442,0.000694444444444442,0.04236111111111111,0.008333333333333333,0.04236111111111111,0.008333333333333333,0.17902606444741087,0.1762487233424082,0.20054109539309778,0.0014291275533431964,0.01267424979754485,0.003584399831484153,-1.7020916614816959,0.95,volatility_qlike,descriptive_only
rv_future_7,price_only,lstm,regime_cqr,222,1440,1440,1440,1,0.9444444444444444,-0.005555555555555536,0.005555555555555536,0.0375,0.018055555555555554,0.0375,0.018055555555555554,0.1865854689257087,0.17368324846029282,0.21039919277749763,0.001482859444957907,0.015131170513305096,0.003777120374479438,-1.6800787800522452,0.95,volatility_qlike,descriptive_only
rv_future_7,price_only,lstm,regime_cqr,333,1440,1440,1440,1,0.9708333333333333,0.02083333333333337,0.02083333333333337,0.025694444444444443,0.003472222222222222,0.025694444444444443,0.003472222222222222,0.17760339889070198,0.17027756403558691,0.18736158882987425,0.0013344396238235288,0.01352321510179087,0.003349600096923232,-1.7002979845406938,0.95,volatility_qlike,descriptive_only
rv_future_7,price_only,lstm,regime_cqr,444,1440,1440,1440,1,0.9798611111111111,0.029861111111111116,0.029861111111111116,0.009027777777777777,0.011111111111111112,0.009027777777777777,0.011111111111111112,0.17794661188788055,0.17418617010116572,0.18992580398612044,0.0013811626965915596,0.013170562641489957,0.0033669824030613544,-1.7018787526743124,0.95,volatility_qlike,descriptive_only
rv_future_7,price_only,lstm,regime_cqr,555,1440,1440,1440,1,0.9673611111111111,0.01736111111111116,0.01736111111111116,0.019444444444444445,0.013194444444444444,0.019444444444444445,0.013194444444444444,0.1776499432204083,0.17874157960048748,0.1925608194869129,0.0014333801196784405,0.01295786975069251,0.0033806403674942857,-1.700954166234021,0.95,volatility_qlike,descriptive_only
rv_future_7,price_only,lstm,regime_cqr,666,1440,1440,1440,1,0.95625,0.006250000000000089,0.006250000000000089,0.030555555555555555,0.013194444444444444,0.030555555555555555,0.013194444444444444,0.1771544750435668,0.1684446977451443,0.19925443073630175,0.0015497958006549064,0.013513617728503164,0.00343156496775254,-1.6975689662381752,0.95,volatility_qlike,descriptive_only
rv_future_7,price_only,lstm,regime_sym_conformal,111,1440,1440,1440,1,0.8993055555555556,-0.050694444444444375,0.050694444444444375,0.05486111111111111,0.04583333333333333,0.05486111111111111,0.04583333333333333,0.12604820451116414,0.12198624126251095,0.18611291418132722,0.0017606990431155596,0.014903008548091649,0.0028921238114175234,-1.697427090858639,0.95,volatility_qlike,descriptive_only
rv_future_7,price_only,lstm,regime_sym_conformal,222,1440,1440,1440,1,0.8388888888888889,-0.11111111111111105,0.11111111111111105,0.10694444444444444,0.05416666666666667,0.10694444444444444,0.05416666666666667,0.12584656096945557,0.12282181221580016,0.22760236728567354,0.0026333587502276033,0.016024555978635224,0.0030567004319141415,-1.6799511275526138,0.95,volatility_qlike,descriptive_only
rv_future_7,price_only,lstm,regime_sym_conformal,333,1440,1440,1440,1,0.85,-0.09999999999999998,0.09999999999999998,0.08611111111111111,0.06388888888888888,0.08611111111111111,0.06388888888888888,0.12124597671242907,0.1138283504291365,0.21019740004222218,0.0021944885309794744,0.01476251505120228,0.0030604464700759847,-1.6932148040211423,0.95,volatility_qlike,descriptive_only
rv_future_7,price_only,lstm,regime_sym_conformal,444,1440,1440,1440,1,0.8534722222222222,-0.09652777777777777,0.09652777777777777,0.0875,0.059027777777777776,0.0875,0.059027777777777776,0.11704225611947969,0.1204408860537957,0.20962329049746636,0.0020810430012249094,0.014420023322664956,0.003159539261211654,-1.6966892643936293,0.95,volatility_qlike,descriptive_only
rv_future_7,price_only,lstm,regime_sym_conformal,555,1440,1440,1440,1,0.8854166666666666,-0.06458333333333333,0.06458333333333333,0.05277777777777778,0.06180555555555556,0.05277777777777778,0.06180555555555556,0.12125561042118409,0.1122340173566143,0.1925435422569372,0.0017328996898862976,0.013815039206162054,0.0030806888665370377,-1.703515577725265,0.95,volatility_qlike,descriptive_only
rv_future_7,price_only,lstm,regime_sym_conformal,666,1440,1440,1440,1,0.8673611111111111,-0.08263888888888882,0.08263888888888882,0.0798611111111111,0.05277777777777778,0.0798611111111111,0.05277777777777778,0.12843056453508733,0.1114963634039318,0.41637747843879497,0.007154837195930905,0.017938238845630117,0.003254599765038874,-1.6780836929384568,0.95,volatility_qlike,descriptive_only
rv_future_7,price_only,lstm,sym_conformal,111,1440,1440,1440,1,0.9048611111111111,-0.04513888888888884,0.04513888888888884,0.050694444444444445,0.044444444444444446,0.050694444444444445,0.044444444444444446,0.12804343057278952,0.12570562958717346,0.19158785606685322,0.001800353815675865,0.014903008548091649,0.002989342585995368,-1.697427090858639,0.95,volatility_qlike,descriptive_only
rv_future_7,price_only,lstm,sym_conformal,222,1440,1440,1440,1,0.8458333333333333,-0.10416666666666663,0.10416666666666663,0.10277777777777777,0.05138888888888889,0.10277777777777777,0.05138888888888889,0.12785578445376206,0.1224187389016151,0.22606616403909396,0.002594616034442669,0.016024555978635224,0.003057038066534585,-1.6799511275526138,0.95,volatility_qlike,descriptive_only
rv_future_7,price_only,lstm,sym_conformal,333,1440,1440,1440,1,0.8583333333333333,-0.09166666666666667,0.09166666666666667,0.08194444444444444,0.059722222222222225,0.08194444444444444,0.059722222222222225,0.12370397110935298,0.11471674591302869,0.20641838472872817,0.0021484826948181446,0.01476251505120228,0.0030119769233999624,-1.6932148040211423,0.95,volatility_qlike,descriptive_only
rv_future_7,price_only,lstm,sym_conformal,444,1440,1440,1440,1,0.8736111111111111,-0.07638888888888884,0.07638888888888884,0.07013888888888889,0.05625,0.07013888888888889,0.05625,0.12057345207366675,0.1207884289324283,0.19972732910997837,0.0018858487675784956,0.014420023322664956,0.003107334460170867,-1.6966892643936293,0.95,volatility_qlike,descriptive_only
rv_future_7,price_only,lstm,sym_conformal,555,1440,1440,1440,1,0.8923611111111112,-0.057638888888888795,0.057638888888888795,0.04583333333333333,0.06180555555555556,0.04583333333333333,0.06180555555555556,0.12153559845044379,0.1122340224683284,0.19138402774335977,0.0017082885661437145,0.013815039206162054,0.0030763121274401833,-1.703515577725265,0.95,volatility_qlike,descriptive_only
rv_future_7,price_only,lstm,sym_conformal,666,1440,1440,1440,1,0.8770833333333333,-0.07291666666666663,0.07291666666666663,0.07361111111111111,0.049305555555555554,0.07361111111111111,0.049305555555555554,0.130316543739496,0.11518779955804345,0.411464496957127,0.007070313299962283,0.017938238845630117,0.0032162991239657957,-1.6780836929384568,0.95,volatility_qlike,descriptive_only
rv_future_7,price_only,rf,cqr,111,1440,1440,1440,1,0.9194444444444444,-0.030555555555555558,0.030555555555555558,0.052083333333333336,0.02847222222222222,0.052083333333333336,0.02847222222222222,0.18042380292822993,0.14533575599758086,0.22796031908985404,0.0014134754547298573,0.017518632226250132,0.004285532522516399,-1.662947879358641,0.95,volatility_qlike,descriptive_only
rv_future_7,price_only,rf,cqr,222,1440,1440,1440,1,0.9104166666666667,-0.039583333333333304,0.039583333333333304,0.059027777777777776,0.030555555555555555,0.059027777777777776,0.030555555555555555,0.17188102478720246,0.13701389488445426,0.22301260630852865,0.0014518111076225958,0.016958350837037554,0.004123504050090526,-1.6676204212433154,0.95,volatility_qlike,descriptive_only
rv_future_7,price_only,rf,cqr,333,1440,1440,1440,1,0.9194444444444444,-0.030555555555555558,0.030555555555555558,0.05,0.030555555555555555,0.05,0.030555555555555555,0.1755469009677213,0.14276933239321174,0.2223114793403843,0.001426812212418361,0.017359115736663492,0.00413097477109115,-1.6653300772766328,0.95,volatility_qlike,descriptive_only
rv_future_7,price_only,rf,cqr,444,1440,1440,1440,1,0.9256944444444445,-0.02430555555555547,0.02430555555555547,0.049305555555555554,0.025,0.049305555555555554,0.025,0.1779418926183398,0.1443762432194968,0.22513163001489278,0.0014351607006878478,0.01801232451263143,0.004193130049684377,-1.6568655668314307,0.95,volatility_qlike,descriptive_only
rv_future_7,price_only,rf,cqr,555,1440,1440,1440,1,0.9263888888888889,-0.023611111111111027,0.023611111111111027,0.0375,0.03611111111111111,0.0375,0.03611111111111111,0.17657998742401976,0.14196149311101586,0.22848186565428827,0.0014415307564478663,0.016912906589311914,0.004270515884909246,-1.6701054269336115,0.95,volatility_qlike,descriptive_only
rv_future_7,price_only,rf,cqr,666,1440,1440,1440,1,0.9243055555555556,-0.025694444444444353,0.025694444444444353,0.04722222222222222,0.02847222222222222,0.04722222222222222,0.02847222222222222,0.18389610824419952,0.1499578583753584,0.23482594060129416,0.0014996825697664226,0.017757997458663504,0.004370965945265838,-1.6615786276643216,0.95,volatility_qlike,descriptive_only
rv_future_7,price_only,rf,raw_quantile,111,1440,1440,1440,1,0.8277777777777777,-0.12222222222222223,0.12222222222222223,0.13055555555555556,0.041666666666666664,0.13055555555555556,0.041666666666666664,0.1488837436293996,0.11595639211753365,0.24587686099766914,0.0017900014858386382,0.017518632226250132,0.004356920039102996,-1.662947879358641,0.95,volatility_qlike,descriptive_only
rv_future_7,price_only,rf,raw_quantile,222,1440,1440,1440,1,0.8097222222222222,-0.14027777777777772,0.14027777777777772,0.14722222222222223,0.043055555555555555,0.14722222222222223,0.043055555555555555,0.13881894148785448,0.10757115146304035,0.24508434839582804,0.0018845650465136644,0.016958350837037554,0.0042425436633819445,-1.6676204212433154,0.95,volatility_qlike,descriptive_only
rv_future_7,price_only,rf,raw_quantile,333,1440,1440,1440,1,0.8284722222222223,-0.12152777777777768,0.12152777777777768,0.12777777777777777,0.04375,0.12777777777777777,0.04375,0.1430027754189516,0.11301953706557466,0.24161293445352655,0.0017851662331010863,0.017359115736663492,0.004255157128236987,-1.6653300772766328,0.95,volatility_qlike,descriptive_only
rv_future_7,price_only,rf,raw_quantile,444,1440,1440,1440,1,0.8597222222222223,-0.09027777777777768,0.09027777777777768,0.10277777777777777,0.0375,0.10277777777777777,0.0375,0.15135141368606855,0.12009956305202035,0.234415270931116,0.0016185896998023492,0.01801232451263143,0.004241792073475459,-1.6568655668314307,0.95,volatility_qlike,descriptive_only
rv_future_7,price_only,rf,raw_quantile,555,1440,1440,1440,1,0.6729166666666667,-0.27708333333333324,0.27708333333333324,0.2534722222222222,0.07361111111111111,0.2534722222222222,0.07361111111111111,0.12242887321262251,0.0869270812143006,0.3160781053100256,0.003087392799952393,0.016912906589311914,0.004814559832798156,-1.6701054269336115,0.95,volatility_qlike,descriptive_only
rv_future_7,price_only,rf,raw_quantile,666,1440,1440,1440,1,0.8215277777777777,-0.1284722222222222,0.1284722222222222,0.1326388888888889,0.04583333333333333,0.1326388888888889,0.04583333333333333,0.14824853029572352,0.1147120044807441,0.2544710999888844,0.0019253508216743407,0.017757997458663504,0.004436426678047677,-1.6615786276643216,0.95,volatility_qlike,descriptive_only
rv_future_7,price_only,rf,regime_cqr,111,1440,1440,1440,1,0.9076388888888889,-0.04236111111111107,0.04236111111111107,0.06319444444444444,0.029166666666666667,0.06319444444444444,0.029166666666666667,0.17869969044243073,0.14506421198420888,0.23008094343162877,0.001477158081533322,0.017518632226250132,0.004274865504257302,-1.662947879358641,0.95,volatility_qlike,descriptive_only
rv_future_7,price_only,rf,regime_cqr,222,1440,1440,1440,1,0.90625,-0.043749999999999956,0.043749999999999956,0.06319444444444444,0.030555555555555555,0.06319444444444444,0.030555555555555555,0.17020273204708544,0.1352302998069873,0.22450634844309142,0.0014734988705371458,0.016958350837037554,0.004139159840540044,-1.6676204212433154,0.95,volatility_qlike,descriptive_only
rv_future_7,price_only,rf,regime_cqr,333,1440,1440,1440,1,0.9111111111111111,-0.03888888888888886,0.03888888888888886,0.05625,0.03263888888888889,0.05625,0.03263888888888889,0.17339784283309537,0.1408850301208631,0.22329060253464333,0.0014490032930725948,0.017359115736663492,0.004133261770293394,-1.6653300772766328,0.95,volatility_qlike,descriptive_only
rv_future_7,price_only,rf,regime_cqr,444,1440,1440,1440,1,0.9131944444444444,-0.036805555555555536,0.036805555555555536,0.058333333333333334,0.02847222222222222,0.058333333333333334,0.02847222222222222,0.1757344507790592,0.1422989949421261,0.22583146344165436,0.0014902720048724908,0.01801232451263143,0.0041555145811687745,-1.6568655668314307,0.95,volatility_qlike,descriptive_only
rv_future_7,price_only,rf,regime_cqr,555,1440,1440,1440,1,0.9159722222222222,-0.03402777777777777,0.03402777777777777,0.04583333333333333,0.03819444444444445,0.04583333333333333,0.03819444444444445,0.17364054929675005,0.13704948892468494,0.23236312016734598,0.001495023425473037,0.016912906589311914,0.004314054578710517,-1.6701054269336115,0.95,volatility_qlike,descriptive_only
rv_future_7,price_only,rf,regime_cqr,666,1440,1440,1440,1,0.9097222222222222,-0.040277777777777746,0.040277777777777746,0.06041666666666667,0.029861111111111113,0.06041666666666667,0.029861111111111113,0.18062404052345574,0.14662831468714405,0.23533863623327775,0.0015700223105550865,0.017757997458663504,0.004313443595276765,-1.6615786276643216,0.95,volatility_qlike,descriptive_only
rv_future_7,price_only,rf,regime_sym_conformal,111,1440,1440,1440,1,0.8201388888888889,-0.1298611111111111,0.1298611111111111,0.1361111111111111,0.04375,0.1361111111111111,0.04375,0.13987526882993176,0.12308862090062131,0.3492713568981023,0.005062452204546462,0.019516490003959518,0.0036693317179060003,-1.6454046375069296,0.95,volatility_qlike,descriptive_only
rv_future_7,price_only,rf,regime_sym_conformal,222,1440,1440,1440,1,0.8020833333333334,-0.14791666666666659,0.14791666666666659,0.1486111111111111,0.049305555555555554,0.1486111111111111,0.049305555555555554,0.13626755792517795,0.12783098118221708,0.35107873422004654,0.005133843742939626,0.019094607933816794,0.003643124612561443,-1.648243214102187,0.95,volatility_qlike,descriptive_only
rv_future_7,price_only,rf,regime_sym_conformal,333,1440,1440,1440,1,0.8256944444444444,-0.12430555555555556,0.12430555555555556,0.12777777777777777,0.04652777777777778,0.12777777777777777,0.04652777777777778,0.13840913888449732,0.12290514208173214,0.33764475982093867,0.004782311473770635,0.01915291935910292,0.0036588075217527383,-1.6486404363231435,0.95,volatility_qlike,descriptive_only
rv_future_7,price_only,rf,regime_sym_conformal,444,1440,1440,1440,1,0.8236111111111111,-0.12638888888888888,0.12638888888888888,0.13194444444444445,0.044444444444444446,0.13194444444444445,0.044444444444444446,0.14143592803381863,0.1225203682800887,0.33949681318769714,0.0048575481434291615,0.01968355127574079,0.003629872186263171,-1.643420414962892,0.95,volatility_qlike,descriptive_only
rv_future_7,price_only,rf,regime_sym_conformal,555,1440,1440,1440,1,0.8208333333333333,-0.12916666666666665,0.12916666666666665,0.12986111111111112,0.049305555555555554,0.12986111111111112,0.049305555555555554,0.13788033584999626,0.126538777721722,0.34865521600009214,0.005060548336504757,0.01894982369439697,0.003655832063497451,-1.6503666134653887,0.95,volatility_qlike,descriptive_only
rv_future_7,price_only,rf,regime_sym_conformal,666,1440,1440,1440,1,0.8229166666666666,-0.12708333333333333,0.12708333333333333,0.13402777777777777,0.043055555555555555,0.13402777777777777,0.043055555555555555,0.14139929664613907,0.12436612032503025,0.35665805486765517,0.005264491171305245,0.019885344484561453,0.0036519602003860403,-1.6426020660491052,0.95,volatility_qlike,descriptive_only
rv_future_7,price_only,rf,sym_conformal,111,1440,1440,1440,1,0.8284722222222223,-0.12152777777777768,0.12152777777777768,0.12777777777777777,0.04375,0.12777777777777777,0.04375,0.14345513683611025,0.1291214529974546,0.34835923593353385,0.00501200944844639,0.019516490003959518,0.0036969714498918615,-1.6454046375069296,0.95,volatility_qlike,descriptive_only
rv_future_7,price_only,rf,sym_conformal,222,1440,1440,1440,1,0.8229166666666666,-0.12708333333333333,0.12708333333333333,0.12986111111111112,0.04722222222222222,0.12986111111111112,0.04722222222222222,0.140709144484307,0.13021394154327032,0.33150277552427454,0.004646405185439008,0.019094607933816794,0.0036411642026677594,-1.648243214102187,0.95,volatility_qlike,descriptive_only
rv_future_7,price_only,rf,sym_conformal,333,1440,1440,1440,1,0.8347222222222223,-0.1152777777777777,0.1152777777777777,0.11944444444444445,0.04583333333333333,0.11944444444444445,0.04583333333333333,0.14265581323604692,0.13099998324382817,0.3266186902868221,0.0044923756585865055,0.01915291935910292,0.0036730915985839535,-1.6486404363231435,0.95,volatility_qlike,descriptive_only
rv_future_7,price_only,rf,sym_conformal,444,1440,1440,1440,1,0.8326388888888889,-0.11736111111111103,0.11736111111111103,0.12291666666666666,0.044444444444444446,0.12291666666666666,0.044444444444444446,0.14538123521252308,0.1305066566407734,0.3283496253569097,0.0045411613327887715,0.01968355127574079,0.003667579301133872,-1.643420414962892,0.95,volatility_qlike,descriptive_only
rv_future_7,price_only,rf,sym_conformal,555,1440,1440,1440,1,0.8381944444444445,-0.11180555555555549,0.11180555555555549,0.11875,0.043055555555555555,0.11875,0.043055555555555555,0.14239321206497452,0.13197126719898175,0.34215969724372713,0.004926727177891272,0.01894982369439697,0.003627265253201811,-1.6503666134653887,0.95,volatility_qlike,descriptive_only
rv_future_7,price_only,rf,sym_conformal,666,1440,1440,1440,1,0.8340277777777778,-0.11597222222222214,0.11597222222222214,0.12291666666666666,0.043055555555555555,0.12291666666666666,0.043055555555555555,0.1463638111126026,0.1322125411654688,0.33911144584653674,0.00480180063689313,0.019885344484561453,0.0036759855092701943,-1.6426020660491052,0.95,volatility_qlike,descriptive_only
rv_future_7,price_only,ridge,cqr,111,1440,1440,1440,1,0.9611111111111111,0.011111111111111183,0.011111111111111183,0.034722222222222224,0.004166666666666667,0.034722222222222224,0.004166666666666667,0.16876060937053153,0.16424423051826637,0.18129131048194255,0.001266500948706613,0.012320815695426611,0.0032657818133418567,-1.711161672403312,0.95,volatility_qlike,descriptive_only
rv_future_7,price_only,ridge,cqr,222,1440,1440,1440,1,0.9611111111111111,0.011111111111111183,0.011111111111111183,0.034027777777777775,0.004861111111111111,0.034027777777777775,0.004861111111111111,0.16876944404035,0.164508370112541,0.180605443472939,0.001251158271586862,0.012389471544303312,0.0032639778152365197,-1.7106177064895032,0.95,volatility_qlike,descriptive_only
rv_future_7,price_only,ridge,cqr,333,1440,1440,1440,1,0.9611111111111111,0.011111111111111183,0.011111111111111183,0.034027777777777775,0.004861111111111111,0.034027777777777775,0.004861111111111111,0.1689976584010326,0.16432505784726187,0.1805980849748006,0.001251120904849871,0.0123908448254948,0.00326383121952005,-1.7107172539697741,0.95,volatility_qlike,descriptive_only
rv_future_7,price_only,ridge,cqr,444,1440,1440,1440,1,0.9604166666666667,0.01041666666666674,0.01041666666666674,0.034722222222222224,0.004861111111111111,0.034722222222222224,0.004861111111111111,0.16890145140830595,0.16391616470267478,0.18099952786672266,0.0012583611944045412,0.012377569710453198,0.0032666270022634293,-1.7105398485312644,0.95,volatility_qlike,descriptive_only
rv_future_7,price_only,ridge,cqr,555,1440,1440,1440,1,0.9611111111111111,0.011111111111111183,0.011111111111111183,0.034722222222222224,0.004166666666666667,0.034722222222222224,0.004166666666666667,0.16856842151656726,0.16430717016326105,0.18095617058740426,0.0012624433782995345,0.012337290796189433,0.0032614608863854766,-1.7108897940406183,0.95,volatility_qlike,descriptive_only
rv_future_7,price_only,ridge,cqr,666,1440,1440,1440,1,0.9611111111111111,0.011111111111111183,0.011111111111111183,0.034027777777777775,0.004861111111111111,0.034027777777777775,0.004861111111111111,0.16875459702263565,0.16430690406807574,0.18063524506397044,0.0012501471980280248,0.012390965932829406,0.003265733928571143,-1.710705034760187,0.95,volatility_qlike,descriptive_only
rv_future_7,price_only,ridge,raw_quantile,111,1440,1440,1440,1,0.9451388888888889,-0.004861111111111094,0.004861111111111094,0.05,0.004861111111111111,0.05,0.004861111111111111,0.16106772510458886,0.15681624623534746,0.17616080080652155,0.0012319194220689633,0.012320815695426611,0.0031721005980939803,-1.711161672403312,0.95,volatility_qlike,descriptive_only
rv_future_7,price_only,ridge,raw_quantile,222,1440,1440,1440,1,0.9465277777777777,-0.00347222222222221,0.00347222222222221,0.04791666666666667,0.005555555555555556,0.04791666666666667,0.005555555555555556,0.1612388611537883,0.15694643376814285,0.17560963102621044,0.0012182236584774983,0.012389471544303312,0.0031720171171776704,-1.7106177064895032,0.95,volatility_qlike,descriptive_only
rv_future_7,price_only,ridge,raw_quantile,333,1440,1440,1440,1,0.9479166666666666,-0.002083333333333326,0.002083333333333326,0.04722222222222222,0.004861111111111111,0.04722222222222222,0.004861111111111111,0.1614903162720999,0.1571478891001937,0.17555851781181492,0.001218535732897506,0.0123908448254948,0.003170427212397775,-1.7107172539697741,0.95,volatility_qlike,descriptive_only
rv_future_7,price_only,ridge,raw_quantile,444,1440,1440,1440,1,0.9458333333333333,-0.004166666666666652,0.004166666666666652,0.04861111111111111,0.005555555555555556,0.04861111111111111,0.005555555555555556,0.16128292415183487,0.15634938729278558,0.1759574118124023,0.001225098845104268,0.012377569710453198,0.0031738364502056954,-1.7105398485312644,0.95,volatility_qlike,descriptive_only
rv_future_7,price_only,ridge,raw_quantile,555,1440,1440,1440,1,0.9451388888888889,-0.004861111111111094,0.004861111111111094,0.05,0.004861111111111111,0.05,0.004861111111111111,0.16096518403029908,0.15671005594190124,0.1759081027754036,0.0012286699002526846,0.012337290796189433,0.00316903266913231,-1.7108897940406183,0.95,volatility_qlike,descriptive_only
rv_future_7,price_only,ridge,raw_quantile,666,1440,1440,1440,1,0.9472222222222222,-0.002777777777777768,0.002777777777777768,0.04722222222222222,0.005555555555555556,0.04722222222222222,0.005555555555555556,0.16125258349244306,0.15696623666432785,0.175630372335677,0.0012176125283567631,0.012390965932829406,0.0031731467800350686,-1.710705034760187,0.95,volatility_qlike,descriptive_only
rv_future_7,price_only,ridge,regime_cqr,111,1440,1440,1440,1,0.9583333333333334,0.008333333333333415,0.008333333333333415,0.0375,0.004166666666666667,0.0375,0.004166666666666667,0.16847966761861358,0.16418502036793195,0.1810222309674009,0.0012646793657868237,0.012320815695426611,0.0032608764083981046,-1.711161672403312,0.95,volatility_qlike,descriptive_only
rv_future_7,price_only,ridge,regime_cqr,222,1440,1440,1440,1,0.9597222222222223,0.009722222222222299,0.009722222222222299,0.035416666666666666,0.004861111111111111,0.035416666666666666,0.004861111111111111,0.1685043025311975,0.16448328435307064,0.1804251581222868,0.0012504654770124986,0.012389471544303312,0.003260163476044579,-1.7106177064895032,0.95,volatility_qlike,descriptive_only
rv_future_7,price_only,ridge,regime_cqr,333,1440,1440,1440,1,0.9604166666666667,0.01041666666666674,0.01041666666666674,0.034722222222222224,0.004861111111111111,0.034722222222222224,0.004861111111111111,0.1687939233634045,0.1642312915040562,0.1804765892839997,0.0012513466743365482,0.0123908448254948,0.0032605680577633524,-1.7107172539697741,0.95,volatility_qlike,descriptive_only
rv_future_7,price_only,ridge,regime_cqr,444,1440,1440,1440,1,0.9590277777777778,0.009027777777777857,0.009027777777777857,0.03611111111111111,0.004861111111111111,0.03611111111111111,0.004861111111111111,0.16860658916968657,0.1638640772000941,0.1808210065548795,0.0012587382344692228,0.012377569710453198,0.0032617869294026707,-1.7105398485312644,0.95,volatility_qlike,descriptive_only
rv_future_7,price_only,ridge,regime_cqr,555,1440,1440,1440,1,0.9583333333333334,0.008333333333333415,0.008333333333333415,0.0375,0.004166666666666667,0.0375,0.004166666666666667,0.1682777113431851,0.16418550707642604,0.1806712703505135,0.0012603359975410175,0.012337290796189433,0.0032564457612217243,-1.7108897940406183,0.95,volatility_qlike,descriptive_only
rv_future_7,price_only,ridge,regime_cqr,666,1440,1440,1440,1,0.9604166666666667,0.01041666666666674,0.01041666666666674,0.034722222222222224,0.004861111111111111,0.034722222222222224,0.004861111111111111,0.16854867850014701,0.16424786436344574,0.18051156588830908,0.001250318313181904,0.012390965932829406,0.003262470834025731,-1.710705034760187,0.95,volatility_qlike,descriptive_only
rv_future_7,price_only,ridge,regime_sym_conformal,111,1440,1440,1440,1,0.8736111111111111,-0.07638888888888884,0.07638888888888884,0.06736111111111111,0.059027777777777776,0.06736111111111111,0.059027777777777776,0.11972340335483866,0.116416449663306,0.19732885772970002,0.0017437410833766385,0.014335646706438289,0.0031894803598657676,-1.7010322169293255,0.95,volatility_qlike,descriptive_only
rv_future_7,price_only,ridge,regime_sym_conformal,222,1440,1440,1440,1,0.8708333333333333,-0.07916666666666661,0.07916666666666661,0.06875,0.06041666666666667,0.06875,0.06041666666666667,0.12002938228318859,0.116717278201208,0.19664387003402461,0.001736138056368537,0.014384940615702585,0.003179958694481982,-1.700413671638325,0.95,volatility_qlike,descriptive_only
rv_future_7,price_only,ridge,regime_sym_conformal,333,1440,1440,1440,1,0.8708333333333333,-0.07916666666666661,0.07916666666666661,0.06875,0.06041666666666667,0.06875,0.06041666666666667,0.1200896506579915,0.1167388842133006,0.19644194515132535,0.0017330797441648196,0.01439087386258031,0.0031779688846182183,-1.7003368528346174,0.95,volatility_qlike,descriptive_only
rv_future_7,price_only,ridge,regime_sym_conformal,444,1440,1440,1440,1,0.8708333333333333,-0.07916666666666661,0.07916666666666661,0.06875,0.06041666666666667,0.06875,0.06041666666666667,0.1199090620754343,0.1166450564136189,0.19692736919294446,0.0017398368817865015,0.014369116232496978,0.0031833473480370133,-1.7006158401606946,0.95,volatility_qlike,descriptive_only
rv_future_7,price_only,ridge,regime_sym_conformal,555,1440,1440,1440,1,0.8736111111111111,-0.07638888888888884,0.07638888888888884,0.06736111111111111,0.059027777777777776,0.06736111111111111,0.059027777777777776,0.11974657617945081,0.1164528562869619,0.19726381265093704,0.001743120453449753,0.014340125927550584,0.0031884748628235766,-1.7009781811665619,0.95,volatility_qlike,descriptive_only
rv_future_7,price_only,ridge,regime_sym_conformal,666,1440,1440,1440,1,0.8708333333333333,-0.07916666666666661,0.07916666666666661,0.06875,0.06041666666666667,0.06875,0.06041666666666667,0.12007166690957567,0.1167329542132298,0.19650137111177218,0.001733997602302082,0.014389160176439795,0.0031785366754921223,-1.7003590565945546,0.95,volatility_qlike,descriptive_only
rv_future_7,price_only,ridge,sym_conformal,111,1440,1440,1440,1,0.8986111111111111,-0.05138888888888882,0.05138888888888882,0.04652777777777778,0.05486111111111111,0.04652777777777778,0.05486111111111111,0.1225382659628671,0.1153002615409333,0.18363779934770544,0.0015644520146003143,0.014335646706438289,0.0030264929690922266,-1.7010322169293255,0.95,volatility_qlike,descriptive_only
rv_future_7,price_only,ridge,sym_conformal,222,1440,1440,1440,1,0.8951388888888889,-0.05486111111111103,0.05486111111111103,0.04861111111111111,0.05625,0.04861111111111111,0.05625,0.12250430381171402,0.1149341534253706,0.1841919783738682,0.0015637777311922757,0.014384940615702585,0.0030410217281543316,-1.700413671638325,0.95,volatility_qlike,descriptive_only
rv_future_7,price_only,ridge,sym_conformal,333,1440,1440,1440,1,0.8951388888888889,-0.05486111111111103,0.05486111111111103,0.04861111111111111,0.05625,0.04861111111111111,0.05625,0.12249765769522078,0.1148797735936526,0.18426045352744352,0.0015636864507008346,0.01439087386258031,0.003042824887485158,-1.7003368528346174,0.95,volatility_qlike,descriptive_only
rv_future_7,price_only,ridge,sym_conformal,444,1440,1440,1440,1,0.8958333333333334,-0.054166666666666585,0.054166666666666585,0.04791666666666667,0.05625,0.04791666666666667,0.05625,0.12251405765715195,0.1150684979610567,0.1840048093819746,0.0015640028065753173,0.014369116232496978,0.003036117427973952,-1.7006158401606946,0.95,volatility_qlike,descriptive_only
rv_future_7,price_only,ridge,sym_conformal,555,1440,1440,1440,1,0.8986111111111111,-0.05138888888888882,0.05138888888888882,0.04652777777777778,0.05486111111111111,0.04652777777777778,0.05486111111111111,0.1225356998551525,0.115273893892267,0.18368769357361414,0.0015645253676763024,0.014340125927550584,0.003027666971663954,-1.7009781811665619,0.95,volatility_qlike,descriptive_only
rv_future_7,price_only,ridge,sym_conformal,666,1440,1440,1440,1,0.8951388888888889,-0.05486111111111103,0.05486111111111103,0.04861111111111111,0.05625,0.04861111111111111,0.05625,0.12249973877517337,0.1148956714430614,0.18424084528325008,0.0015637141218670485,0.014389160176439795,0.0030423070102141053,-1.7003590565945546,0.95,volatility_qlike,descriptive_only
