target,block,model,method,fg_regime,n,coverage,signed_coverage_error,abs_coverage_gap,below_lower_rate,above_upper_rate,lower_miss_rate,upper_miss_rate,avg_width,median_width,interval_score,pinball_lower,pinball_median,pinball_upper,point_loss,nominal_coverage,uc_lr,uc_p,ind_lr,ind_p
gk_future_7,full,gbr,cqr,fear,2706.0,0.9312638580931264,-0.01873614190687356,0.01873614190687356,0.06504065040650407,0.003695491500369549,0.06504065040650407,0.003695491500369549,0.15621601504301236,0.1499573688543716,0.16553676469420434,0.0012247294677990616,0.010696335328077785,0.002913689649555951,-1.6267257783036173,0.95,17.996352993484834,2.213285915420027e-05,697.5267443103664,0.0
gk_future_7,full,gbr,cqr,greed,2436.0,0.9979474548440066,0.04794745484400664,0.04794745484400664,0.002052545155993432,0.0,0.002052545155993432,0.0,0.13507924622700176,0.1325992998911115,0.135241114330955,0.0009464785172315927,0.008032359937203,0.0024345493410421856,-1.6557820791844886,0.95,207.46884263841818,0.0,0.02057604620637221,0.8859399066979742
gk_future_7,full,gbr,cqr,neutral,3498.0,0.9785591766723842,0.02855917667238428,0.02855917667238428,0.02144082332761578,0.0,0.02144082332761578,0.0,0.14165171040717664,0.1426705364245545,0.14428783736330988,0.0007655985319190949,0.007469736963724763,0.0028415974021635576,-1.8413503857949818,0.95,75.76463239084762,0.0,152.43302448366273,0.0
gk_future_7,full,gbr,raw_quantile,fear,2706.0,0.9260901699926091,-0.023909830007390886,0.023909830007390886,0.07021433850702144,0.003695491500369549,0.07021433850702144,0.003695491500369549,0.155674432982807,0.14920606315257995,0.16898572622129054,0.0013177232817287838,0.010696335328077785,0.0029069198738033842,-1.6267257783036173,0.95,28.571353566025664,9.030838499235472e-08,772.9809999857341,0.0
gk_future_7,full,gbr,raw_quantile,greed,2436.0,0.9979474548440066,0.04794745484400664,0.04794745484400664,0.002052545155993432,0.0,0.002052545155993432,0.0,0.1348439007879408,0.1325992998911115,0.13500576889189408,0.000943536699243331,0.008032359937203,0.0024316075230539237,-1.6557820791844886,0.95,207.46884263841818,0.0,0.02057604620637221,0.8859399066979742
gk_future_7,full,gbr,raw_quantile,neutral,3498.0,0.9768439108061749,0.026843910806174986,0.026843910806174986,0.023156089193825044,0.0,0.023156089193825044,0.0,0.13926393547702837,0.13971666663164,0.14217366707936438,0.0007425914614473103,0.007469736963724763,0.002811750215536705,-1.8413503857949818,0.95,65.72669774558904,5.551115123125783e-16,187.97932390051847,0.0
gk_future_7,full,gbr,regime_cqr,fear,2706.0,0.9312638580931264,-0.01873614190687356,0.01873614190687356,0.06504065040650407,0.003695491500369549,0.06504065040650407,0.003695491500369549,0.1562684672128557,0.1499950494125013,0.16558921686404765,0.0012253851199221033,0.010696335328077785,0.0029143453016789926,-1.6267257783036173,0.95,17.996352993484834,2.213285915420027e-05,697.5267443103664,0.0
gk_future_7,full,gbr,regime_cqr,greed,2436.0,0.9979474548440066,0.04794745484400664,0.04794745484400664,0.002052545155993432,0.0,0.002052545155993432,0.0,0.13507924622700176,0.1325992998911115,0.135241114330955,0.0009464785172315927,0.008032359937203,0.0024345493410421856,-1.6557820791844886,0.95,207.46884263841818,0.0,0.02057604620637221,0.8859399066979742
gk_future_7,full,gbr,regime_cqr,neutral,3498.0,0.9785591766723842,0.02855917667238428,0.02855917667238428,0.02144082332761578,0.0,0.02144082332761578,0.0,0.14023129505284435,0.1414319586931768,0.14286742200897762,0.0007478433399899414,0.007469736963724763,0.002823842210234405,-1.8413503857949818,0.95,75.76463239084762,0.0,152.43302448366273,0.0
gk_future_7,full,gbr,regime_sym_conformal,fear,2706.0,0.8056171470805618,-0.1443828529194382,0.1443828529194382,0.13562453806356245,0.058758314855875834,0.13562453806356245,0.058758314855875834,0.10705095264561965,0.0917677092076894,0.2264506446437124,0.0025614411170963186,0.01245192708816814,0.003099824998996397,-1.6173389031687386,0.95,709.651981472327,0.0,1300.612118477517,0.0
gk_future_7,full,gbr,regime_sym_conformal,greed,2436.0,0.8321018062397373,-0.11789819376026267,0.11789819376026267,0.06403940886699508,0.10385878489326765,0.06403940886699508,0.10385878489326765,0.07270323442366225,0.0723078443446955,0.13787720771948156,0.0013571890802688117,0.008762564080303417,0.0020897411127181313,-1.6579868611324142,0.95,453.6877269149886,0.0,997.0017331505464,0.0
gk_future_7,full,gbr,regime_sym_conformal,neutral,3498.0,0.8933676386506575,-0.056632361349342464,0.056632361349342464,0.06518010291595197,0.04145225843339051,0.06518010291595197,0.04145225843339051,0.08986185718985858,0.082981083292269,0.134576382977314,0.0012094953623795377,0.009372245916064158,0.0021549142120532165,-1.8287760495979961,0.95,180.8448281858732,0.0,1146.2674956714186,0.0
gk_future_7,full,gbr,sym_conformal,fear,2706.0,0.8082039911308204,-0.14179600886917954,0.14179600886917954,0.13229859571322986,0.05949741315594974,0.13229859571322986,0.05949741315594974,0.10679327634742662,0.0917677092076894,0.22563248294506408,0.0024649155689016604,0.01245192708816814,0.0031758965047248462,-1.6173389031687386,0.95,688.4507659158335,0.0,1257.0067998280429,0.0
gk_future_7,full,gbr,sym_conformal,greed,2436.0,0.8669950738916257,-0.08300492610837429,0.08300492610837429,0.0480295566502463,0.08497536945812807,0.0480295566502463,0.08497536945812807,0.0754837334457547,0.077301034196496,0.13373737397777757,0.001366050324031131,0.008762564080303417,0.0019773840254132115,-1.6579868611324142,0.95,247.78454307636957,0.0,969.5034021637125,0.0
gk_future_7,full,gbr,sym_conformal,neutral,3498.0,0.9005145797598628,-0.049485420240137135,0.049485420240137135,0.06260720411663807,0.03687821612349914,0.06260720411663807,0.03687821612349914,0.09312259183621886,0.0905562649561936,0.13320640529296093,0.0012488892377121431,0.009372245916064158,0.0020812708946117853,-1.8287760495979961,0.95,141.81725099463847,0.0,1078.7171768576773,0.0
gk_future_7,full,gru,cqr,fear,2706.0,0.9652623798965262,0.015262379896526235,0.015262379896526235,0.015890613451589063,0.018847006651884702,0.015890613451589063,0.018847006651884702,0.18836207444880945,0.1788286711122924,0.20850841728462827,0.0016328330427390016,0.014358838635852007,0.0035798773893766112,79416.8701913919,0.95,14.790433355130745,0.00012014345347244326,176.79995406726403,0.0
gk_future_7,full,gru,cqr,greed,2436.0,0.9363711001642037,-0.013628899835796293,0.013628899835796293,0.01847290640394089,0.0451559934318555,0.01847290640394089,0.0451559934318555,0.14059080983978853,0.1309844590723514,0.16841239437459096,0.0014628333671555976,0.011311436154145553,0.002747476492209079,34564.664292664595,0.95,8.80246444536192,0.0030082391990209345,400.10720956877253,0.0
gk_future_7,full,gru,cqr,neutral,3498.0,0.9508290451686678,0.0008290451686678857,0.0008290451686678857,0.0065751858204688395,0.04259576901086335,0.0065751858204688395,0.04259576901086335,0.13054401973789198,0.1226885442011997,0.16438482154711967,0.0013447750862929692,0.010486282728126494,0.0027648454523849274,177212.86983703685,0.95,0.05088264098048967,0.8215344689668076,387.28857848317546,0.0
gk_future_7,full,gru,raw_quantile,fear,2706.0,0.9164818920916482,-0.033518107908351746,0.033518107908351746,0.031042128603104215,0.0524759793052476,0.031042128603104215,0.0524759793052476,0.17326594925947084,0.1650269664824009,0.2325532983105778,0.001759217361524137,0.014358838635852007,0.004054615096240215,79416.8701913919,0.95,53.73270085777676,2.297051437949449e-13,507.18565679613926,0.0
gk_future_7,full,gru,raw_quantile,greed,2436.0,0.8702791461412152,-0.0797208538587848,0.0797208538587848,0.030377668308702793,0.0993431855500821,0.030377668308702793,0.0993431855500821,0.1268300213600617,0.1179563626646995,0.231622827712268,0.001459384602869996,0.011311436154145553,0.004331186089936607,34564.664292664595,0.95,230.89731532162568,0.0,815.1712621343313,0.0
gk_future_7,full,gru,raw_quantile,neutral,3498.0,0.8867924528301887,-0.06320754716981125,0.06320754716981125,0.012006861063464836,0.10120068610634649,0.012006861063464836,0.10120068610634649,0.11373293958068516,0.10529832867905495,0.21512511019096223,0.0012892946878560474,0.010486282728126494,0.004088833066917913,177212.86983703685,0.95,220.0705524623031,0.0,890.0534463797665,0.0
gk_future_7,full,gru,regime_cqr,fear,2706.0,0.9619364375461936,0.011936437546193668,0.011936437546193668,0.02032520325203252,0.017738359201773836,0.02032520325203252,0.017738359201773836,0.18879106155573713,0.1798084719282762,0.2103884646504487,0.0016613770223229299,0.014358838635852007,0.003598334593938194,79416.8701913919,0.95,8.814447059993768,0.0029885476115901755,214.9108577765735,0.0
gk_future_7,full,gru,regime_cqr,greed,2436.0,0.9293924466338259,-0.020607553366174036,0.020607553366174036,0.01847290640394089,0.05213464696223317,0.01847290640394089,0.05213464696223317,0.1396589797924416,0.1304134138039177,0.17460733639801448,0.0014589543793625396,0.011311436154145553,0.002906229030587726,34564.664292664595,0.95,19.416164709381064,1.0511359715192903e-05,475.24274299710873,0.0
gk_future_7,full,gru,regime_cqr,neutral,3498.0,0.949685534591195,-0.00031446540880497587,0.00031446540880497587,0.00686106346483705,0.04345340194396798,0.00686106346483705,0.04345340194396798,0.1310403000573321,0.12331226527418396,0.16674391848953637,0.0013477378134540516,0.010486282728126494,0.0028208601487842624,177212.86983703685,0.95,0.007267938810173291,0.9320608863749662,422.05930804992306,0.0
gk_future_7,full,gru,regime_sym_conformal,fear,2706.0,0.843680709534368,-0.10631929046563193,0.10631929046563193,0.09866962305986696,0.057649667405764965,0.09866962305986696,0.057649667405764965,0.12731133751220522,0.1257658750928608,0.26810461850560147,0.0029492324039900614,0.015973685116331446,0.0037533830586498796,33061.310842040184,0.95,422.40768227770013,0.0,989.9768902200815,0.0
gk_future_7,full,gru,regime_sym_conformal,greed,2436.0,0.8908045977011494,-0.059195402298850563,0.059195402298850563,0.044745484400656815,0.06444991789819376,0.044745484400656815,0.06444991789819376,0.10171910485886407,0.0874967801597981,0.15737352145054456,0.0017401031553707048,0.013379130185785647,0.0021942348808928138,162645.03601228658,0.95,136.33159374558363,0.0,669.4499999888762,0.0
gk_future_7,full,gru,regime_sym_conformal,neutral,3498.0,0.9188107489994283,-0.031189251000571683,0.031189251000571683,0.02172670097198399,0.05946255002858777,0.02172670097198399,0.05946255002858777,0.10421877846530715,0.09459936699677304,0.1616072909462041,0.0013762705133541803,0.012745105642733392,0.002663911760300825,272851.1080776525,0.95,60.765292149948436,6.439293542825908e-15,711.0547114779033,0.0
gk_future_7,full,gru,sym_conformal,fear,2706.0,0.8484848484848485,-0.10151515151515145,0.10151515151515145,0.09275683665927568,0.058758314855875834,0.09275683665927568,0.058758314855875834,0.1285800489625244,0.12631031125783915,0.259976855708867,0.002676949222040634,0.015973685116331446,0.003822472170680947,33061.310842040184,0.95,390.1625484058118,0.0,894.5452279789538,0.0
gk_future_7,full,gru,sym_conformal,greed,2436.0,0.9174876847290641,-0.0325123152709359,0.0325123152709359,0.036535303776683084,0.04597701149425287,0.036535303776683084,0.04597701149425287,0.10491139616829466,0.0966276228427887,0.14361375207304705,0.0017142244973358763,0.013379130185785647,0.0018761193044902042,162645.03601228658,0.95,45.713631765159334,1.3686718425276467e-11,497.15179579185246,0.0
gk_future_7,full,gru,sym_conformal,neutral,3498.0,0.923956546598056,-0.026043453401943917,0.026043453401943917,0.017724413950829045,0.058319039451114926,0.017724413950829045,0.058319039451114926,0.10509235350912452,0.096595712006092,0.16068296423185605,0.0013630953367284374,0.012745105642733392,0.0026539787690678684,272851.1080776525,0.95,43.37855485552973,4.51104709142669e-11,710.8884229135087,0.0
gk_future_7,full,har_ols,cqr,fear,2706.0,0.9223946784922394,-0.027605321507760516,0.027605321507760516,0.050997782705099776,0.026607538802660754,0.050997782705099776,0.026607538802660754,0.15824169951740555,0.1520470614702465,0.2026040830597057,0.0017224065226146305,0.011531471719813727,0.003342695553877916,-1.5914103018358108,0.95,37.429444136613256,9.47803835416039e-10,459.1419088855289,0.0
gk_future_7,full,har_ols,cqr,greed,2436.0,0.9408866995073891,-0.009113300492610832,0.009113300492610832,0.054187192118226604,0.0049261083743842365,0.054187192118226604,0.0049261083743842365,0.12945303280627216,0.1293479099240746,0.1508547275293062,0.001039006576487526,0.008855715838898192,0.0027323616117450396,-1.6610932267463747,0.95,4.034335669188295,0.04458322520004965,342.63284110361246,0.0
gk_future_7,full,har_ols,cqr,neutral,3498.0,0.7941680960548885,-0.15583190394511148,0.15583190394511148,0.08404802744425385,0.12178387650085763,0.08404802744425385,0.12178387650085763,0.10925279472667966,0.1102808161887152,0.222851416890499,0.0013063608043993205,0.00987807616442197,0.004264924617863063,-1.6792012749772558,0.95,1042.2020839361949,0.0,1755.0061848589457,0.0
gk_future_7,full,har_ols,raw_quantile,fear,2706.0,0.6873614190687362,-0.2626385809312638,0.2626385809312638,0.164079822616408,0.14855875831485588,0.164079822616408,0.14855875831485588,0.09629800434130414,0.0905605855551913,0.3473268778345226,0.0022937780854506915,0.011531471719813727,0.006389393860412279,-1.5914103018358108,0.95,1897.6795017289987,0.0,857.4223789543821,0.0
gk_future_7,full,har_ols,raw_quantile,greed,2436.0,0.7241379310344828,-0.2258620689655172,0.2258620689655172,0.2684729064039409,0.007389162561576354,0.2684729064039409,0.007389162561576354,0.1094930474615254,0.10862924836073551,0.1962226253003721,0.002370344754518465,0.008855715838898192,0.002535220877990746,-1.6610932267463747,0.95,1337.6062268676756,0.0,1003.8682942936387,0.0
gk_future_7,full,har_ols,raw_quantile,neutral,3498.0,0.5351629502572899,-0.4148370497427101,0.4148370497427101,0.18867924528301888,0.27615780445969124,0.18867924528301888,0.27615780445969124,0.07087103873034967,0.0624741004474039,0.35930410173927074,0.0022424755198599817,0.00987807616442197,0.006740127023621695,-1.6792012749772558,0.95,5102.220232736008,0.0,2125.605389933373,0.0
gk_future_7,full,har_ols,regime_cqr,fear,2706.0,0.917960088691796,-0.03203991130820394,0.03203991130820394,0.057649667405764965,0.024390243902439025,0.057649667405764965,0.024390243902439025,0.15726091966714306,0.1528735783176193,0.2013992083948885,0.001778505050972014,0.011531471719813727,0.003256475158900102,-1.5914103018358108,0.95,49.4186857650252,2.0676793610618915e-12,463.4835040502785,0.0
gk_future_7,full,har_ols,regime_cqr,greed,2436.0,0.9064039408866995,-0.043596059113300445,0.043596059113300445,0.08620689655172414,0.007389162561576354,0.08620689655172414,0.007389162561576354,0.12596953001716485,0.1220009628443619,0.15435435089267288,0.0011355929014702677,0.008855715838898192,0.0027232658708464625,-1.6610932267463747,0.95,78.44605496563213,0.0,373.9858104475054,0.0
gk_future_7,full,har_ols,regime_cqr,neutral,3498.0,0.7958833619210978,-0.1541166380789022,0.1541166380789022,0.0823327615780446,0.12178387650085763,0.0823327615780446,0.12178387650085763,0.10996859361902322,0.1104690602955748,0.22168294932125784,0.0012682577407312021,0.00987807616442197,0.004273815992300151,-1.6792012749772558,0.95,1023.1347290359881,0.0,1688.7052672381017,0.0
gk_future_7,full,har_ols,regime_sym_conformal,fear,2706.0,0.8824833702882483,-0.06751662971175165,0.06751662971175165,0.050997782705099776,0.06651884700665188,0.050997782705099776,0.06651884700665188,0.12284067355745538,0.1161563359144473,0.2334768438291395,0.0023777077553884768,0.015640912587584353,0.0034592133403399134,16355.242873304393,0.95,191.401692844408,0.0,815.5489524497029,0.0
gk_future_7,full,har_ols,regime_sym_conformal,greed,2436.0,0.8571428571428571,-0.09285714285714286,0.09285714285714286,0.1354679802955665,0.007389162561576354,0.1354679802955665,0.007389162561576354,0.09891026542390619,0.0822584859705848,0.18224231494307325,0.002652865430840459,0.01338134173269407,0.001903192442736277,-1.6323412063826546,0.95,301.14375705485963,0.0,716.7283368565147,0.0
gk_future_7,full,har_ols,regime_sym_conformal,neutral,3498.0,0.8919382504288165,-0.058061749571183485,0.058061749571183485,0.05317324185248713,0.0548885077186964,0.05317324185248713,0.0548885077186964,0.09992332822725523,0.0849496967374695,0.16805669519549893,0.0016652691933627185,0.013167002871621786,0.0025361481865246575,105942.56264151867,0.95,189.1078374600379,0.0,684.6419812536649,0.0
gk_future_7,full,har_ols,sym_conformal,fear,2706.0,0.8913525498891353,-0.058647450110864696,0.058647450110864696,0.028824833702882482,0.07982261640798226,0.028824833702882482,0.07982261640798226,0.12330783957398993,0.1161563359144473,0.25348344579400234,0.0017330019717286206,0.015640912587584353,0.0046040841731213415,16355.242873304393,0.95,148.9433983740007,0.0,885.0087751671504,0.0
gk_future_7,full,har_ols,sym_conformal,greed,2436.0,0.8793103448275862,-0.07068965517241377,0.07068965517241377,0.11576354679802955,0.0049261083743842365,0.11576354679802955,0.0049261083743842365,0.10437264329252874,0.0986178269059217,0.18223557622059128,0.0026178738079186176,0.01338134173269407,0.0019380155975960668,-1.6323412063826546,0.95,186.88888085939357,0.0,784.0618020726449,0.0
gk_future_7,full,har_ols,sym_conformal,neutral,3498.0,0.8953687821612349,-0.05463121783876501,0.05463121783876501,0.048027444253859346,0.05660377358490566,0.048027444253859346,0.05660377358490566,0.0996141084512131,0.0847538456402673,0.16882196826501808,0.0016565262377575408,0.013167002871621786,0.002564022968867814,105942.56264151867,0.95,169.52910364880563,0.0,727.9451400460032,0.0
gk_future_7,full,lstm,cqr,fear,2706.0,0.9042867701404287,-0.04571322985957127,0.04571322985957127,0.05728011825572801,0.038433111603843315,0.05728011825572801,0.038433111603843315,0.16551443707130775,0.16014922208075094,0.22893749047371675,0.0018578627965693314,0.015765230668283448,0.0038655744652734926,14985.439614703784,0.95,95.00495003170613,0.0,699.6941790652622,0.0
gk_future_7,full,lstm,cqr,greed,2436.0,0.9133825944170771,-0.03661740558292281,0.03661740558292281,0.023399014778325122,0.06321839080459771,0.023399014778325122,0.06321839080459771,0.11616415351766003,0.1114336885684679,0.15218154817690058,0.0014933595034523062,0.01327779946426415,0.0023111792009701134,149770.9850117206,0.95,56.96285010407405,4.440892098500626e-14,622.4967458968501,0.0
gk_future_7,full,lstm,cqr,neutral,3498.0,0.9451114922813036,-0.004888507718696311,0.004888507718696311,0.009148084619782733,0.045740423098913664,0.009148084619782733,0.045740423098913664,0.1177311449689256,0.11088901385664934,0.1613441900278785,0.0012579597240970626,0.011473582854714828,0.0027756450265998046,257801.0021909627,0.95,1.7080446213374216,0.19123926754525356,557.6194056440061,0.0
gk_future_7,full,lstm,raw_quantile,fear,2706.0,0.8096821877309682,-0.14031781226903173,0.14031781226903173,0.09127864005912786,0.09903917220990392,0.09127864005912786,0.09903917220990392,0.13709299746971004,0.12883653398603195,0.30104640948657696,0.0022385866238337337,0.015765230668283448,0.005287573613330595,14985.439614703784,0.95,676.4405307071097,0.0,1252.4820393969653,0.0
gk_future_7,full,lstm,raw_quantile,greed,2436.0,0.7463054187192119,-0.2036945812807881,0.2036945812807881,0.05090311986863711,0.20279146141215107,0.05090311986863711,0.20279146141215107,0.08691640330954241,0.08402415923774234,0.29211154703842346,0.0015105199519491197,0.01327779946426415,0.005792268724011371,149770.9850117206,0.95,1129.93242521012,0.0,1358.2259773023638,0.0
gk_future_7,full,lstm,raw_quantile,neutral,3498.0,0.8522012578616353,-0.0977987421383647,0.0977987421383647,0.025728987993138937,0.12206975414522585,0.025728987993138937,0.12206975414522585,0.09418474565364743,0.08873396366834635,0.21757419554123614,0.0012148294331086101,0.011473582854714828,0.004224525455422199,257801.0021909627,0.95,472.97134831626227,0.0,1261.7671097730824,0.0
gk_future_7,full,lstm,regime_cqr,fear,2706.0,0.9028085735402809,-0.04719142645971908,0.04719142645971908,0.058388765705838876,0.038802660753880266,0.058388765705838876,0.038802660753880266,0.164841425113979,0.15895299389139275,0.2289113773490745,0.0018780443035556617,0.015765230668283448,0.0038447401301711062,14985.439614703784,0.95,100.66214450706639,0.0,706.4896243190426,0.0
gk_future_7,full,lstm,regime_cqr,greed,2436.0,0.9035303776683087,-0.046469622331691274,0.046469622331691274,0.022167487684729065,0.07430213464696224,0.022167487684729065,0.07430213464696224,0.11456252326714014,0.11106609613462795,0.15789147180296842,0.0014417044900825503,0.01327779946426415,0.0025055823049915647,149770.9850117206,0.95,88.11620733288646,0.0,664.7414314974436,0.0
gk_future_7,full,lstm,regime_cqr,neutral,3498.0,0.9416809605488851,-0.008319039451114896,0.008319039451114896,0.011720983419096626,0.0465980560320183,0.011720983419096626,0.0465980560320183,0.11703004655964817,0.10944560155053075,0.16227901689286398,0.0012726408213136237,0.011473582854714828,0.0027843346010078783,257801.0021909627,0.95,4.84906203534797,0.027661170056710205,597.4063584139083,0.0
gk_future_7,full,lstm,regime_sym_conformal,fear,2706.0,0.8477457501847746,-0.10225424981522535,0.10225424981522535,0.11086474501108648,0.04138950480413895,0.11086474501108648,0.04138950480413895,0.14204151175270868,0.14142581555308892,0.26239870043561153,0.003059335743260105,0.018822825312521364,0.003500631767630087,6331.223413851774,0.95,395.0607208704323,0.0,1092.951348022846,0.0
gk_future_7,full,lstm,regime_sym_conformal,greed,2436.0,0.8587848932676518,-0.09121510673234812,0.09121510673234812,0.0603448275862069,0.08087027914614121,0.0603448275862069,0.08087027914614121,0.1043797588809457,0.09573004172412145,0.16999836814869415,0.0017204916302152005,0.015687234348305348,0.0025294675735020576,352894.82514588174,0.95,291.9761331100892,0.0,896.3354710073231,0.0
gk_future_7,full,lstm,regime_sym_conformal,neutral,3498.0,0.9053744997141223,-0.04462550028587764,0.04462550028587764,0.04202401372212693,0.052601486563750716,0.04202401372212693,0.052601486563750716,0.10692080574808496,0.095443231526398,0.1696771981513088,0.0016807871382301025,0.014470703757989532,0.0025611428155525224,582832.5358252807,0.95,117.54270859132976,0.0,978.19454138776,0.0
gk_future_7,full,lstm,sym_conformal,fear,2706.0,0.8492239467849224,-0.10077605321507754,0.10077605321507754,0.10864745011086474,0.04212860310421286,0.10864745011086474,0.04212860310421286,0.14208787393254407,0.145958699285984,0.262100786888323,0.003047155625461418,0.018822825312521364,0.003505364046746562,6331.223413851774,0.95,385.2873725346949,0.0,1107.4897145488235,0.0
gk_future_7,full,lstm,sym_conformal,greed,2436.0,0.8879310344827587,-0.06206896551724128,0.06206896551724128,0.04597701149425287,0.06609195402298851,0.04597701149425287,0.06609195402298851,0.10621285755783681,0.098335463553667,0.15016021958167294,0.001652092443490414,0.015687234348305348,0.0021019130460513138,352894.82514588174,0.95,148.373154066217,0.0,710.9025091407761,0.0
gk_future_7,full,lstm,sym_conformal,neutral,3498.0,0.9162378502001144,-0.033762149799885566,0.033762149799885566,0.03630646083476272,0.04745568896512293,0.03630646083476272,0.04745568896512293,0.10899921116755133,0.0976723730564117,0.15900352097960574,0.0015192383744173413,0.014470703757989532,0.002455849650072707,582832.5358252807,0.95,70.39931334740004,0.0,791.095737981889,0.0
gk_future_7,full,rf,cqr,fear,2706.0,0.8824833702882483,-0.06751662971175165,0.06751662971175165,0.10606060606060606,0.011456023651145602,0.10606060606060606,0.011456023651145602,0.1626540061619116,0.14729613786575707,0.20281807985470585,0.0017484026238923354,0.01657086656884116,0.003322049372475217,-1.5785237267466166,0.95,191.401692844408,0.0,881.5703292589287,0.0
gk_future_7,full,rf,cqr,greed,2436.0,0.9729064039408867,0.02290640394088672,0.02290640394088672,0.019704433497536946,0.007389162561576354,0.019704433497536946,0.007389162561576354,0.13424093375328974,0.127067559955331,0.143324717658834,0.0009478120891630844,0.009496950875443347,0.002635305852307669,-1.6486968429535709,0.95,32.05498356717749,1.4987014074208105e-08,167.35812255862254,0.0
gk_future_7,full,rf,cqr,neutral,3498.0,0.9599771297884505,0.009977129788450556,0.009977129788450556,0.022584333905088624,0.017438536306460833,0.022584333905088624,0.017438536306460833,0.12314530736150836,0.11917019042396926,0.14266263051345424,0.0009528988029651161,0.008746050803832823,0.0026136669598711437,-1.8273153712412662,0.95,7.845103178351337,0.005095854978496517,316.47974208996106,0.0
gk_future_7,full,rf,raw_quantile,fear,2706.0,0.7682926829268293,-0.18170731707317067,0.18170731707317067,0.2139689578713969,0.017738359201773836,0.2139689578713969,0.017738359201773836,0.1347380374087807,0.11875421714916765,0.23329845744020977,0.0027709507233691496,0.01657086656884116,0.0030615107126360005,-1.5785237267466166,0.95,1040.24189511671,0.0,1416.594074406052,0.0
gk_future_7,full,rf,raw_quantile,greed,2436.0,0.8986042692939245,-0.051395730706075504,0.051395730706075504,0.07512315270935961,0.026272577996715927,0.07512315270935961,0.026272577996715927,0.12016650970805279,0.11505611613978035,0.1512865679216362,0.0011237587935968233,0.009496950875443347,0.0026584054044439874,-1.6486968429535709,0.95,105.76092355495666,0.0,633.5110245759979,0.0
gk_future_7,full,rf,raw_quantile,neutral,3498.0,0.8905088622069754,-0.05949113779302451,0.05949113779302451,0.07890222984562607,0.030588907947398512,0.07890222984562607,0.030588907947398512,0.09890164518060253,0.09254180233159745,0.1382487896806176,0.0010338457370495963,0.008746050803832823,0.002422374004965749,-1.8273153712412662,0.95,197.51915137193237,0.0,714.920940537459,0.0
gk_future_7,full,rf,regime_cqr,fear,2706.0,0.8776792313377679,-0.07232076866223203,0.07232076866223203,0.11086474501108648,0.011456023651145602,0.11086474501108648,0.011456023651145602,0.1628512022267161,0.14811060644708984,0.2038599213845944,0.0017754397168564366,0.01657086656884116,0.0033210583177583296,-1.5785237267466166,0.95,216.13219230901586,0.0,935.6322962494114,0.0
gk_future_7,full,rf,regime_cqr,greed,2436.0,0.9601806239737274,0.010180623973727432,0.010180623973727432,0.022167487684729065,0.017651888341543513,0.022167487684729065,0.017651888341543513,0.1303186659198499,0.1213197813569953,0.14279798874464025,0.0009080206755086693,0.009496950875443347,0.002661929043107241,-1.6486968429535709,0.95,5.696964466156032,0.016994279705304982,270.3601584791369,0.0
gk_future_7,full,rf,regime_cqr,neutral,3498.0,0.9579759862778731,0.007975986277873104,0.007975986277873104,0.024299599771297885,0.017724413950829045,0.024299599771297885,0.017724413950829045,0.12321660398747798,0.1174786053145432,0.14313085627442093,0.0009571861110557495,0.008746050803832823,0.002621085295804677,-1.8273153712412662,0.95,4.941741511122473,0.02621561022257035,305.08137887818486,0.0
gk_future_7,full,rf,regime_sym_conformal,fear,2706.0,0.786770140428677,-0.16322985957132297,0.16322985957132297,0.17923133776792313,0.03399852180339985,0.17923133776792313,0.03399852180339985,0.1278495953758419,0.1358300792706065,0.31711721089861655,0.0052163101489166265,0.01853296687972735,0.0027116201235486935,-1.568325238849954,0.95,870.9582149995485,0.0,1468.5772383201065,0.0
gk_future_7,full,rf,regime_sym_conformal,greed,2436.0,0.8296387520525451,-0.12036124794745484,0.12036124794745484,0.11781609195402298,0.052545155993431854,0.11781609195402298,0.052545155993431854,0.0814367855388574,0.0909321653224158,0.16435719321752845,0.002071367264011099,0.010909022413999311,0.002037562566427018,-1.6390646848897945,0.95,469.91920084248113,0.0,1065.2793747975702,0.0
gk_future_7,full,rf,regime_sym_conformal,neutral,3498.0,0.9196683819325329,-0.030331618067467092,0.030331618067467092,0.03659233847913093,0.04373927958833619,0.03659233847913093,0.04373927958833619,0.09771349771933834,0.0869901482071686,0.13764172708316322,0.0012012576868442118,0.0101153772969701,0.002239785490234774,-1.8216466472041004,0.95,57.691043820786035,3.064215547965432e-14,765.1001590476501,0.0
gk_future_7,full,rf,sym_conformal,fear,2706.0,0.7889874353288987,-0.16101256467110125,0.16101256467110125,0.1762749445676275,0.03473762010347376,0.1762749445676275,0.03473762010347376,0.12811530659230166,0.1358300792706065,0.30665763573332117,0.0049371444044888435,0.01853296687972735,0.0027292964888440924,-1.568325238849954,0.95,851.3712345897679,0.0,1391.608088551306,0.0
gk_future_7,full,rf,sym_conformal,greed,2436.0,0.8628899835796388,-0.0871100164203612,0.0871100164203612,0.11042692939244664,0.026683087027914613,0.11042692939244664,0.026683087027914613,0.08748730752155072,0.0921673875386373,0.15306129326151877,0.0020919511620051193,0.010909022413999311,0.0017345811695327542,-1.6390646848897945,0.95,269.5333182297511,0.0,1041.1442958297323,0.0
gk_future_7,full,rf,sym_conformal,neutral,3498.0,0.9302458547741567,-0.01975414522584329,0.01975414522584329,0.031446540880503145,0.038307604345340196,0.031446540880503145,0.038307604345340196,0.10192609229384836,0.0964565333287697,0.13563258498196668,0.0012255061140720805,0.0101153772969701,0.002165308510476991,-1.8216466472041004,0.95,25.728393749713632,3.930022238751718e-07,667.0499819684069,0.0
gk_future_7,full,ridge,cqr,fear,2706.0,0.9512195121951219,0.0012195121951219523,0.0012195121951219523,0.04878048780487805,0.0,0.04878048780487805,0.0,0.17439680370476854,0.1771724377041591,0.18616895606016481,0.0014549666973864412,0.01000713289893468,0.003199257204117584,-1.6300390141237198,0.95,0.08538466489540042,0.7701287077857653,735.0704969802846,0.0
gk_future_7,full,ridge,cqr,greed,2436.0,1.0,0.050000000000000044,0.050000000000000044,0.0,0.0,0.0,0.0,0.16038470487410325,0.1538544532311624,0.16038470487410325,0.0011060343045964914,0.007714375873109296,0.0029035833172559927,-1.659727263631886,0.95,249.90088153614593,0.0,-0.0,1.0
gk_future_7,full,ridge,cqr,neutral,3498.0,0.9914236706689536,0.041423670668953694,0.041423670668953694,0.008576329331046312,0.0,0.008576329331046312,0.0,0.16728380281513774,0.1693344810057445,0.16820660875280372,0.0008493669756192897,0.006820721692853107,0.0033557982432007075,-1.8445085117366835,0.95,190.24729843490172,0.0,79.57837866365145,0.0
gk_future_7,full,ridge,raw_quantile,fear,2706.0,0.9512195121951219,0.0012195121951219523,0.0012195121951219523,0.04878048780487805,0.0,0.04878048780487805,0.0,0.17427040248519812,0.1771724377041591,0.18646249151702432,0.0014638850990525594,0.01000713289893468,0.003197677188872953,-1.6300390141237198,0.95,0.08538466489540042,0.7701287077857653,735.0704969802846,0.0
gk_future_7,full,ridge,raw_quantile,greed,2436.0,1.0,0.050000000000000044,0.050000000000000044,0.0,0.0,0.0,0.0,0.1601154275134752,0.1538544532311624,0.1601154275134752,0.0011026683375886409,0.007714375873109296,0.0029002173502481418,-1.659727263631886,0.95,249.90088153614593,0.0,-0.0,1.0
gk_future_7,full,ridge,raw_quantile,neutral,3498.0,0.9914236706689536,0.041423670668953694,0.041423670668953694,0.008576329331046312,0.0,0.008576329331046312,0.0,0.16520170992725602,0.1693344810057445,0.16612451586492205,0.000823340814520768,0.006820721692853107,0.003329772082102185,-1.8445085117366835,0.95,190.24729843490172,0.0,79.57837866365145,0.0
gk_future_7,full,ridge,regime_cqr,fear,2706.0,0.9512195121951219,0.0012195121951219523,0.0012195121951219523,0.04878048780487805,0.0,0.04878048780487805,0.0,0.1743976512239423,0.1771724377041591,0.18616980357933857,0.001454977291376113,0.01000713289893468,0.0031992677981072565,-1.6300390141237198,0.95,0.08538466489540042,0.7701287077857653,735.0704969802846,0.0
gk_future_7,full,ridge,regime_cqr,greed,2436.0,1.0,0.050000000000000044,0.050000000000000044,0.0,0.0,0.0,0.0,0.16038470487410325,0.1538544532311624,0.16038470487410325,0.0011060343045964914,0.007714375873109296,0.0029035833172559927,-1.659727263631886,0.95,249.90088153614593,0.0,-0.0,1.0
gk_future_7,full,ridge,regime_cqr,neutral,3498.0,0.9914236706689536,0.041423670668953694,0.041423670668953694,0.008576329331046312,0.0,0.008576329331046312,0.0,0.16565859308455474,0.1693344810057445,0.16658139902222072,0.0008290518539870018,0.006820721692853107,0.003335483121568419,-1.8445085117366835,0.95,190.24729843490172,0.0,79.57837866365145,0.0
gk_future_7,full,ridge,regime_sym_conformal,fear,2706.0,0.8654841093865484,-0.08451589061345155,0.08451589061345155,0.07243163340724317,0.06208425720620843,0.07243163340724317,0.06208425720620843,0.11383501615927477,0.092834296937052,0.2312713954351425,0.0021427405945019474,0.013804737900315663,0.0036390442913765194,-1.580069881405991,0.95,284.04980168190195,0.0,730.6769910234132,0.0
gk_future_7,full,ridge,regime_sym_conformal,greed,2436.0,0.9183087027914614,-0.03169129720853858,0.03169129720853858,0.06691297208538588,0.014778325123152709,0.06691297208538588,0.014778325123152709,0.08318815702931859,0.072479335546023,0.12755611980662526,0.0016602651755725354,0.011029621525753095,0.0015286378195930013,-1.6489972697314639,0.95,43.59239825285158,4.0440650828088565e-11,427.29146890016693,0.0
gk_future_7,full,ridge,regime_sym_conformal,neutral,3498.0,0.9230989136649514,-0.026901086335048507,0.026901086335048507,0.005145797598627788,0.07175528873642081,0.005145797598627788,0.07175528873642081,0.09670444448514606,0.092725234712913,0.1608660188920235,0.001224936163830196,0.009595156659767293,0.0027967143084702967,-1.6826236181118461,0.95,46.09752168206137,1.1251111153853799e-11,792.7126733541088,0.0
gk_future_7,full,ridge,sym_conformal,fear,2706.0,0.8614190687361419,-0.08858093126385802,0.08858093126385802,0.07206208425720621,0.06651884700665188,0.07206208425720621,0.06651884700665188,0.11373330125007368,0.0931241513423962,0.2457422170013189,0.0018944452371951052,0.013804737900315663,0.004249110187837773,-1.580069881405991,0.95,308.2529774120326,0.0,801.1130027638369,0.0
gk_future_7,full,ridge,sym_conformal,greed,2436.0,0.9166666666666666,-0.033333333333333326,0.033333333333333326,0.06691297208538588,0.016420361247947456,0.06691297208538588,0.016420361247947456,0.08613214376752423,0.0728092700054629,0.13084866476316045,0.001678617131175356,0.011029621525753095,0.0015925994879035592,-1.6489972697314639,0.95,47.87824634810613,4.5352610555937645e-12,458.01116718645494,0.0
gk_future_7,full,ridge,sym_conformal,neutral,3498.0,0.9296740994854202,-0.02032590051457972,0.02032590051457972,0.0,0.07032590051457976,0.0,0.07032590051457976,0.0966299157551717,0.08555249388461805,0.15749744235484384,0.0012162989152238132,0.009595156659767293,0.002721137143647186,-1.6826236181118461,0.95,27.16183975912577,1.871157543353874e-07,858.812680797716,0.0
gk_future_7,price_onchain,gbr,cqr,fear,2706.0,0.9386548410938654,-0.011345158906134523,0.011345158906134523,0.05580192165558019,0.005543237250554324,0.05580192165558019,0.005543237250554324,0.1556496456223271,0.1543425697891468,0.16872222953814353,0.0012904948984476486,0.011037620159723156,0.002927560840005845,-1.621780131803293,0.95,6.859856056242734,0.008815365019196886,696.639318730082,0.0
gk_future_7,price_onchain,gbr,cqr,greed,2436.0,0.9950738916256158,0.045073891625615814,0.045073891625615814,0.0008210180623973727,0.004105090311986864,0.0008210180623973727,0.004105090311986864,0.13640468257655367,0.138245757728143,0.1372005678104591,0.0009795183529687033,0.008769140749111037,0.002450495842292679,-1.6465156394996079,0.95,169.10973286559374,0.0,63.32430271917899,1.7763568394002505e-15
gk_future_7,price_onchain,gbr,cqr,neutral,3498.0,0.9817038307604345,0.03170383076043459,0.03170383076043459,0.016580903373356205,0.0017152658662092624,0.016580903373356205,0.0017152658662092624,0.14111198205851808,0.1425234285198496,0.14425441570973757,0.0007724284232835445,0.007997922092723842,0.0028339319694598,-1.8362809489266705,0.95,96.77810184069494,0.0,118.52400226086445,0.0
gk_future_7,price_onchain,gbr,raw_quantile,fear,2706.0,0.9368070953436807,-0.013192904656319282,0.013192904656319282,0.057649667405764965,0.005543237250554324,0.057649667405764965,0.005543237250554324,0.15333862272225107,0.1536011864369185,0.16851915970291265,0.0013048633659130198,0.011037620159723156,0.0029081156266597017,-1.621780131803293,0.95,9.183891821714496,0.0024415431313141722,721.4949182703863,0.0
gk_future_7,price_onchain,gbr,raw_quantile,greed,2436.0,0.9950738916256158,0.045073891625615814,0.045073891625615814,0.0008210180623973727,0.004105090311986864,0.0008210180623973727,0.004105090311986864,0.13605250824900864,0.1380946751298502,0.1368540554908602,0.0009752577240730426,0.008769140749111037,0.002446093663198366,-1.6465156394996079,0.95,169.10973286559374,0.0,63.32430271917899,1.7763568394002505e-15
gk_future_7,price_onchain,gbr,raw_quantile,neutral,3498.0,0.9794168096054888,0.02941680960548887,0.02941680960548887,0.018867924528301886,0.0017152658662092624,0.018867924528301886,0.0017152658662092624,0.13860963884918115,0.1418178312942453,0.1420629879505048,0.0007459847727014688,0.007997922092723842,0.0028055899260610554,-1.8362809489266705,0.95,81.14696695968053,0.0,119.55542115124717,0.0
gk_future_7,price_onchain,gbr,regime_cqr,fear,2706.0,0.9382852919438285,-0.011714708056171474,0.011714708056171474,0.05617147080561715,0.005543237250554324,0.05617147080561715,0.005543237250554324,0.15551686622297053,0.1543425697891468,0.16860457218747782,0.0012895281775653303,0.011037620159723156,0.0029255861271215203,-1.621780131803293,0.95,7.299276659839052,0.0068982376146036195,690.6263992921745,0.0
gk_future_7,price_onchain,gbr,regime_cqr,greed,2436.0,0.9950738916256158,0.045073891625615814,0.045073891625615814,0.0008210180623973727,0.004105090311986864,0.0008210180623973727,0.004105090311986864,0.13640439513486652,0.138245757728143,0.13720594237671804,0.0009796563101462656,0.008769140749111037,0.002450492249271589,-1.6465156394996079,0.95,169.10973286559374,0.0,63.32430271917899,1.7763568394002505e-15
gk_future_7,price_onchain,gbr,regime_cqr,neutral,3498.0,0.9817038307604345,0.03170383076043459,0.03170383076043459,0.016580903373356205,0.0017152658662092624,0.016580903373356205,0.0017152658662092624,0.13984180904746027,0.1420105168006724,0.1429818174800637,0.0007564906301799197,0.007997922092723842,0.002818054806821577,-1.8362809489266705,0.95,96.77810184069494,0.0,118.52400226086445,0.0
gk_future_7,price_onchain,gbr,regime_sym_conformal,fear,2706.0,0.795639320029564,-0.154360679970436,0.154360679970436,0.13082039911308205,0.07354028085735403,0.13082039911308205,0.07354028085735403,0.11175467329132148,0.0934781112896803,0.27112740294933696,0.0033134144576930694,0.01271874645922297,0.0034647706160402616,-1.6094015641734978,0.95,793.5742246674267,0.0,1520.4463555712546,0.0
gk_future_7,price_onchain,gbr,regime_sym_conformal,greed,2436.0,0.8518062397372742,-0.09819376026272575,0.09819376026272575,0.06568144499178982,0.08251231527093596,0.06568144499178982,0.08251231527093596,0.07690889578477152,0.075178848221923,0.13894997500785128,0.0014011636684176044,0.009720867236747997,0.002072585706778582,-1.650182259712245,0.95,331.6742270308446,0.0,842.6356153955105,0.0
gk_future_7,price_onchain,gbr,regime_sym_conformal,neutral,3498.0,0.8822184105202973,-0.0677815894797027,0.0677815894797027,0.07804459691252144,0.039736992567181245,0.07804459691252144,0.039736992567181245,0.09349896507927256,0.08408079785018385,0.13557148168062078,0.0012196614919376088,0.010103883245765702,0.0021696255500778154,-1.8223401676041433,0.95,249.14477900635347,0.0,1048.8264176390317,0.0
gk_future_7,price_onchain,gbr,sym_conformal,fear,2706.0,0.8048780487804879,-0.1451219512195121,0.1451219512195121,0.1204730229120473,0.07464892830746489,0.1204730229120473,0.07464892830746489,0.11173293790531202,0.0920946217163346,0.268483546506497,0.003140223537001595,0.01271874645922297,0.003571865125660735,-1.6094015641734978,0.95,715.7520519833643,0.0,1457.8816165723756,0.0
gk_future_7,price_onchain,gbr,sym_conformal,greed,2436.0,0.8669950738916257,-0.08300492610837429,0.08300492610837429,0.056239737274220034,0.07676518883415435,0.056239737274220034,0.07676518883415435,0.0787580986020117,0.077058260892967,0.1348780298966095,0.0013971496059777713,0.009720867236747997,0.001974801141437371,-1.650182259712245,0.95,247.78454307636957,0.0,818.4864542408818,0.0
gk_future_7,price_onchain,gbr,sym_conformal,neutral,3498.0,0.8953687821612349,-0.05463121783876501,0.05463121783876501,0.07061177815894797,0.03401943967981704,0.07061177815894797,0.03401943967981704,0.09671437887549814,0.08923611228342321,0.13536182588881004,0.001235804748789126,0.010103883245765702,0.0021482408984310293,-1.8223401676041433,0.95,169.52910364880563,0.0,977.7710583742346,0.0
gk_future_7,price_onchain,gru,cqr,fear,2706.0,0.934220251293422,-0.015779748706577945,0.015779748706577945,0.04138950480413895,0.024390243902439025,0.04138950480413895,0.024390243902439025,0.15937006938918338,0.15237657165705895,0.19252003800648476,0.0017600456830260257,0.011318327568496335,0.0030529552671359965,-1.6040905000456687,0.95,12.96010749060747,0.00031819891036888315,500.39071569855275,0.0
gk_future_7,price_onchain,gru,cqr,greed,2436.0,0.9507389162561576,0.000738916256157629,0.000738916256157629,0.015188834154351396,0.03407224958949097,0.015188834154351396,0.03407224958949097,0.13408744396252853,0.12832644362807674,0.15939848817124402,0.0013873524004725042,0.009449519900778393,0.002597609803808501,-1.6275386234692457,0.95,0.028132690504776292,0.8667972474398624,311.00429318976023,0.0
gk_future_7,price_onchain,gru,cqr,neutral,3498.0,0.9519725557461407,0.0019725557461407472,0.0019725557461407472,0.017152658662092625,0.030874785591766724,0.017152658662092625,0.030874785591766724,0.12463202493794223,0.12032181180390486,0.15246671504805884,0.001163073524040124,0.008869788512485762,0.0026485943521612513,12494.730671259014,0.95,0.2901817973051948,0.5901040538518929,399.5872379662493,0.0
gk_future_7,price_onchain,gru,raw_quantile,fear,2706.0,0.8765705838876571,-0.07342941611234288,0.07342941611234288,0.090169992609017,0.03325942350332594,0.090169992609017,0.03325942350332594,0.14260220561627052,0.1351815517991781,0.2125749996030263,0.00212657753374261,0.011318327568496335,0.0031877974563329506,-1.6040905000456687,0.95,222.00591976428268,0.0,867.5907612901271,0.0
gk_future_7,price_onchain,gru,raw_quantile,greed,2436.0,0.9076354679802956,-0.04236453201970436,0.04236453201970436,0.027504105090311988,0.06486042692939245,0.027504105090311988,0.06486042692939245,0.12069404102389333,0.1144498931244015,0.17304281540871871,0.001323329137320195,0.009449519900778393,0.0030027412478976783,-1.6275386234692457,0.95,74.44612396593539,0.0,466.6119602852132,0.0
gk_future_7,price_onchain,gru,raw_quantile,neutral,3498.0,0.9039451114922813,-0.04605488850771866,0.04605488850771866,0.0465980560320183,0.0494568324757004,0.0465980560320183,0.0494568324757004,0.11058438986618646,0.10597234498709435,0.1626216818676816,0.0012428337109756493,0.008869788512485762,0.0028227083357162956,12494.730671259014,0.95,124.48593097670255,0.0,637.5214445489585,0.0
gk_future_7,price_onchain,gru,regime_cqr,fear,2706.0,0.934589800443459,-0.015410199556540993,0.015410199556540993,0.041019955654102,0.024390243902439025,0.041019955654102,0.024390243902439025,0.15905048503391034,0.15236392337828875,0.1953754945368973,0.0017675782885785982,0.011318327568496335,0.003116809074843737,-1.6040905000456687,0.95,12.384053987433845,0.00043301596840128465,504.5319550591315,0.0
gk_future_7,price_onchain,gru,regime_cqr,greed,2436.0,0.9400656814449918,-0.009934318555008148,0.009934318555008148,0.02257799671592775,0.03735632183908046,0.02257799671592775,0.03735632183908046,0.1312703675060296,0.12523187138140202,0.15889469265121914,0.0013862565837165885,0.009449519900778393,0.002586110732563794,-1.6275386234692457,0.95,4.772020244002533,0.028925863395494855,351.6409765260229,0.0
gk_future_7,price_onchain,gru,regime_cqr,neutral,3498.0,0.9545454545454546,0.00454545454545463,0.00454545454545463,0.015151515151515152,0.030303030303030304,0.015151515151515152,0.030303030303030304,0.12509839075034057,0.12093636523313075,0.15214560261601728,0.0011556004106637813,0.008869788512485762,0.0026480396547365554,12494.730671259014,0.95,1.5673183324727233,0.21059688459758208,371.66114098067555,0.0
gk_future_7,price_onchain,gru,regime_sym_conformal,fear,2706.0,0.9050258684405026,-0.044974131559497366,0.044974131559497366,0.03473762010347376,0.06023651145602365,0.03473762010347376,0.06023651145602365,0.1237525487734656,0.1206998893247003,0.20198501888368633,0.0018256165663298322,0.013141302302703646,0.0032240089057622287,23499.752510592098,0.95,92.22747225410558,0.0,717.7612403099765,0.0
gk_future_7,price_onchain,gru,regime_sym_conformal,greed,2436.0,0.8444170771756979,-0.10558292282430204,0.10558292282430204,0.08538587848932677,0.07019704433497537,0.08538587848932677,0.07019704433497537,0.09622084456869351,0.092275061733583,0.18801094080397376,0.0023041013821240588,0.011521785885962824,0.00239617213797519,3731.274209613675,0.95,375.7553942903269,0.0,823.8741598837046,0.0
gk_future_7,price_onchain,gru,regime_sym_conformal,neutral,3498.0,0.9073756432246999,-0.042624356775300076,0.042624356775300076,0.0440251572327044,0.04859919954259577,0.0440251572327044,0.04859919954259577,0.10387291659559979,0.09766582315491805,0.1627512461298206,0.0016559958908072703,0.010546536147223947,0.002412785262438147,38609.139126809474,0.95,108.10301793724602,0.0,717.5828050838618,0.0
gk_future_7,price_onchain,gru,sym_conformal,fear,2706.0,0.9053954175905395,-0.044604582409460414,0.044604582409460414,0.03436807095343681,0.06023651145602365,0.03436807095343681,0.06023651145602365,0.12348773662711256,0.12393964082002634,0.20356835313164073,0.001820222094174829,0.013141302302703646,0.003268986734116092,23499.752510592098,0.95,90.85161662143378,0.0,713.878562061887,0.0
gk_future_7,price_onchain,gru,sym_conformal,greed,2436.0,0.8645320197044335,-0.08546798029556646,0.08546798029556646,0.07717569786535304,0.05829228243021346,0.07717569786535304,0.05829228243021346,0.09924525173292269,0.0949406027793884,0.17985061810004793,0.002243412836149093,0.011521785885962824,0.0022528526163520107,3731.274209613675,0.95,260.74953841801243,0.0,772.0963526346809,0.0
gk_future_7,price_onchain,gru,sym_conformal,neutral,3498.0,0.9159519725557461,-0.03404802744425384,0.03404802744425384,0.03773584905660377,0.04631217838765009,0.03773584905660377,0.04631217838765009,0.10531569348958096,0.0991074703633785,0.1572560284196093,0.0015643196362013318,0.010546536147223947,0.0023670810742888056,38609.139126809474,0.95,71.50732292310227,0.0,633.9584086059745,0.0
gk_future_7,price_onchain,har_ols,cqr,fear,2706.0,0.8403547671840355,-0.1096452328159645,0.1096452328159645,0.07760532150776053,0.082039911308204,0.07760532150776053,0.082039911308204,0.1311843719608077,0.128708892901275,0.21097197613566399,0.0017448302478395386,0.011149237574637389,0.003529469155551965,-1.5956137406442108,0.95,445.2875333814786,0.0,880.6052714646903,0.0
gk_future_7,price_onchain,har_ols,cqr,greed,2436.0,0.9507389162561576,0.000738916256157629,0.000738916256157629,0.024630541871921183,0.024630541871921183,0.024630541871921183,0.024630541871921183,0.1353511352317333,0.1313484986040051,0.15528696904094003,0.001075154259227513,0.008139949789462208,0.002807019966795887,-1.6524966375394563,0.95,0.028132690504776292,0.8667972474398624,233.31201508743038,0.0
gk_future_7,price_onchain,har_ols,cqr,neutral,3498.0,0.9125214408233276,-0.03747855917667231,0.03747855917667231,0.032590051457975985,0.0548885077186964,0.032590051457975985,0.0548885077186964,0.10159185566095114,0.0985650764642694,0.13580574551061586,0.0009708663715440454,0.007824416092826853,0.0024242772662212567,-1.8237988380410641,0.95,85.37631026146528,0.0,405.2616673747682,0.0
gk_future_7,price_onchain,har_ols,raw_quantile,fear,2706.0,0.7317073170731707,-0.21829268292682924,0.21829268292682924,0.1352549889135255,0.13303769401330376,0.1352549889135255,0.13303769401330376,0.10035369374540327,0.0991278722341599,0.2606240949283802,0.00219157239907472,0.011149237574637389,0.004324029974134693,-1.5956137406442108,0.95,1405.5582494567489,0.0,1127.3750642952355,0.0
gk_future_7,price_onchain,har_ols,raw_quantile,greed,2436.0,0.896551724137931,-0.053448275862068906,0.053448275862068906,0.04433497536945813,0.059113300492610835,0.04433497536945813,0.059113300492610835,0.11725041509197615,0.1135727734509625,0.16843755075091635,0.0009601584604791368,0.008139949789462208,0.0032507803082936766,-1.6524966375394563,0.95,113.49916362849103,0.0,378.06869344299207,0.0
gk_future_7,price_onchain,har_ols,raw_quantile,neutral,3498.0,0.8096054888507719,-0.14039451114922807,0.14039451114922807,0.0823327615780446,0.10806174957118353,0.0823327615780446,0.10806174957118353,0.08003689701616971,0.0776186964388821,0.16627591051665777,0.0010662671145336155,0.007824416092826853,0.0030906306483827334,-1.8237988380410641,0.95,875.2262545815715,0.0,603.0177554707698,0.0
gk_future_7,price_onchain,har_ols,regime_cqr,fear,2706.0,0.835920177383592,-0.11407982261640792,0.11407982261640792,0.07760532150776053,0.08647450110864745,0.07760532150776053,0.08647450110864745,0.1326627735884127,0.1298208823967477,0.2138374310866716,0.0017687828734401338,0.011149237574637389,0.0035771529037265594,-1.5956137406442108,0.95,476.48691211683035,0.0,868.917224101514,0.0
gk_future_7,price_onchain,har_ols,regime_cqr,greed,2436.0,0.9384236453201971,-0.011576354679802892,0.011576354679802892,0.03201970443349754,0.029556650246305417,0.03201970443349754,0.029556650246305417,0.13115596628130963,0.12525335220539002,0.1571056555724483,0.0010396557629598349,0.008139949789462208,0.0028879856263512747,-1.6524966375394563,0.95,6.42152096617383,0.011274555916797935,201.0763873261452,0.0
gk_future_7,price_onchain,har_ols,regime_cqr,neutral,3498.0,0.9125214408233276,-0.03747855917667231,0.03747855917667231,0.032590051457975985,0.0548885077186964,0.032590051457975985,0.0548885077186964,0.1021566517919008,0.0991022354045248,0.13637054164156553,0.0009777807408336498,0.007824416092826853,0.0024314828002053946,-1.8237988380410641,0.95,85.37631026146528,0.0,405.2616673747682,0.0
gk_future_7,price_onchain,har_ols,regime_sym_conformal,fear,2706.0,0.9223946784922394,-0.027605321507760516,0.027605321507760516,0.03991130820399113,0.037694013303769404,0.03991130820399113,0.037694013303769404,0.12152755615993195,0.1212227400552796,0.18541529189340847,0.0018938903556566622,0.01206539788853361,0.002741491941678452,-1.5841384581698235,0.95,37.429444136613256,9.47803835416039e-10,554.2130357896924,0.0
gk_future_7,price_onchain,har_ols,regime_sym_conformal,greed,2436.0,0.8325123152709359,-0.11748768472906401,0.11748768472906401,0.10591133004926108,0.06157635467980296,0.10591133004926108,0.06157635467980296,0.08972406763124731,0.1002375294279947,0.1846378282027455,0.0027488230100686166,0.00994575687575415,0.0018671226949999282,-1.6384448691642897,0.95,451.00298317914667,0.0,1319.8514173047695,0.0
gk_future_7,price_onchain,har_ols,regime_sym_conformal,neutral,3498.0,0.9108061749571184,-0.0391938250428816,0.0391938250428816,0.032590051457975985,0.05660377358490566,0.032590051457975985,0.05660377358490566,0.09772486490188675,0.0984936183853402,0.1445236925559107,0.0013243965565349445,0.00875023410841057,0.0022886957573627228,-1.8123143712211975,0.95,92.69993457556211,0.0,757.5340975731658,0.0
gk_future_7,price_onchain,har_ols,sym_conformal,fear,2706.0,0.9201773835920177,-0.029822616407982228,0.029822616407982228,0.03547671840354767,0.04434589800443459,0.03547671840354767,0.04434589800443459,0.12055219437891515,0.1171795029644116,0.1870307504620138,0.0018422947962556263,0.01206539788853361,0.0028334739652946233,-1.5841384581698235,0.95,43.24291899874743,4.834843636558617e-11,630.9005734178204,0.0
gk_future_7,price_onchain,har_ols,sym_conformal,greed,2436.0,0.8596059113300493,-0.09039408866995069,0.09039408866995069,0.09113300492610837,0.04926108374384237,0.09113300492610837,0.04926108374384237,0.09257186343652742,0.0942182180539309,0.17412815900972345,0.0025414934341845006,0.00994575687575415,0.0018117105410584932,-1.6384448691642897,0.95,287.4328758089473,0.0,1054.466031833979,0.0
gk_future_7,price_onchain,har_ols,sym_conformal,neutral,3498.0,0.9108061749571184,-0.0391938250428816,0.0391938250428816,0.032590051457975985,0.05660377358490566,0.032590051457975985,0.05660377358490566,0.09838883057434387,0.0984936183853402,0.14518936282723022,0.0013275825633735907,0.00875023410841057,0.0023021515073070654,-1.8123143712211975,0.95,92.69993457556211,0.0,757.5340975731658,0.0
gk_future_7,price_onchain,lstm,cqr,fear,2706.0,0.9386548410938654,-0.011345158906134523,0.011345158906134523,0.045454545454545456,0.015890613451589063,0.045454545454545456,0.015890613451589063,0.17877518417095759,0.17501177546309116,0.20634089279824494,0.00186556798462279,0.014445587643180213,0.003292954335333238,6226.000731456497,0.95,6.859856056242734,0.008815365019196886,632.5234093653315,0.0
gk_future_7,price_onchain,lstm,cqr,greed,2436.0,0.9478653530377669,-0.002134646962233089,0.002134646962233089,0.009852216748768473,0.04228243021346469,0.009852216748768473,0.04228243021346469,0.14661589463926056,0.14111314900219435,0.1865722920777783,0.0014785447013690516,0.013250026070650279,0.0031857626005753104,237123.08314602613,0.95,0.23060286523843843,0.6310771728969813,418.66032813421054,0.0
gk_future_7,price_onchain,lstm,cqr,neutral,3498.0,0.967409948542024,0.017409948542024045,0.017409948542024045,0.008004574042309892,0.024585477415666093,0.008004574042309892,0.024585477415666093,0.14827200445245547,0.14855302210348115,0.17068082870067713,0.0012433013549868015,0.011410858079898278,0.0030237193625300305,133181.8202146879,0.95,25.32168046601828,4.852241007879954e-07,301.5910423251074,0.0
gk_future_7,price_onchain,lstm,raw_quantile,fear,2706.0,0.8743532889874354,-0.0756467110125646,0.0756467110125646,0.08056171470805618,0.0450849963045085,0.08056171470805618,0.0450849963045085,0.15743013637246048,0.15808625333011145,0.24151860740298592,0.002399800595361893,0.014445587643180213,0.00363816458971266,6226.000731456497,0.95,233.93734893820215,0.0,948.5800963885081,0.0
gk_future_7,price_onchain,lstm,raw_quantile,greed,2436.0,0.8731527093596059,-0.07684729064039408,0.07684729064039408,0.026272577996715927,0.10057471264367816,0.026272577996715927,0.10057471264367816,0.12883458907252604,0.1242576632648706,0.2562164054942962,0.0017187413144129254,0.013250026070650279,0.004686668822944383,237123.08314602613,0.95,216.50248670689598,0.0,900.2660287901215,0.0
gk_future_7,price_onchain,lstm,raw_quantile,neutral,3498.0,0.9085191538021726,-0.041480846197827326,0.041480846197827326,0.03630646083476272,0.055174385363064606,0.03630646083476272,0.055174385363064606,0.13103515743980848,0.13298381678760052,0.200066346977331,0.0014309041641991475,0.011410858079898278,0.0035707545102340327,133181.8202146879,0.95,102.85816722870095,0.0,629.4226031252949,0.0
gk_future_7,price_onchain,lstm,regime_cqr,fear,2706.0,0.9375461936437546,-0.012453806356245378,0.012453806356245378,0.04656319290465632,0.015890613451589063,0.04656319290465632,0.015890613451589063,0.17850367405493034,0.1749117765575647,0.20628213754845737,0.0018646804919969,0.014445587643180213,0.003292372946714439,6226.000731456497,0.95,8.216338383706443,0.004151488426207717,616.5500219934497,0.0
gk_future_7,price_onchain,lstm,regime_cqr,greed,2436.0,0.9421182266009852,-0.007881773399014746,0.007881773399014746,0.009852216748768473,0.0480295566502463,0.009852216748768473,0.0480295566502463,0.14562818642093875,0.14090953208506102,0.19042411087964428,0.0014713887252522256,0.013250026070650279,0.003289214046738786,237123.08314602613,0.95,3.038766059423324,0.08129769282776822,459.80221451908415,0.0
gk_future_7,price_onchain,lstm,regime_cqr,neutral,3498.0,0.9668381932532876,0.016838193253287614,0.016838193253287614,0.008862206975414523,0.024299599771297885,0.008862206975414523,0.024299599771297885,0.14796125646794145,0.14816523343324656,0.1710109280301238,0.0012471931296088765,0.011410858079898278,0.0030280800711441225,133181.8202146879,0.95,23.573041868544124,1.2026062258252423e-06,304.13652495686586,0.0
gk_future_7,price_onchain,lstm,regime_sym_conformal,fear,2706.0,0.8747228381374723,-0.07527716186252764,0.07527716186252764,0.08462675535846267,0.04065040650406504,0.08462675535846267,0.04065040650406504,0.13908810957896592,0.13728506314379124,0.22845103192721244,0.0025131263249921747,0.016483519328495615,0.0031981494731880404,2767.1762207827387,0.95,231.9318584926864,0.0,884.3799454284031,0.0
gk_future_7,price_onchain,lstm,regime_sym_conformal,greed,2436.0,0.8464696223316913,-0.10353037766830864,0.10353037766830864,0.07266009852216748,0.08087027914614121,0.07266009852216748,0.08087027914614121,0.10717233260150756,0.1029113262420591,0.20731851109940408,0.0027212372201810926,0.014691936412570633,0.0024617255573039145,183338.26037253867,0.95,363.3040801951447,0.0,894.6177946180885,0.0
gk_future_7,price_onchain,lstm,regime_sym_conformal,neutral,3498.0,0.923956546598056,-0.026043453401943917,0.026043453401943917,0.03945111492281304,0.03659233847913093,0.03945111492281304,0.03659233847913093,0.1183147791068437,0.1109194035318149,0.16614698183217963,0.0016100801638330381,0.013632872501190337,0.0025435943819713566,165514.7494450478,0.95,43.37855485552973,4.51104709142669e-11,685.9684085073714,0.0
gk_future_7,price_onchain,lstm,sym_conformal,fear,2706.0,0.8695491500369549,-0.08045084996304508,0.08045084996304508,0.08758314855875832,0.04286770140428677,0.08758314855875832,0.04286770140428677,0.1381521224507515,0.1349165216088295,0.2329676156413404,0.002586558591979176,0.016483519328495615,0.003237631799054238,2767.1762207827387,0.95,260.61489321207637,0.0,930.7816022388413,0.0
gk_future_7,price_onchain,lstm,sym_conformal,greed,2436.0,0.8620689655172413,-0.08793103448275863,0.08793103448275863,0.0665024630541872,0.07142857142857142,0.0665024630541872,0.07142857142857142,0.11038420687174215,0.1078383885324001,0.20132250157511308,0.002674835357606849,0.014691936412570633,0.002358227181770881,183338.26037253867,0.95,273.9669156809018,0.0,829.0614829141109,0.0
gk_future_7,price_onchain,lstm,sym_conformal,neutral,3498.0,0.9282447112635792,-0.02175528873642074,0.02175528873642074,0.036020583190394515,0.0357347055460263,0.036020583190394515,0.0357347055460263,0.11957856919456711,0.1117811910808086,0.1631142393274867,0.0015633406288183599,0.013632872501190337,0.002514515354368711,165514.7494450478,0.95,30.897926129376174,2.7196224383629897e-08,647.2132804743437,0.0
gk_future_7,price_onchain,rf,cqr,fear,2706.0,0.8636363636363636,-0.08636363636363631,0.08636363636363631,0.0942350332594235,0.04212860310421286,0.0942350332594235,0.04212860310421286,0.14460986425902136,0.13681239643175755,0.21409929005479927,0.0016838186472004945,0.011696088355251865,0.0036686636041693907,-1.619839620665705,0.95,294.9571759360583,0.0,873.9388345135374,0.0
gk_future_7,price_onchain,rf,cqr,greed,2436.0,0.9334975369458128,-0.016502463054187122,0.016502463054187122,0.01683087027914614,0.04967159277504105,0.01683087027914614,0.04967159277504105,0.1024648940213576,0.09997299475147009,0.13201411400624863,0.0011020122072974497,0.008663891561310384,0.0021983406428586695,-1.656173445552952,0.95,12.71237122670891,0.0003632445441572596,494.2696741398548,0.0
gk_future_7,price_onchain,rf,cqr,neutral,3498.0,0.9148084619782733,-0.0351915380217267,0.0351915380217267,0.04488279016580903,0.04030874785591767,0.04488279016580903,0.04030874785591767,0.10062323568587853,0.09436652002818645,0.13714340460484734,0.001171585277659021,0.008488025184656906,0.0022569998374620684,-1.8355706768166176,0.95,76.01340289023983,0.0,861.0582790365095,0.0
gk_future_7,price_onchain,rf,raw_quantile,fear,2706.0,0.581670362158167,-0.3683296378418329,0.3683296378418329,0.3303769401330377,0.08795269770879527,0.3303769401330377,0.08795269770879527,0.07847357140904322,0.0496262813407789,0.37174092462374186,0.004713114361978912,0.011696088355251865,0.004580408753614542,-1.619839620665705,0.95,3265.017729467929,0.0,1302.5502417564926,0.0
gk_future_7,price_onchain,rf,raw_quantile,greed,2436.0,0.645320197044335,-0.304679802955665,0.304679802955665,0.24835796387520526,0.10632183908045977,0.24835796387520526,0.10632183908045977,0.055916162390546316,0.04715032651848035,0.2168741345527201,0.0018850430309820473,0.008663891561310384,0.003536810332835864,-1.656173445552952,0.95,2169.6513941683297,0.0,969.8141844663678,0.0
gk_future_7,price_onchain,rf,raw_quantile,neutral,3498.0,0.543453401943968,-0.406546598056032,0.406546598056032,0.3716409376786735,0.08490566037735849,0.3716409376786735,0.08490566037735849,0.04307917522057558,0.03583129840786855,0.2341668934127216,0.0032561473184060754,0.008488025184656906,0.0025980250169118715,-1.8355706768166176,0.95,4940.58133810515,0.0,1299.3013371734687,0.0
gk_future_7,price_onchain,rf,regime_cqr,fear,2706.0,0.8558758314855875,-0.09412416851441241,0.09412416851441241,0.10273466371027347,0.04138950480413895,0.10273466371027347,0.04138950480413895,0.14476606818691967,0.1345367843144205,0.21309131894382882,0.0017419745677038536,0.011696088355251865,0.003585308405891771,-1.619839620665705,0.95,342.4612374664448,0.0,938.6820891425289,0.0
gk_future_7,price_onchain,rf,regime_cqr,greed,2436.0,0.9133825944170771,-0.03661740558292281,0.03661740558292281,0.020114942528735632,0.0665024630541872,0.020114942528735632,0.0665024630541872,0.09602914216521526,0.0909041587230046,0.1382700600685468,0.0010413370474860793,0.008663891561310384,0.002415414454227495,-1.656173445552952,0.95,56.96285010407405,4.440892098500626e-14,572.5258492532635,0.0
gk_future_7,price_onchain,rf,regime_cqr,neutral,3498.0,0.9136649514008005,-0.03633504859919945,0.03633504859919945,0.04602630074328187,0.04030874785591767,0.04602630074328187,0.04030874785591767,0.0977401090415099,0.09128548315420035,0.13427418739556812,0.0011352425458188286,0.008488025184656906,0.0022216121390702813,-1.8355706768166176,0.95,80.63686863510566,0.0,833.8250477299641,0.0
gk_future_7,price_onchain,rf,regime_sym_conformal,fear,2706.0,0.8473762010347377,-0.1026237989652623,0.1026237989652623,0.0835181079083518,0.06910569105691057,0.0835181079083518,0.06910569105691057,0.11547543318843599,0.0955857546169657,0.27922379689359605,0.003539406231144086,0.012602896136677734,0.00344118869119572,-1.615301831466145,0.95,397.51840213833657,0.0,1174.3195431484905,0.0
gk_future_7,price_onchain,rf,regime_sym_conformal,greed,2436.0,0.8349753694581281,-0.11502463054187184,0.11502463054187184,0.07758620689655173,0.0874384236453202,0.07758620689655173,0.0874384236453202,0.07946615957713062,0.0789223268022071,0.15642762245607467,0.0017879555271183621,0.009474977547147016,0.002122735034283409,-1.6514005165050285,0.95,435.0185787403302,0.0,864.6056133085049,0.0
gk_future_7,price_onchain,rf,regime_sym_conformal,neutral,3498.0,0.8970840480274442,-0.05291595197255572,0.05291595197255572,0.04831332189822756,0.05460263007432819,0.04831332189822756,0.05460263007432819,0.09687475730068576,0.0933659793188759,0.13807271280007952,0.0011153285934885281,0.008952796110672519,0.002336489226513364,-1.833107397356276,0.95,160.06775009846433,0.0,780.3233520960209,0.0
gk_future_7,price_onchain,rf,sym_conformal,fear,2706.0,0.852549889135255,-0.09745011086474498,0.09745011086474498,0.07834441980783444,0.06910569105691057,0.07834441980783444,0.06910569105691057,0.11551247942340467,0.0955857546169657,0.2803302318153049,0.0035149495748151944,0.012602896136677734,0.003493306220567333,-1.615301831466145,0.95,363.6361696413237,0.0,1168.440449428965,0.0
gk_future_7,price_onchain,rf,sym_conformal,greed,2436.0,0.8698686371100164,-0.08013136288998357,0.08013136288998357,0.05993431855500821,0.07019704433497537,0.05993431855500821,0.07019704433497537,0.08400191801104545,0.085626791425937,0.15325805128688488,0.001807956142306487,0.009474977547147016,0.0020234951398655386,-1.6514005165050285,0.95,232.98296796819113,0.0,890.9365238759756,0.0
gk_future_7,price_onchain,rf,sym_conformal,neutral,3498.0,0.9070897655803316,-0.04291023441966835,0.04291023441966835,0.040880503144654086,0.05202973127501429,0.040880503144654086,0.05202973127501429,0.09868628718546234,0.0878748442213296,0.13688674185887817,0.0011187440289977546,0.008952796110672519,0.0023034245174741045,-1.833107397356276,0.95,109.4312854672603,0.0,736.5678761523668,0.0
gk_future_7,price_onchain,ridge,cqr,fear,2706.0,0.9512195121951219,0.0012195121951219523,0.0012195121951219523,0.04878048780487805,0.0,0.04878048780487805,0.0,0.17439680370476854,0.1771724377041591,0.18616895606016481,0.0014549666973864412,0.010171827623896384,0.003199257204117584,-1.629061540328547,0.95,0.08538466489540042,0.7701287077857653,735.0704969802846,0.0
gk_future_7,price_onchain,ridge,cqr,greed,2436.0,1.0,0.050000000000000044,0.050000000000000044,0.0,0.0,0.0,0.0,0.16038470487410325,0.1538544532311624,0.16038470487410325,0.0011060343045964914,0.007967147895892755,0.0029035833172559927,-1.6553444147599268,0.95,249.90088153614593,0.0,-0.0,1.0
gk_future_7,price_onchain,ridge,cqr,neutral,3498.0,0.9914236706689536,0.041423670668953694,0.041423670668953694,0.008576329331046312,0.0,0.008576329331046312,0.0,0.16728380281513774,0.1693344810057445,0.16820660875280372,0.0008493669756192897,0.007034575108056848,0.0033557982432007075,-1.8433669334426612,0.95,190.24729843490172,0.0,79.57837866365145,0.0
gk_future_7,price_onchain,ridge,raw_quantile,fear,2706.0,0.9512195121951219,0.0012195121951219523,0.0012195121951219523,0.04878048780487805,0.0,0.04878048780487805,0.0,0.17427040248519812,0.1771724377041591,0.18646249151702432,0.0014638850990525594,0.010171827623896384,0.003197677188872953,-1.629061540328547,0.95,0.08538466489540042,0.7701287077857653,735.0704969802846,0.0
gk_future_7,price_onchain,ridge,raw_quantile,greed,2436.0,1.0,0.050000000000000044,0.050000000000000044,0.0,0.0,0.0,0.0,0.1601154275134752,0.1538544532311624,0.1601154275134752,0.0011026683375886409,0.007967147895892755,0.0029002173502481418,-1.6553444147599268,0.95,249.90088153614593,0.0,-0.0,1.0
gk_future_7,price_onchain,ridge,raw_quantile,neutral,3498.0,0.9914236706689536,0.041423670668953694,0.041423670668953694,0.008576329331046312,0.0,0.008576329331046312,0.0,0.16520170992725602,0.1693344810057445,0.16612451586492205,0.000823340814520768,0.007034575108056848,0.003329772082102185,-1.8433669334426612,0.95,190.24729843490172,0.0,79.57837866365145,0.0
gk_future_7,price_onchain,ridge,regime_cqr,fear,2706.0,0.9512195121951219,0.0012195121951219523,0.0012195121951219523,0.04878048780487805,0.0,0.04878048780487805,0.0,0.1743976512239423,0.1771724377041591,0.18616980357933857,0.001454977291376113,0.010171827623896384,0.0031992677981072565,-1.629061540328547,0.95,0.08538466489540042,0.7701287077857653,735.0704969802846,0.0
gk_future_7,price_onchain,ridge,regime_cqr,greed,2436.0,1.0,0.050000000000000044,0.050000000000000044,0.0,0.0,0.0,0.0,0.16038470487410325,0.1538544532311624,0.16038470487410325,0.0011060343045964914,0.007967147895892755,0.0029035833172559927,-1.6553444147599268,0.95,249.90088153614593,0.0,-0.0,1.0
gk_future_7,price_onchain,ridge,regime_cqr,neutral,3498.0,0.9914236706689536,0.041423670668953694,0.041423670668953694,0.008576329331046312,0.0,0.008576329331046312,0.0,0.16565859308455474,0.1693344810057445,0.16658139902222072,0.0008290518539870018,0.007034575108056848,0.003335483121568419,-1.8433669334426612,0.95,190.24729843490172,0.0,79.57837866365145,0.0
gk_future_7,price_onchain,ridge,regime_sym_conformal,fear,2706.0,0.893569844789357,-0.056430155210642985,0.056430155210642985,0.050997782705099776,0.05543237250554324,0.050997782705099776,0.05543237250554324,0.1161840414621001,0.1166549135815144,0.1906137280758116,0.0018143287546537818,0.010834788746321064,0.0029510144472414124,-1.6340577713290991,0.95,139.00391569390172,0.0,707.7299505528615,0.0
gk_future_7,price_onchain,ridge,regime_sym_conformal,greed,2436.0,0.8448275862068966,-0.10517241379310338,0.10517241379310338,0.09852216748768473,0.05665024630541872,0.09852216748768473,0.05665024630541872,0.08894847580512413,0.0939314767137501,0.1690210970372052,0.0023258891295809387,0.009694341908653537,0.0018996382963490967,-1.646764469052888,0.95,373.25257861334103,0.0,1057.0500383616682,0.0
gk_future_7,price_onchain,ridge,regime_sym_conformal,neutral,3498.0,0.9142367066895368,-0.03576329331046313,0.03576329331046313,0.024013722126929673,0.06174957118353345,0.024013722126929673,0.06174957118353345,0.09930770574435846,0.10209860971235875,0.1540567893722638,0.001366571371091994,0.008231449087203893,0.002484848363214505,-1.8169377974105667,0.95,78.3105515487523,0.0,808.7326565296305,0.0
gk_future_7,price_onchain,ridge,sym_conformal,fear,2706.0,0.8980044345898004,-0.05199556541019956,0.05199556541019956,0.04434589800443459,0.057649667405764965,0.04434589800443459,0.057649667405764965,0.1153712966882686,0.1087905951420795,0.19043274535999835,0.0017384336056759267,0.010834788746321064,0.0030223850283239376,-1.6340577713290991,0.95,119.9695813365638,0.0,713.2557394901089,0.0
gk_future_7,price_onchain,ridge,sym_conformal,greed,2436.0,0.8768472906403941,-0.07315270935960583,0.07315270935960583,0.07142857142857142,0.05172413793103448,0.07142857142857142,0.05172413793103448,0.0927797407528221,0.0951681744539167,0.15741118130342627,0.002203801458796309,0.009694341908653537,0.0017314780737892538,-1.646764469052888,0.95,198.52960963313035,0.0,807.1678793209883,0.0
gk_future_7,price_onchain,ridge,sym_conformal,neutral,3498.0,0.9210977701543739,-0.02890222984562607,0.02890222984562607,0.022298456260720412,0.05660377358490566,0.022298456260720412,0.05660377358490566,0.09973108068029983,0.10259836504987535,0.14813542937443747,0.0013118291720533425,0.008231449087203893,0.0023915565623074974,-1.8169377974105667,0.95,52.72242020423823,3.8413716652030416e-13,711.0245026961127,0.0
gk_future_7,price_only,gbr,cqr,fear,2706.0,0.9449371766444937,-0.00506282335550623,0.00506282335550623,0.0524759793052476,0.0025868440502586844,0.0524759793052476,0.0025868440502586844,0.15389205566321335,0.1526800507785472,0.16559526828563798,0.0013152310395614806,0.010815552007439536,0.0028246506675793743,-1.6179721073687725,0.95,1.4157689771686819,0.23410106596069158,737.589855475064,0.0
gk_future_7,price_only,gbr,cqr,greed,2436.0,0.9991789819376026,0.04917898193760262,0.04917898193760262,0.0008210180623973727,0.0,0.0008210180623973727,0.0,0.13987620695944986,0.1391170551464335,0.13990752045191754,0.0009979397743291136,0.008263507926289326,0.002499748236968727,-1.6511271389801956,0.95,229.2604668654226,0.0,0.003288082030813655,0.9542729235016724
gk_future_7,price_only,gbr,cqr,neutral,3498.0,0.9842767295597484,0.034276729559748476,0.034276729559748476,0.015151515151515152,0.0005717552887364208,0.015151515151515152,0.0005717552887364208,0.14375188166868919,0.14372202086815694,0.14569322483438749,0.0007723330358741866,0.007860049848517013,0.0028699975849854047,-1.8373831290588782,0.95,116.81804174074125,0.0,111.0927760742776,0.0
gk_future_7,price_only,gbr,raw_quantile,fear,2706.0,0.9441980783444198,-0.005801921655580133,0.005801921655580133,0.05321507760532151,0.0025868440502586844,0.05321507760532151,0.0025868440502586844,0.15343339248603183,0.15237956416616455,0.16597834612232673,0.0013305412751934691,0.010815552007439536,0.0028189173778646053,-1.6179721073687725,0.95,1.851241280249269,0.17363909511294306,748.2406062581873,0.0
gk_future_7,price_only,gbr,raw_quantile,greed,2436.0,0.9991789819376026,0.04917898193760262,0.04917898193760262,0.0008210180623973727,0.0,0.0008210180623973727,0.0,0.13965330763130104,0.1391170551464335,0.1396846211237687,0.0009951535327272533,0.008263507926289326,0.0024969619953668664,-1.6511271389801956,0.95,229.2604668654226,0.0,0.003288082030813655,0.9542729235016724
gk_future_7,price_only,gbr,raw_quantile,neutral,3498.0,0.983704974271012,0.033704974271012045,0.033704974271012045,0.015723270440251572,0.0005717552887364208,0.015723270440251572,0.0005717552887364208,0.14189154450223457,0.14254838709765824,0.14395593862126402,0.000752155095126783,0.007860049848517013,0.0028467433704047226,-1.8373831290588782,0.95,112.1217599641592,0.0,123.86696882806217,0.0
gk_future_7,price_only,gbr,regime_cqr,fear,2706.0,0.9449371766444937,-0.00506282335550623,0.00506282335550623,0.0524759793052476,0.0025868440502586844,0.0524759793052476,0.0025868440502586844,0.15377380981202085,0.15252210026928503,0.16547702243444543,0.001313752966421574,0.010815552007439536,0.002823172594439467,-1.6179721073687725,0.95,1.4157689771686819,0.23410106596069158,737.589855475064,0.0
gk_future_7,price_only,gbr,regime_cqr,greed,2436.0,0.9991789819376026,0.04917898193760262,0.04917898193760262,0.0008210180623973727,0.0,0.0008210180623973727,0.0,0.13987620695944986,0.1391170551464335,0.13990752045191754,0.0009979397743291136,0.008263507926289326,0.002499748236968727,-1.6511271389801956,0.95,229.2604668654226,0.0,0.003288082030813655,0.9542729235016724
gk_future_7,price_only,gbr,regime_cqr,neutral,3498.0,0.9842767295597484,0.034276729559748476,0.034276729559748476,0.015151515151515152,0.0005717552887364208,0.015151515151515152,0.0005717552887364208,0.14240658417987323,0.1431111495834137,0.1443479273455715,0.0007555168172639868,0.007860049848517013,0.0028531813663752056,-1.8373831290588782,0.95,116.81804174074125,0.0,111.0927760742776,0.0
gk_future_7,price_only,gbr,regime_sym_conformal,fear,2706.0,0.8037694013303769,-0.14623059866962307,0.14623059866962307,0.12305986696230599,0.07317073170731707,0.12305986696230599,0.07317073170731707,0.11021096954778128,0.0947795652230756,0.27118836513394706,0.0033122004854194784,0.012180902810001889,0.003467508642929104,-1.6136172741747294,0.95,724.9374371325048,0.0,1523.8356980232275,0.0
gk_future_7,price_only,gbr,regime_sym_conformal,greed,2436.0,0.8719211822660099,-0.07807881773399006,0.07807881773399006,0.055008210180623976,0.07307060755336617,0.055008210180623976,0.07307060755336617,0.07545441110208255,0.0747138334325683,0.12644913701456356,0.0011948455585290986,0.00944338883540707,0.001966382866834896,-1.6534505361755292,0.95,222.62762706344756,0.0,754.879481322452,0.0
gk_future_7,price_only,gbr,regime_sym_conformal,neutral,3498.0,0.8802172670097198,-0.06978273299028015,0.06978273299028015,0.08319039451114923,0.03659233847913093,0.08319039451114923,0.03659233847913093,0.09212143751508454,0.0818866586533675,0.13424246955079563,0.0011817481724102892,0.010276704977033077,0.002174313566359507,-1.8216149072404026,0.95,262.3105714630874,0.0,1072.7900093508151,0.0
gk_future_7,price_only,gbr,sym_conformal,fear,2706.0,0.8089430894308943,-0.14105691056910563,0.14105691056910563,0.11788617886178862,0.07317073170731707,0.11788617886178862,0.07317073170731707,0.11093537657466811,0.0920326072085764,0.26713426807246293,0.00314917307566479,0.012180902810001889,0.003529183626146687,-1.6136172741747294,0.95,682.4360840296031,0.0,1497.4541591111351,0.0
gk_future_7,price_only,gbr,sym_conformal,greed,2436.0,0.8862889983579638,-0.06371100164203614,0.06371100164203614,0.04720853858784893,0.0665024630541872,0.04720853858784893,0.0665024630541872,0.0770141949701102,0.075676642221364,0.12408726878194541,0.0011985516365648622,0.00944338883540707,0.001903630082983678,-1.6534505361755292,0.95,155.43615444635248,0.0,727.4872139685554,0.0
gk_future_7,price_only,gbr,sym_conformal,neutral,3498.0,0.8970840480274442,-0.05291595197255572,0.05291595197255572,0.07261292166952545,0.030303030303030304,0.07261292166952545,0.030303030303030304,0.09582038908952525,0.0881626323625887,0.13446494437508352,0.0012060648150751124,0.010276704977033077,0.002155558794301881,-1.8216149072404026,0.95,160.06775009846433,0.0,1033.6373918948395,0.0
gk_future_7,price_only,gru,cqr,fear,2706.0,0.983739837398374,0.03373983739837405,0.03373983739837405,0.009608277900960829,0.0066518847006651885,0.009608277900960829,0.0066518847006651885,0.16968331688246466,0.1644261758774519,0.17646863204887497,0.0013549350356582479,0.010881603392893045,0.0030567807655635312,-1.6125373527152385,0.95,86.95402476287165,0.0,133.91030687965258,0.0
gk_future_7,price_only,gru,cqr,greed,2436.0,0.9835796387520526,0.03357963875205261,0.03357963875205261,0.011494252873563218,0.0049261083743842365,0.011494252873563218,0.0049261083743842365,0.15962191452619565,0.15655266493558878,0.16508906064860265,0.0012387887056851982,0.009194229653317551,0.002888437810529773,-1.6467214397134071,0.95,77.37783391560026,0.0,121.3445520458032,0.0
gk_future_7,price_only,gru,cqr,neutral,3498.0,0.9845626072041166,0.034562607204116635,0.034562607204116635,0.008004574042309892,0.007432818753573471,0.008004574042309892,0.007432818753573471,0.13626619596006273,0.1292024608701467,0.14124781392955682,0.0010631545892860546,0.00773870578762623,0.0024680407589527695,-1.830855567363326,0.95,119.22127777871981,0.0,148.22197149080614,0.0
gk_future_7,price_only,gru,raw_quantile,fear,2706.0,0.9822616407982262,0.03226164079822624,0.03226164079822624,0.011086474501108648,0.0066518847006651885,0.011086474501108648,0.0066518847006651885,0.16445298305624895,0.16163456067442888,0.17208324134534175,0.0013050657581384427,0.010881603392893045,0.002997015275495006,-1.6125373527152385,0.95,78.04749539811195,0.0,132.65549504946995,0.0
gk_future_7,price_only,gru,raw_quantile,greed,2436.0,0.9766009852216748,0.026600985221674867,0.026600985221674867,0.015599343185550082,0.007799671592775041,0.015599343185550082,0.007799671592775041,0.15598177536313682,0.15284879878163335,0.1654320564887514,0.00127415032127977,0.009194229653317551,0.0028616510909389176,-1.6467214397134071,0.95,44.83424877700645,2.1443846698332436e-11,214.81111625407908,0.0
gk_future_7,price_only,gru,raw_quantile,neutral,3498.0,0.9799885648942253,0.0299885648942253,0.0299885648942253,0.012292738707833047,0.007718696397941681,0.012292738707833047,0.007718696397941681,0.13152893927732678,0.12326317280530924,0.13732887310860245,0.0010216291375722045,0.00773870578762623,0.00241159269014276,-1.830855567363326,0.95,84.87638582234638,0.0,198.58412535267752,0.0
gk_future_7,price_only,gru,regime_cqr,fear,2706.0,0.9830007390983001,0.03300073909830015,0.03300073909830015,0.010347376201034738,0.0066518847006651885,0.010347376201034738,0.0066518847006651885,0.1695202205440534,0.1644261758774519,0.17587394922539965,0.0013532259763774468,0.010881603392893045,0.0030436227542574488,-1.6125373527152385,0.95,82.4122723819662,0.0,128.60857161505294,0.0
gk_future_7,price_only,gru,regime_cqr,greed,2436.0,0.9827586206896551,0.03275862068965518,0.03275862068965518,0.011494252873563218,0.005747126436781609,0.011494252873563218,0.005747126436781609,0.15731127447615015,0.15405729971826077,0.1628620767070825,0.001210779840009419,0.009194229653317551,0.002860772077667547,-1.6467214397134071,0.95,72.8849275157985,0.0,116.06040859557004,0.0
gk_future_7,price_only,gru,regime_cqr,neutral,3498.0,0.9845626072041166,0.034562607204116635,0.034562607204116635,0.008004574042309892,0.007432818753573471,0.008004574042309892,0.007432818753573471,0.13643863352096944,0.129088694229722,0.1413937829450875,0.001062151905756352,0.00773870578762623,0.0024726926678707403,-1.830855567363326,0.95,119.22127777871981,0.0,148.22197149080614,0.0
gk_future_7,price_only,gru,regime_sym_conformal,fear,2706.0,0.8895048041389505,-0.060495195861049456,0.060495195861049456,0.05728011825572801,0.05321507760532151,0.05728011825572801,0.05321507760532151,0.11506538695255265,0.1107856487223281,0.19096655741062846,0.0019140242143154882,0.011769653487868504,0.0028601397209501275,-1.6166606275498485,0.95,157.4363982915645,0.0,622.7018204435751,0.0
gk_future_7,price_only,gru,regime_sym_conformal,greed,2436.0,0.8485221674876847,-0.10147783251231524,0.10147783251231524,0.08908045977011494,0.06239737274220033,0.08908045977011494,0.06239737274220033,0.08822040244834398,0.0923157814964477,0.185056208332022,0.0026188324374142153,0.010793853831181916,0.002007572770886239,-1.6405103749386027,0.95,351.0107082485929,0.0,826.3602913814386,0.0
gk_future_7,price_only,gru,regime_sym_conformal,neutral,3498.0,0.922527158376215,-0.027472841623784938,0.027472841623784938,0.0274442538593482,0.05002858776443682,0.0274442538593482,0.05002858776443682,0.09794221189184651,0.0951920793855938,0.14476735860056375,0.0012719757527685927,0.008816372576417063,0.002347208212245406,-1.806860330866146,0.95,47.950484236155944,4.371170092554166e-12,708.8892889361891,0.0
gk_future_7,price_only,gru,sym_conformal,fear,2706.0,0.8880266075388027,-0.06197339246119726,0.06197339246119726,0.0565410199556541,0.05543237250554324,0.0565410199556541,0.05543237250554324,0.11452167333741803,0.1072064042091369,0.1929340847422127,0.0019020574544469423,0.011769653487868504,0.00292129466410828,-1.6166606275498485,0.95,164.36629283770458,0.0,636.2119023744269,0.0
gk_future_7,price_only,gru,sym_conformal,greed,2436.0,0.8739737274220033,-0.07602627257799666,0.07602627257799666,0.07266009852216748,0.053366174055829226,0.07266009852216748,0.053366174055829226,0.0920642095240221,0.0924933739006519,0.1807178693560873,0.0025454232537258713,0.010793853831181916,0.0019725234801762164,-1.6405103749386027,0.95,212.45608994058944,0.0,763.0287419267643,0.0
gk_future_7,price_only,gru,sym_conformal,neutral,3498.0,0.9371069182389937,-0.012893081761006231,0.012893081761006231,0.016295025728987993,0.0465980560320183,0.016295025728987993,0.0465980560320183,0.10060676637921946,0.0959316380321979,0.14153143686769665,0.0012321582448181908,0.008816372576417063,0.002306127676874129,-1.806860330866146,0.95,11.356662331607822,0.0007517780334991286,639.0394747677121,0.0
gk_future_7,price_only,har_ols,cqr,fear,2706.0,0.9246119733924612,-0.025388026607538805,0.025388026607538805,0.037694013303769404,0.037694013303769404,0.037694013303769404,0.037694013303769404,0.1506155799007038,0.1492184597161298,0.18519405283421272,0.0012128121816610247,0.010180252671949006,0.0034170391391942,-1.6246754455461003,0.95,31.987719261432176,1.5515031925872336e-08,391.65567149381377,0.0
gk_future_7,price_only,har_ols,cqr,greed,2436.0,0.9802955665024631,0.030295566502463123,0.030295566502463123,0.017241379310344827,0.0024630541871921183,0.017241379310344827,0.0024630541871921183,0.14436279111974193,0.1391465196319975,0.1504222806219135,0.0008476827196201862,0.008319053121548653,0.0029128742959275583,-1.6578827353482308,0.95,60.53564391622183,7.216449660063518e-15,136.90414614424685,0.0
gk_future_7,price_only,har_ols,cqr,neutral,3498.0,0.9725557461406518,0.02255574614065181,0.02255574614065181,0.02058319039451115,0.00686106346483705,0.02058319039451115,0.00686106346483705,0.11402593990946135,0.1075452876393276,0.12118516419074593,0.0007337378722193243,0.007351888462012575,0.002295891232549229,-1.8384536634616333,0.95,44.48435306087856,2.5639823597600753e-11,149.1871785897057,0.0
gk_future_7,price_only,har_ols,raw_quantile,fear,2706.0,0.893569844789357,-0.056430155210642985,0.056430155210642985,0.05543237250554324,0.050997782705099776,0.05543237250554324,0.050997782705099776,0.1313532435812011,0.1316800915238153,0.17363359545853,0.0010254865011084214,0.010180252671949006,0.0033153533853547378,-1.6246754455461003,0.95,139.00391569390172,0.0,449.9037217908185,0.0
gk_future_7,price_only,har_ols,raw_quantile,greed,2436.0,0.9778325123152709,0.027832512315270952,0.027832512315270952,0.019704433497536946,0.0024630541871921183,0.019704433497536946,0.0024630541871921183,0.14152354545344864,0.13751062205828324,0.1476346870315915,0.0008134834506908006,0.008319053121548653,0.002877383725098893,-1.6578827353482308,0.95,49.7204419725673,1.7729151480239125e-12,121.87808685908357,0.0
gk_future_7,price_only,har_ols,raw_quantile,neutral,3498.0,0.9639794168096055,0.013979416809605572,0.013979416809605572,0.0274442538593482,0.008576329331046312,0.0274442538593482,0.008576329331046312,0.11053200978506145,0.1060309025650523,0.11881363401121782,0.0007118798384092358,0.007351888462012575,0.0022584610118711163,-1.8384536634616333,0.95,15.87708456655696,6.759219499574698e-05,175.71784840667624,0.0
gk_future_7,price_only,har_ols,regime_cqr,fear,2706.0,0.926829268292683,-0.023170731707316983,0.023170731707316983,0.037694013303769404,0.03547671840354767,0.037694013303769404,0.03547671840354767,0.1512884686229155,0.1478439311934769,0.18307118616611565,0.0012193472547571045,0.010180252671949006,0.003357432399395693,-1.6246754455461003,0.95,26.92776347174231,2.1120308757449635e-07,368.07421088487376,0.0
gk_future_7,price_only,har_ols,regime_cqr,greed,2436.0,0.9778325123152709,0.027832512315270952,0.027832512315270952,0.019704433497536946,0.0024630541871921183,0.019704433497536946,0.0024630541871921183,0.14354105621989208,0.1375212988242171,0.14965219779803493,0.0008387023352713444,0.008319053121548653,0.002902602609679435,-1.6578827353482308,0.95,49.7204419725673,1.7729151480239125e-12,121.87808685908357,0.0
gk_future_7,price_only,har_ols,regime_cqr,neutral,3498.0,0.9725557461406518,0.02255574614065181,0.02255574614065181,0.02058319039451115,0.00686106346483705,0.02058319039451115,0.00686106346483705,0.11448011921703324,0.1087379429777352,0.1214593581287796,0.0007349154793255161,0.007351888462012575,0.0023015684738938785,-1.8384536634616333,0.95,44.48435306087856,2.5639823597600753e-11,149.1871785897057,0.0
gk_future_7,price_only,har_ols,regime_sym_conformal,fear,2706.0,0.8802660753880266,-0.06973392461197336,0.06973392461197336,0.07982261640798226,0.03991130820399113,0.07982261640798226,0.03991130820399113,0.11552257700135417,0.1163151655963247,0.1864187934351735,0.002053542459093227,0.010888871150010658,0.0026069273767860162,-1.6300184362613075,0.95,202.6686297042063,0.0,938.3070626001595,0.0
gk_future_7,price_only,har_ols,regime_sym_conformal,greed,2436.0,0.8472906403940886,-0.10270935960591132,0.10270935960591132,0.11330049261083744,0.03940886699507389,0.11330049261083744,0.03940886699507389,0.08694904919949177,0.0807267156162358,0.17074946614686964,0.002473316891889039,0.011032278475009087,0.0017954197617826048,-1.6446525015778712,0.95,358.36768128727226,0.0,930.4141180371009,0.0
gk_future_7,price_only,har_ols,regime_sym_conformal,neutral,3498.0,0.9365351629502573,-0.013464837049742662,0.013464837049742662,0.02058319039451115,0.04288164665523156,0.02058319039451115,0.04288164665523156,0.09820681050743683,0.1021525011752136,0.1316576245115954,0.0011076676710780001,0.008952106373436719,0.002183772941711788,-1.8334211159942564,0.95,12.348320871811893,0.0004413832884415658,438.9168616847844,0.0
gk_future_7,price_only,har_ols,sym_conformal,fear,2706.0,0.9046563192904656,-0.04534368070953432,0.04534368070953432,0.05543237250554324,0.03991130820399113,0.05543237250554324,0.03991130820399113,0.117264873965969,0.1163151655963247,0.178643577065901,0.0018683321959339881,0.010888871150010658,0.0025977572307134423,-1.6300184362613075,0.95,93.61192666746524,0.0,748.0105163364261,0.0
gk_future_7,price_only,har_ols,sym_conformal,greed,2436.0,0.8793103448275862,-0.07068965517241377,0.07068965517241377,0.09113300492610837,0.029556650246305417,0.09113300492610837,0.029556650246305417,0.09155761425670754,0.086714512727318,0.1621389501640013,0.00229951586406056,0.011032278475009087,0.001753957890039377,-1.6446525015778712,0.95,186.88888085939357,0.0,638.9203428431629,0.0
gk_future_7,price_only,har_ols,sym_conformal,neutral,3498.0,0.9365351629502573,-0.013464837049742662,0.013464837049742662,0.02058319039451115,0.04288164665523156,0.02058319039451115,0.04288164665523156,0.09812824835089277,0.1001836359176539,0.13158101304495684,0.001108058508304695,0.008952106373436719,0.0021814668178191297,-1.8334211159942564,0.95,12.348320871811893,0.0004413832884415658,438.9168616847844,0.0
gk_future_7,price_only,lstm,cqr,fear,2706.0,0.9785661492978566,0.028566149297856613,0.028566149297856613,0.011086474501108648,0.010347376201034738,0.011086474501108648,0.010347376201034738,0.1665676504522733,0.15891649387776852,0.17499305584738262,0.001343693928470935,0.01056175017906812,0.003031132467713534,-1.6219146687717223,0.95,58.64345191472273,1.887379141862766e-14,134.48402382600432,0.0
gk_future_7,price_only,lstm,cqr,greed,2436.0,0.9745484400656814,0.024548440065681465,0.024548440065681465,0.006157635467980296,0.01929392446633826,0.006157635467980296,0.01929392446633826,0.15364008010398386,0.14032232761383054,0.16337283279408008,0.0011174701749252218,0.009700867613964943,0.002966850644926684,-1.642081306507044,0.95,37.4016186649751,9.614230522814182e-10,206.79549623460912,0.0
gk_future_7,price_only,lstm,cqr,neutral,3498.0,0.9908519153802172,0.04085191538021726,0.04085191538021726,0.005145797598627788,0.004002287021154946,0.005145797598627788,0.004002287021154946,0.14025055969206476,0.1299781240522861,0.14367075359288478,0.001032726706680475,0.007571376581972968,0.002559042133141547,-1.8317292667891896,0.95,183.15612950374327,0.0,115.7379117275432,0.0
gk_future_7,price_only,lstm,raw_quantile,fear,2706.0,0.9781966001478196,0.02819660014781966,0.02819660014781966,0.011086474501108648,0.010716925351071693,0.011086474501108648,0.010716925351071693,0.16148738428215162,0.1535118725150823,0.17002365463619568,0.001286562002681314,0.01056175017906812,0.002964029363223482,-1.6219146687717223,0.95,56.907616887483755,4.5630166312093934e-14,132.18219372845948,0.0
gk_future_7,price_only,lstm,raw_quantile,greed,2436.0,0.9745484400656814,0.024548440065681465,0.024548440065681465,0.006157635467980296,0.01929392446633826,0.006157635467980296,0.01929392446633826,0.15263953848831024,0.13903064839541912,0.1623722911784065,0.0011049634047293024,0.009700867613964943,0.0029543438747307634,-1.642081306507044,0.95,37.4016186649751,9.614230522814182e-10,206.79549623460912,0.0
gk_future_7,price_only,lstm,raw_quantile,neutral,3498.0,0.9905660377358491,0.0405660377358491,0.0405660377358491,0.005431675242995998,0.004002287021154946,0.005431675242995998,0.004002287021154946,0.13700808379049648,0.12659225799143314,0.1405558504087584,0.0009977087587068423,0.007571376581972968,0.0025161875015120203,-1.8317292667891896,0.95,179.706184343904,0.0,123.72942889021999,0.0
gk_future_7,price_only,lstm,regime_cqr,fear,2706.0,0.9785661492978566,0.028566149297856613,0.028566149297856613,0.011086474501108648,0.010347376201034738,0.011086474501108648,0.010347376201034738,0.1665599280031681,0.15891649387776852,0.17501136569034687,0.0013442742222313318,0.01056175017906812,0.0030310099200272435,-1.6219146687717223,0.95,58.64345191472273,1.887379141862766e-14,134.48402382600432,0.0
gk_future_7,price_only,lstm,regime_cqr,greed,2436.0,0.9753694581280788,0.025369458128078892,0.025369458128078892,0.006157635467980296,0.01847290640394089,0.006157635467980296,0.01847290640394089,0.15396122907705823,0.140349144116044,0.16257769664654473,0.001121484537088652,0.009700867613964943,0.0029429578790748697,-1.642081306507044,0.95,40.27155721705469,2.210032157279329e-10,194.3279051356373,0.0
gk_future_7,price_only,lstm,regime_cqr,neutral,3498.0,0.9908519153802172,0.04085191538021726,0.04085191538021726,0.005145797598627788,0.004002287021154946,0.005145797598627788,0.004002287021154946,0.14028898601362894,0.1301702782511711,0.14370917991444895,0.0010332070357000275,0.007571376581972968,0.0025595224621610996,-1.8317292667891896,0.95,183.15612950374327,0.0,115.7379117275432,0.0
gk_future_7,price_only,lstm,regime_sym_conformal,fear,2706.0,0.8725055432372506,-0.07749445676274935,0.07749445676274935,0.07464892830746489,0.052845528455284556,0.07464892830746489,0.052845528455284556,0.1165618497684084,0.11100766367926175,0.22187662740433586,0.0024585771364341535,0.012010756135695024,0.003088338548674148,-1.6068736228795537,0.95,244.06537986896865,0.0,837.7327487547277,0.0
gk_future_7,price_only,lstm,regime_sym_conformal,greed,2436.0,0.833743842364532,-0.11625615763546793,0.11625615763546793,0.10426929392446634,0.06198686371100164,0.10426929392446634,0.06198686371100164,0.09160887249207503,0.0909036384374836,0.19350139554731902,0.0026311123006996402,0.011202492003651596,0.0022064225879832393,-1.6331971809140386,0.95,442.9841272180565,0.0,952.6087872341066,0.0
gk_future_7,price_only,lstm,regime_sym_conformal,neutral,3498.0,0.9182389937106918,-0.031761006289308114,0.031761006289308114,0.03401943967981704,0.04774156660949114,0.03401943967981704,0.04774156660949114,0.09808488591325881,0.09043648174114535,0.14075631559506904,0.001355786927478428,0.008795965486434992,0.0021631209623982003,-1.82701847275492,0.95,62.85315520811969,2.220446049250313e-15,671.3573178042807,0.0
gk_future_7,price_only,lstm,sym_conformal,fear,2706.0,0.8747228381374723,-0.07527716186252764,0.07527716186252764,0.07169253510716925,0.05358462675535846,0.07169253510716925,0.05358462675535846,0.11638961773550206,0.110579177737236,0.22377549826144788,0.0024412098350289546,0.012010756135695024,0.003153177621507146,-1.6068736228795537,0.95,231.9318584926864,0.0,818.0816510395498,0.0
gk_future_7,price_only,lstm,sym_conformal,greed,2436.0,0.861247947454844,-0.08875205254515595,0.08875205254515595,0.08825944170771757,0.050492610837438424,0.08825944170771757,0.050492610837438424,0.09479131699235392,0.09591204859316345,0.17899328614038404,0.002497924353292934,0.011202492003651596,0.0019769078002165696,-1.6331971809140386,0.95,278.42813232084814,0.0,846.2542416579561,0.0
gk_future_7,price_only,lstm,sym_conformal,neutral,3498.0,0.9285305889079474,-0.02146941109205258,0.02146941109205258,0.02801600914808462,0.04345340194396798,0.02801600914808462,0.04345340194396798,0.10064723270611377,0.0924037545919418,0.13940124090731298,0.0013414672073685085,0.008795965486434992,0.0021435638153142183,-1.82701847275492,0.95,30.13341314719878,4.0332200024195686e-08,659.4673686921299,0.0
gk_future_7,price_only,rf,cqr,fear,2706.0,0.876940133037694,-0.07305986696230593,0.07305986696230593,0.07243163340724317,0.050628233555062824,0.07243163340724317,0.050628233555062824,0.13151536723362273,0.12733412997704716,0.21343202160116376,0.0016366299936311603,0.011717756471586085,0.0036991705463978383,-1.618669131270606,0.95,220.0411558706528,0.0,915.9152600674081,0.0
gk_future_7,price_only,rf,cqr,greed,2436.0,0.9351395730706076,-0.014860426929392379,0.014860426929392379,0.017651888341543513,0.04720853858784893,0.017651888341543513,0.04720853858784893,0.10577238397267048,0.10163818333863675,0.1328934946793879,0.0010868689240636797,0.009045702055628059,0.0022354684429209204,-1.6530185805541675,0.95,10.397074547010106,0.0012621511741738312,467.01434777323686,0.0
gk_future_7,price_only,rf,cqr,neutral,3498.0,0.9202401372212693,-0.02975986277873066,0.02975986277873066,0.037164093767867355,0.04259576901086335,0.037164093767867355,0.04259576901086335,0.10048346093247713,0.0932042027490789,0.1396216994382593,0.001136615246423622,0.008422241649253788,0.0023539272395327647,-1.8351490873758238,0.95,55.68019924070859,8.526512829121202e-14,682.7534110324646,0.0
gk_future_7,price_only,rf,raw_quantile,fear,2706.0,0.5838876570583887,-0.3661123429416112,0.3661123429416112,0.31522542498152256,0.1008869179600887,0.31522542498152256,0.1008869179600887,0.06309027620471083,0.040772906404277554,0.3663131104952597,0.004208464457183317,0.011717756471586085,0.004949363305198083,-1.618669131270606,0.95,3233.694772875496,0.0,1235.2588858518116,0.0
gk_future_7,price_only,rf,raw_quantile,greed,2436.0,0.6621510673234812,-0.2878489326765188,0.2878489326765188,0.24014778325123154,0.09770114942528736,0.24014778325123154,0.09770114942528736,0.060138887643293656,0.046592707324907195,0.21707929960590588,0.0018857489776845909,0.009045702055628059,0.0035412335124629657,-1.6530185805541675,0.95,1980.3242466517609,0.0,977.7885063001336,0.0
gk_future_7,price_only,rf,raw_quantile,neutral,3498.0,0.5528873642081189,-0.39711263579188105,0.39711263579188105,0.3553459119496855,0.09176672384219554,0.3553459119496855,0.09176672384219554,0.0442647510750275,0.0333204484220236,0.23352319631301136,0.003012109071889108,0.008422241649253788,0.002825970835936084,-1.8351490873758238,0.95,4759.005295976862,0.0,1178.8097699134987,0.0
gk_future_7,price_only,rf,regime_cqr,fear,2706.0,0.8662232076866223,-0.08377679231337765,0.08377679231337765,0.0835181079083518,0.05025868440502587,0.0835181079083518,0.05025868440502587,0.1318789466429079,0.12774047623742613,0.2110262715516958,0.0016840798663024302,0.011717756471586085,0.003591576922489869,-1.618669131270606,0.95,279.7311891201375,0.0,942.9405103844483,0.0
gk_future_7,price_only,rf,regime_cqr,greed,2436.0,0.9150246305418719,-0.03497536945812807,0.03497536945812807,0.02175697865353038,0.06321839080459771,0.02175697865353038,0.06321839080459771,0.09910155203038136,0.0941525783235243,0.139330618008711,0.001025711749218216,0.009045702055628059,0.002457553700999463,-1.6530185805541675,0.95,52.33607061839302,4.677369602745785e-13,531.3892826738738,0.0
gk_future_7,price_only,rf,regime_cqr,neutral,3498.0,0.9168096054888508,-0.033190394511149135,0.033190394511149135,0.038307604345340196,0.04488279016580903,0.038307604345340196,0.04488279016580903,0.09828277787538785,0.0894574555437419,0.13987323916159855,0.0011104608729300225,0.008422241649253788,0.0023863701061098454,-1.8351490873758238,0.95,68.20566730835822,1.1102230246251565e-16,715.020932209306,0.0
gk_future_7,price_only,rf,regime_sym_conformal,fear,2706.0,0.8507021433850702,-0.09929785661492974,0.09929785661492974,0.08130081300813008,0.0679970436067997,0.08130081300813008,0.0679970436067997,0.11499505012711464,0.092836110671167,0.3085154254274052,0.004147799801224885,0.012144072013676389,0.0035650858344601502,-1.6158332014502417,0.95,375.60638198732295,0.0,1184.0416224253404,0.0
gk_future_7,price_only,rf,regime_sym_conformal,greed,2436.0,0.8251231527093597,-0.1248768472906403,0.1248768472906403,0.09236453201970443,0.08251231527093596,0.09236453201970443,0.08251231527093596,0.08047929581135645,0.0804364648732871,0.16703374656952644,0.002095604623157264,0.009827326029876035,0.0020802390410808013,-1.648277507623268,0.95,500.21834010227894,0.0,928.8189504630573,0.0
gk_future_7,price_only,rf,regime_sym_conformal,neutral,3498.0,0.8799313893653516,-0.07006861063464831,0.07006861063464831,0.06375071469411092,0.05631789594053745,0.06375071469411092,0.05631789594053745,0.09725125772404593,0.0924092332883115,0.15165317602624165,0.0013230861689080698,0.008890598023694228,0.002468243231747877,-1.8322369775919924,0.95,264.2131805197869,0.0,947.5006460210388,0.0
gk_future_7,price_only,rf,sym_conformal,fear,2706.0,0.8543976348854397,-0.09560236511456022,0.09560236511456022,0.07723577235772358,0.06836659275683665,0.07723577235772358,0.06836659275683665,0.11528464274516721,0.0924092332883115,0.3079755837842149,0.0040996222879150866,0.012144072013676389,0.00359976730669019,-1.6158332014502417,0.95,351.81294704406855,0.0,1190.753591796347,0.0
gk_future_7,price_only,rf,sym_conformal,greed,2436.0,0.8591954022988506,-0.09080459770114935,0.09080459770114935,0.07963875205254516,0.06116584564860427,0.07963875205254516,0.06116584564860427,0.08498635883826441,0.087408012484883,0.16383181918183232,0.002129685804402697,0.009827326029876035,0.001966109675143014,-1.648277507623268,0.95,289.70111122038816,0.0,975.9318625929977,0.0
gk_future_7,price_only,rf,sym_conformal,neutral,3498.0,0.9042309891366496,-0.04576901086335039,0.04576901086335039,0.043167524299599774,0.052601486563750716,0.043167524299599774,0.052601486563750716,0.10087942900636723,0.0923174380679686,0.14557233137019163,0.001236595635605704,0.008890598023694228,0.0024027126486489917,-1.8322369775919924,0.95,123.08404610363004,0.0,773.7933635664085,0.0
gk_future_7,price_only,ridge,cqr,fear,2706.0,0.9512195121951219,0.0012195121951219523,0.0012195121951219523,0.04878048780487805,0.0,0.04878048780487805,0.0,0.17439680370476854,0.1771724377041591,0.18616895606016481,0.0014549666973864412,0.010167549978835635,0.003199257204117584,-1.629087399208659,0.95,0.08538466489540042,0.7701287077857653,735.0704969802846,0.0
gk_future_7,price_only,ridge,cqr,greed,2436.0,1.0,0.050000000000000044,0.050000000000000044,0.0,0.0,0.0,0.0,0.16038470487410325,0.1538544532311624,0.16038470487410325,0.0011060343045964914,0.007967147895892755,0.0029035833172559927,-1.655344414759927,0.95,249.90088153614593,0.0,-0.0,1.0
gk_future_7,price_only,ridge,cqr,neutral,3498.0,0.9914236706689536,0.041423670668953694,0.041423670668953694,0.008576329331046312,0.0,0.008576329331046312,0.0,0.16728380281513774,0.1693344810057445,0.16820660875280372,0.0008493669756192897,0.007031054732878562,0.0033557982432007075,-1.8433782771247815,0.95,190.24729843490172,0.0,79.57837866365145,0.0
gk_future_7,price_only,ridge,raw_quantile,fear,2706.0,0.9512195121951219,0.0012195121951219523,0.0012195121951219523,0.04878048780487805,0.0,0.04878048780487805,0.0,0.17427040248519812,0.1771724377041591,0.18646249151702432,0.0014638850990525594,0.010167549978835635,0.003197677188872953,-1.629087399208659,0.95,0.08538466489540042,0.7701287077857653,735.0704969802846,0.0
gk_future_7,price_only,ridge,raw_quantile,greed,2436.0,1.0,0.050000000000000044,0.050000000000000044,0.0,0.0,0.0,0.0,0.1601154275134752,0.1538544532311624,0.1601154275134752,0.0011026683375886409,0.007967147895892755,0.0029002173502481418,-1.655344414759927,0.95,249.90088153614593,0.0,-0.0,1.0
gk_future_7,price_only,ridge,raw_quantile,neutral,3498.0,0.9914236706689536,0.041423670668953694,0.041423670668953694,0.008576329331046312,0.0,0.008576329331046312,0.0,0.16520170992725602,0.1693344810057445,0.16612451586492205,0.000823340814520768,0.007031054732878562,0.003329772082102185,-1.8433782771247815,0.95,190.24729843490172,0.0,79.57837866365145,0.0
gk_future_7,price_only,ridge,regime_cqr,fear,2706.0,0.9512195121951219,0.0012195121951219523,0.0012195121951219523,0.04878048780487805,0.0,0.04878048780487805,0.0,0.1743976512239423,0.1771724377041591,0.18616980357933857,0.001454977291376113,0.010167549978835635,0.0031992677981072565,-1.629087399208659,0.95,0.08538466489540042,0.7701287077857653,735.0704969802846,0.0
gk_future_7,price_only,ridge,regime_cqr,greed,2436.0,1.0,0.050000000000000044,0.050000000000000044,0.0,0.0,0.0,0.0,0.16038470487410325,0.1538544532311624,0.16038470487410325,0.0011060343045964914,0.007967147895892755,0.0029035833172559927,-1.655344414759927,0.95,249.90088153614593,0.0,-0.0,1.0
gk_future_7,price_only,ridge,regime_cqr,neutral,3498.0,0.9914236706689536,0.041423670668953694,0.041423670668953694,0.008576329331046312,0.0,0.008576329331046312,0.0,0.16565859308455474,0.1693344810057445,0.16658139902222072,0.0008290518539870018,0.007031054732878562,0.003335483121568419,-1.8433782771247815,0.95,190.24729843490172,0.0,79.57837866365145,0.0
gk_future_7,price_only,ridge,regime_sym_conformal,fear,2706.0,0.885439763488544,-0.06456023651145593,0.06456023651145593,0.06134515890613452,0.05321507760532151,0.06134515890613452,0.05321507760532151,0.11070148396481706,0.1021878385215743,0.18436714710262384,0.0017692677262793124,0.010706902477479295,0.002839910951286187,-1.636945315114235,0.95,176.7789685507355,0.0,802.0589810998206,0.0
gk_future_7,price_only,ridge,regime_sym_conformal,greed,2436.0,0.8694581280788177,-0.08054187192118223,0.08054187192118223,0.08374384236453201,0.046798029556650245,0.08374384236453201,0.046798029556650245,0.0870318137442506,0.0890693936732821,0.1536458868879705,0.0020307832619444587,0.010257682243609264,0.0018103639102547088,-1.6487376064577364,0.95,235.0758736149553,0.0,672.6483374060299,0.0
gk_future_7,price_only,ridge,regime_sym_conformal,neutral,3498.0,0.934819897084048,-0.015180102915951954,0.015180102915951954,0.018867924528301886,0.04631217838765009,0.018867924528301886,0.04631217838765009,0.09649492099707699,0.096906833656913,0.13601301420368314,0.0011580681923513301,0.00851486225370986,0.0022422571627406527,-1.8353279799427202,0.95,15.552892260003546,8.022881674307758e-05,555.79402498219,0.0
gk_future_7,price_only,ridge,sym_conformal,fear,2706.0,0.8980044345898004,-0.05199556541019956,0.05199556541019956,0.04656319290465632,0.05543237250554324,0.04656319290465632,0.05543237250554324,0.1110259589285198,0.1002316344402769,0.18205175099846524,0.001669359779570462,0.010706902477479295,0.002881933995391073,-1.636945315114235,0.95,119.9695813365638,0.0,664.4271929121021,0.0
gk_future_7,price_only,ridge,sym_conformal,greed,2436.0,0.9113300492610837,-0.038669950738916214,0.038669950738916214,0.054187192118226604,0.034482758620689655,0.054187192118226604,0.034482758620689655,0.09079773357272358,0.0884563592130997,0.14633377294265165,0.001923521858277479,0.010257682243609264,0.0017348224652887175,-1.6487376064577364,0.95,62.979502123366046,2.1094237467877974e-15,550.6086697076912,0.0
gk_future_7,price_only,ridge,sym_conformal,neutral,3498.0,0.9365351629502573,-0.013464837049742662,0.013464837049742662,0.017152658662092625,0.04631217838765009,0.017152658662092625,0.04631217838765009,0.0967550106987664,0.0917623405238015,0.13424075496799523,0.001143589259693848,0.00851486225370986,0.0022124296145059367,-1.8353279799427202,0.95,12.348320871811893,0.0004413832884415658,577.9558966326435,0.0
ret_future_1,price_only,gbr,regime_sym_conformal,fear,2706.0,0.9323725055432373,-0.017627494456762705,0.017627494456762705,0.037324464153732445,0.030303030303030304,0.037324464153732445,0.030303030303030304,0.1478589332326396,0.1347706526131927,0.22655804157745518,0.002952769118758952,0.013329463072647792,0.002711181920677332,0.0013750210850721814,0.95,16.019543532348962,6.269198748076743e-05,54.67972132472141,1.41886502547095e-13
ret_future_1,price_only,gbr,regime_sym_conformal,greed,2460.0,0.9524390243902439,0.0024390243902439046,0.0024390243902439046,0.01991869918699187,0.027642276422764227,0.01991869918699187,0.027642276422764227,0.12089171172056368,0.1185787059383087,0.15388013383219118,0.0019028522427115824,0.009993548395839543,0.0019441511030931018,0.0007540692840855829,0.95,0.3129527839713546,0.5758738663576013,1.045140501830474,0.3066289335837048
ret_future_1,price_only,gbr,regime_sym_conformal,neutral,3474.0,0.952216465169833,0.002216465169833093,0.002216465169833093,0.025331030512377662,0.022452504317789293,0.025331030512377662,0.022452504317789293,0.1158514064528348,0.1079549044957544,0.1424452971195037,0.0018017501910419379,0.00922716530340773,0.001759382236945557,0.0006542594092512697,0.95,0.3644452945725334,0.5460477378952193,5.631311605626934,0.017642426034361613
ret_future_1,price_only,gbr,sym_conformal,fear,2706.0,0.9416112342941612,-0.008388765705838797,0.008388765705838797,0.031042128603104215,0.027346637102734665,0.031042128603104215,0.027346637102734665,0.15068356961631732,0.1474514596928007,0.2238012372161979,0.002910178415211647,0.013329463072647792,0.002684852515193203,0.0013750210850721814,0.95,3.812797290518347,0.050862440341915005,44.82491297568936,2.15464313058078e-11
ret_future_1,price_only,gbr,sym_conformal,greed,2460.0,0.9455284552845529,-0.004471544715447084,0.004471544715447084,0.023170731707317073,0.031300813008130084,0.023170731707317073,0.031300813008130084,0.12257634243084727,0.1143464537711613,0.16651949866046412,0.0020597433903596055,0.009993548395839543,0.002103244076151902,0.0007540692840855829,0.95,1.007516353961364,0.31549857981137996,7.1825995770855116,0.00736139713334405
ret_future_1,price_only,gbr,sym_conformal,neutral,3474.0,0.9645941278065631,0.014594127806563106,0.014594127806563106,0.021876799078871616,0.013529073114565342,0.021876799078871616,0.013529073114565342,0.12563844033810043,0.1185787059383087,0.14884251368475337,0.0019026160451431947,0.00922716530340773,0.0018184467969755429,0.0006542594092512697,0.95,17.269159343017236,3.244097355403763e-05,10.056700310465885,0.0015179485592722308
ret_future_1,price_only,har_ols,regime_sym_conformal,fear,2706.0,0.9445676274944568,-0.0054323725055431815,0.0054323725055431815,0.026607538802660754,0.028824833702882482,0.026607538802660754,0.028824833702882482,0.15112368305627755,0.1545478395809544,0.21995156619234268,0.0028100055458619793,0.012364031613210605,0.00268878360894649,0.001263895621122487,0.95,1.6264471763422534,0.2021951590493063,23.20750146462956,1.4542893818081382e-06
ret_future_1,price_only,har_ols,regime_sym_conformal,greed,2460.0,0.9536585365853658,0.003658536585365857,0.003658536585365857,0.01951219512195122,0.026829268292682926,0.01951219512195122,0.026829268292682926,0.11670534057223773,0.1144324051091471,0.14473031232545722,0.0017626582538015545,0.00967033183200324,0.001855599554334779,0.0007191732100126266,0.95,0.7098286220824548,0.39950071107802265,7.117907765932273,0.007631771884827665
ret_future_1,price_only,har_ols,regime_sym_conformal,neutral,3474.0,0.9689119170984456,0.01891191709844564,0.01891191709844564,0.017271157167530225,0.013816925734024179,0.017271157167530225,0.013816925734024179,0.11951794862495707,0.1022116892602802,0.1354934255943624,0.0016897704215954048,0.008345776445909722,0.0016975652182635579,0.000569326007708893,0.95,30.05645041184448,4.196503067266377e-08,14.770148143097913,0.0001214428775541121
ret_future_1,price_only,har_ols,sym_conformal,fear,2706.0,0.9401330376940134,-0.009866962305986604,0.009866962305986604,0.026607538802660754,0.03325942350332594,0.026607538802660754,0.03325942350332594,0.14883909602605522,0.1545478395809544,0.22079652826227641,0.0028373824132102744,0.012364031613210605,0.0026825307933465397,0.001263895621122487,0.95,5.231261892458633,0.022184431949368588,17.736711803774597,2.5368328061214918e-05
ret_future_1,price_only,har_ols,sym_conformal,greed,2460.0,0.948780487804878,-0.0012195121951219523,0.0012195121951219523,0.01951219512195122,0.03170731707317073,0.01951219512195122,0.03170731707317073,0.12086659581569824,0.11181249985886474,0.1564350952444975,0.0019157147925061488,0.00967033183200324,0.0019951625886061915,0.0007191732100126266,0.95,0.07643573800237391,0.7821869914598618,4.325214049359488,0.03755169096164468
ret_future_1,price_only,har_ols,sym_conformal,neutral,3474.0,0.9758203799654577,0.025820379965457718,0.025820379965457718,0.012089810017271158,0.012089810017271158,0.012089810017271158,0.012089810017271158,0.12340453787801663,0.1165566358357189,0.14045692403889137,0.0017457864789243458,0.008345776445909722,0.00176563662204784,0.000569326007708893,0.95,59.76203227572523,1.0658141036401503e-14,25.247763890078545,5.041798931681996e-07
ret_future_1,price_only,rf,regime_sym_conformal,fear,2706.0,0.9408721359940873,-0.0091278640059127,0.0091278640059127,0.03288987435328899,0.0262379896526238,0.03288987435328899,0.0262379896526238,0.14971614533278424,0.1480615098637202,0.227858528371933,0.0028864753708704206,0.012406671693844129,0.002809987838427808,0.0012546304761171425,0.95,4.495457848335718,0.033985011838534196,37.16269069587452,1.0867320376917178e-09
ret_future_1,price_only,rf,regime_sym_conformal,greed,2460.0,0.9536585365853658,0.003658536585365857,0.003658536585365857,0.01788617886178862,0.028455284552845527,0.01788617886178862,0.028455284552845527,0.11809535385071117,0.1194369031768406,0.1471898146397084,0.0018052141084956537,0.009712590687894183,0.001874531257496962,0.0007200686881777938,0.95,0.7098286220824548,0.39950071107802265,0.5601823203460299,0.4541867922632432
ret_future_1,price_only,rf,regime_sym_conformal,neutral,3474.0,0.9602763385146805,0.010276338514680572,0.010276338514680572,0.02158894645941278,0.018134715025906734,0.02158894645941278,0.018134715025906734,0.11520975245956808,0.1055675177508258,0.13730716987340916,0.0017360017079454278,0.00873004075160213,0.0016966775388897054,0.0005978465878001981,0.95,8.283816313798752,0.0039999970979383015,0.05131692084933093,0.8207873752519387
ret_future_1,price_only,rf,sym_conformal,fear,2706.0,0.9419807834441981,-0.008019216555801845,0.008019216555801845,0.03067257945306726,0.027346637102734665,0.03067257945306726,0.027346637102734665,0.15089114426340103,0.1424505658905101,0.22513837321054378,0.0029027941998889394,0.012406671693844129,0.0027256651303745583,0.0012546304761171425,0.95,3.4915922217621755,0.06168123298231076,22.334664665147557,2.290346997280146e-06
ret_future_1,price_only,rf,sym_conformal,greed,2460.0,0.9467479674796748,-0.003252032520325132,0.003252032520325132,0.023170731707317073,0.03008130081300813,0.023170731707317073,0.03008130081300813,0.12092268199927808,0.1155925446377473,0.16004895374089054,0.0019731356190742073,0.009712590687894183,0.002028088224447961,0.0007200686881777938,0.95,0.5368144103881605,0.4637559447950331,3.3898412643388838,0.06559926421726858
ret_future_1,price_only,rf,sym_conformal,neutral,3474.0,0.968048359240069,0.01804835924006909,0.01804835924006909,0.01755900978698906,0.014392630972941854,0.01755900978698906,0.014392630972941854,0.12445760893012804,0.1231767553617142,0.14502944296120093,0.0018435606085498773,0.00873004075160213,0.0017821754654800492,0.0005978465878001981,0.95,27.17223626234545,1.861122266300086e-07,2.684592899846507,0.10132311735231625
ret_future_1,price_only,ridge,regime_sym_conformal,fear,2706.0,0.9419807834441981,-0.008019216555801845,0.008019216555801845,0.029194382852919438,0.028824833702882482,0.029194382852919438,0.028824833702882482,0.14738848345069622,0.1468074987802844,0.21934208539200367,0.0027904186530671054,0.012127145367081123,0.002693133481732889,0.0012264011995411776,0.95,3.4915922217621755,0.06168123298231076,36.0993672585696,1.8750772046161046e-09
ret_future_1,price_only,ridge,regime_sym_conformal,greed,2460.0,0.9569105691056911,0.0069105691056911,0.0069105691056911,0.014634146341463415,0.028455284552845527,0.014634146341463415,0.028455284552845527,0.11868393111412436,0.1182130287398082,0.14580035589695065,0.001759171769847143,0.009612916153199449,0.0018858371275765284,0.0007138981041497292,0.95,2.5893686614678018,0.10758321091830869,26.299814758992284,2.923167119472936e-07
ret_future_1,price_only,ridge,regime_sym_conformal,neutral,3474.0,0.9637305699481865,0.013730569948186555,0.013730569948186555,0.02072538860103627,0.015544041450777202,0.02072538860103627,0.015544041450777202,0.11840710901680015,0.1031710600010969,0.13594759832387757,0.0017112423745348848,0.008324327499390044,0.0016874475835619578,0.0005725138232181589,0.95,15.18208438903389,9.762526299905705e-05,9.250500275004697,0.00235431100755501
ret_future_1,price_only,ridge,sym_conformal,fear,2706.0,0.9441980783444198,-0.005801921655580133,0.005801921655580133,0.02697708795269771,0.028824833702882482,0.02697708795269771,0.028824833702882482,0.148990798331848,0.147213027586237,0.21945074136630427,0.0028205378677626037,0.012127145367081123,0.0026657306663949052,0.0012264011995411776,0.95,1.851241280249269,0.17363909511294306,22.7157699375,1.8782012822793348e-06
ret_future_1,price_only,ridge,sym_conformal,greed,2460.0,0.9471544715447154,-0.0028455284552845184,0.0028455284552845184,0.01951219512195122,0.03333333333333333,0.01951219512195122,0.03333333333333333,0.12201746406249657,0.11579020244669136,0.158276460505094,0.0019235757681163488,0.009612916153199449,0.0020333357445109037,0.0007138981041497292,0.95,0.4120127389622894,0.5209496824145793,14.537402203000738,0.00013740433221964832
ret_future_1,price_only,ridge,sym_conformal,neutral,3474.0,0.9706390328151986,0.020639032815198632,0.020639032815198632,0.015544041450777202,0.013816925734024179,0.015544041450777202,0.013816925734024179,0.1241617962988645,0.121647794196746,0.14224729241785733,0.0017884882044561774,0.008324327499390044,0.0017676941059901587,0.0005725138232181589,0.95,36.34574484800487,1.6523957757641483e-09,17.011666528837054,3.715084571109806e-05
rs_future_7,full,gbr,cqr,fear,2706.0,0.9297856614929786,-0.020214338507021368,0.020214338507021368,0.05949741315594974,0.010716925351071693,0.05949741315594974,0.010716925351071693,0.1671930150919084,0.1645660640750715,0.18134196616421655,0.0012849713063793795,0.012510055084504087,0.00324857784772594,-1.6199000291766867,0.95,20.793488750832694,5.115659233001502e-06,695.7403815561513,0.0
rs_future_7,full,gbr,cqr,greed,2436.0,0.993431855500821,0.04343185550082107,0.04343185550082107,0.002052545155993432,0.00451559934318555,0.002052545155993432,0.00451559934318555,0.1387786369254719,0.1444144311396781,0.14216875440330526,0.0009707103002514026,0.008372200389136327,0.0025835085598311324,-1.6478005214622806,0.95,151.4115337319634,0.0,52.11180460744697,5.242473122279989e-13
rs_future_7,full,gbr,cqr,neutral,3498.0,0.9802744425385935,0.03027444253859357,0.03027444253859357,0.0137221269296741,0.006003430531732418,0.0137221269296741,0.006003430531732418,0.14925054551720898,0.1544627160164727,0.15474048692231077,0.0007797156485198401,0.008108492791623054,0.003088796524537835,-1.840304874357261,0.95,86.78462785788452,0.0,140.71285476061382,0.0
rs_future_7,full,gbr,raw_quantile,fear,2706.0,0.9090909090909091,-0.040909090909090895,0.040909090909090895,0.0794530672579453,0.011456023651145602,0.0794530672579453,0.011456023651145602,0.16148536859770465,0.1644342698359707,0.18445437613153357,0.0014195430455850016,0.012510055084504087,0.003191816357703244,-1.6199000291766867,0.95,77.57272812123506,0.0,1009.8083153793195,0.0
rs_future_7,full,gbr,raw_quantile,greed,2436.0,0.9917898193760263,0.04178981937602633,0.04178981937602633,0.003284072249589491,0.0049261083743842365,0.003284072249589491,0.0049261083743842365,0.13810623593957466,0.1444144311396781,0.14174704333154725,0.0009633004358522595,0.008372200389136327,0.002580375647436324,-1.6478005214622806,0.95,135.74793005857555,0.0,53.74417749087101,2.283728761653947e-13
rs_future_7,full,gbr,raw_quantile,neutral,3498.0,0.9742710120068611,0.024271012006861103,0.024271012006861103,0.01972555746140652,0.006003430531732418,0.01972555746140652,0.006003430531732418,0.14526219754897224,0.15403389961491099,0.1513932710480786,0.000745426961618348,0.008108492791623054,0.0030394048145835234,-1.840304874357261,0.95,52.357974278983875,4.625189120588402e-13,160.5379692479546,0.0
rs_future_7,full,gbr,regime_cqr,fear,2706.0,0.9290465631929047,-0.02095343680709527,0.02095343680709527,0.06023651145602365,0.010716925351071693,0.06023651145602365,0.010716925351071693,0.16738184521348953,0.16459189617883624,0.1814919560897824,0.0012907365529796569,0.012510055084504087,0.00324656234926481,-1.6199000291766867,0.95,22.260207880444796,2.3808968172556177e-06,704.9954622740775,0.0
rs_future_7,full,gbr,regime_cqr,greed,2436.0,0.993431855500821,0.04343185550082107,0.04343185550082107,0.002052545155993432,0.00451559934318555,0.002052545155993432,0.00451559934318555,0.1386828559659746,0.1444144311396781,0.142072973443808,0.0009695130382576865,0.008372200389136327,0.0025823112978374165,-1.6478005214622806,0.95,151.4115337319634,0.0,52.11180460744697,5.242473122279989e-13
rs_future_7,full,gbr,regime_cqr,neutral,3498.0,0.9802744425385935,0.03027444253859357,0.03027444253859357,0.0137221269296741,0.006003430531732418,0.0137221269296741,0.006003430531732418,0.14806074987637538,0.1544534289254395,0.15355069128147716,0.0007646008451454407,0.008108492791623054,0.0030741664368913943,-1.840304874357261,0.95,86.78462785788452,0.0,140.71285476061382,0.0
rs_future_7,full,gbr,regime_sym_conformal,fear,2706.0,0.804138950480414,-0.145861049519586,0.145861049519586,0.139320029563932,0.0565410199556541,0.139320029563932,0.0565410199556541,0.1221081544866606,0.1038926851659664,0.2732216395238864,0.0032820199041068516,0.01503677626959547,0.0035485210839902126,-1.6057939053890176,0.95,721.8709471408843,0.0,1307.4350720677392,0.0
rs_future_7,full,gbr,regime_sym_conformal,greed,2436.0,0.8366174055829229,-0.1133825944170771,0.1133825944170771,0.05665024630541872,0.10673234811165845,0.05665024630541872,0.10673234811165845,0.0779675263057906,0.0773161203118583,0.14183941419835155,0.0013045261945389508,0.008859792243853358,0.0022414591604197425,-1.6547409942389895,0.95,424.48132159848274,0.0,1008.7592120444235,0.0
rs_future_7,full,gbr,regime_sym_conformal,neutral,3498.0,0.9090909090909091,-0.040909090909090895,0.040909090909090895,0.05174385363064608,0.03916523727844483,0.05174385363064608,0.03916523727844483,0.09688995906281551,0.0857598882092909,0.1413429642051835,0.0012124153630448805,0.010124627994505224,0.0023211587420846128,-1.829715624763886,0.95,100.27694122988942,0.0,987.6568234665874,0.0
rs_future_7,full,gbr,sym_conformal,fear,2706.0,0.8137472283813747,-0.13625277161862526,0.13625277161862526,0.12897265336289726,0.05728011825572801,0.12897265336289726,0.05728011825572801,0.12282378667509387,0.1084547961329788,0.26737163349085835,0.0030689253789870636,0.01503677626959547,0.003615365458284301,-1.6057939053890176,0.95,643.809470903087,0.0,1294.4123418874076,0.0
rs_future_7,full,gbr,sym_conformal,greed,2436.0,0.8727422003284072,-0.07725779967159274,0.07725779967159274,0.04064039408866995,0.08661740558292283,0.04064039408866995,0.08661740558292283,0.08107727185254257,0.07794079938004345,0.1355219154616773,0.0012863299668499613,0.008859792243853358,0.0021017179196918746,-1.6547409942389895,0.95,218.53681456856248,0.0,858.5502256662612,0.0
rs_future_7,full,gbr,sym_conformal,neutral,3498.0,0.9208118925100057,-0.02918810748999423,0.02918810748999423,0.04774156660949114,0.031446540880503145,0.04774156660949114,0.031446540880503145,0.09942223331429084,0.0954184423444102,0.1373495030496988,0.0012260599397479267,0.010124627994505224,0.002207677636494449,-1.829715624763886,0.95,53.70051398536202,2.334799020786704e-13,872.3958893949123,0.0
rs_future_7,full,gru,cqr,fear,2706.0,0.958980044345898,0.008980044345898053,0.008980044345898053,0.010716925351071693,0.030303030303030304,0.010716925351071693,0.030303030303030304,0.18520703715866407,0.17819825001060954,0.23300311398863657,0.001599441044635404,0.014627766052892857,0.004225636805080415,134359.20077062474,0.95,4.880897604925622,0.027155494135411185,313.53734459099076,0.0
rs_future_7,full,gru,cqr,greed,2436.0,0.9527914614121511,0.0027914614121511416,0.0027914614121511416,0.013546798029556651,0.03366174055829228,0.013546798029556651,0.03366174055829228,0.13453420521605655,0.1265399120748043,0.15891826877662235,0.0013355196003289776,0.01060427716437212,0.0026374371190864845,11804.410292548037,0.95,0.4068692551862796,0.5235628402393881,303.04837056148494,0.0
rs_future_7,full,gru,cqr,neutral,3498.0,0.948256146369354,-0.0017438536306459973,0.0017438536306459973,0.005717552887364208,0.04602630074328187,0.005717552887364208,0.04602630074328187,0.1255777281402998,0.11659710708189824,0.1619120514493801,0.0012812146856212778,0.010826730783049559,0.002766586600613128,141955.9478531577,0.95,0.221523259011974,0.6378817145341733,368.59578869150846,0.0
rs_future_7,full,gru,raw_quantile,fear,2706.0,0.90169992609017,-0.04830007390982993,0.04830007390982993,0.029563932002956393,0.06873614190687362,0.029563932002956393,0.06873614190687362,0.16280917582193838,0.1597917336039245,0.268619489125088,0.0017098655069099952,0.014627766052892857,0.0050056217212171095,134359.20077062474,0.95,104.99358680487262,0.0,581.6566502579706,0.0
rs_future_7,full,gru,raw_quantile,greed,2436.0,0.8924466338259441,-0.05755336617405582,0.05755336617405582,0.027914614121510674,0.07963875205254516,0.027914614121510674,0.07963875205254516,0.12404991779581537,0.1170640382915735,0.19801952004520235,0.0013557196589614208,0.01060427716437212,0.0035947683421685413,11804.410292548037,0.95,129.63579392911083,0.0,679.9809843340702,0.0
rs_future_7,full,gru,raw_quantile,neutral,3498.0,0.8447684391080618,-0.10523156089193819,0.10523156089193819,0.01400800457404231,0.14122355631789593,0.01400800457404231,0.14122355631789593,0.10567509758447519,0.09819209761917586,0.22627130127493136,0.001242831776778654,0.010826730783049559,0.004413950755094534,141955.9478531577,0.95,536.493263286367,0.0,1072.8142110473814,0.0
rs_future_7,full,gru,regime_cqr,fear,2706.0,0.9567627494456763,0.0067627494456763415,0.0067627494456763415,0.014412416851441241,0.028824833702882482,0.014412416851441241,0.028824833702882482,0.18440649483894675,0.1771465442719169,0.22660733534638428,0.0016168807024006732,0.014627766052892857,0.0040483026812588386,134359.20077062474,0.95,2.7249433957786096,0.09879162387426721,285.5518609474433,0.0
rs_future_7,full,gru,regime_cqr,greed,2436.0,0.9445812807881774,-0.005418719211822576,0.005418719211822576,0.013546798029556651,0.04187192118226601,0.013546798029556651,0.04187192118226601,0.13351859390337706,0.12565180622119237,0.16421909256195938,0.0013308452212887024,0.01060427716437212,0.0027746320927601853,11804.410292548037,0.95,1.456929493489497,0.22741930299518376,358.02849439616807,0.0
rs_future_7,full,gru,regime_cqr,neutral,3498.0,0.9473985134362493,-0.002601486563750699,0.002601486563750699,0.006289308176100629,0.04631217838765009,0.006289308176100629,0.04631217838765009,0.12615765530811113,0.11647971404544515,0.16239056275030309,0.001284041223859029,0.010826730783049559,0.002775722844898453,141955.9478531577,0.95,0.49040849571929357,0.4837451404462363,374.8551681336503,0.0
rs_future_7,full,gru,regime_sym_conformal,fear,2706.0,0.8828529194382853,-0.0671470805617147,0.0671470805617147,0.07206208425720621,0.0450849963045085,0.07206208425720621,0.0450849963045085,0.13504195018924786,0.1275351464435892,0.2331708141837663,0.0022805108860545023,0.015471707084229552,0.0035487594685395603,22461.535849976743,0.95,189.54870172713117,0.0,723.4034297661274,0.0
rs_future_7,full,gru,regime_sym_conformal,greed,2436.0,0.9142036124794746,-0.035796387520525386,0.035796387520525386,0.027093596059113302,0.05870279146141215,0.027093596059113302,0.05870279146141215,0.10149794986870594,0.09361371120125135,0.14407820689047598,0.001350947157821382,0.012924654940558404,0.002251008014440421,37221.84874753782,0.95,54.62852517459896,1.4566126083082054e-13,512.8872282469785,0.0
rs_future_7,full,gru,regime_sym_conformal,neutral,3498.0,0.9228130360205832,-0.02718696397941678,0.02718696397941678,0.010005717552887363,0.06718124642652945,0.010005717552887363,0.06718124642652945,0.10522688762413579,0.0953272171821701,0.16926664277331677,0.0013086777671701445,0.013114112914366616,0.002922988302162678,237684.9295144689,0.95,47.01998945758942,7.026601522852616e-12,654.0256808299473,0.0
rs_future_7,full,gru,sym_conformal,fear,2706.0,0.885809312638581,-0.06419068736141897,0.06419068736141897,0.06873614190687362,0.045454545454545456,0.06873614190687362,0.045454545454545456,0.13666604745084057,0.1297146081924438,0.23094134564968696,0.0022135078973498615,0.015471707084229552,0.003560025743892217,22461.535849976743,0.95,174.98370450079983,0.0,701.9169591493505,0.0
rs_future_7,full,gru,sym_conformal,greed,2436.0,0.9429392446633826,-0.007060755336617319,0.007060755336617319,0.018883415435139574,0.038177339901477834,0.018883415435139574,0.038177339901477834,0.10527624362201864,0.0983554273843765,0.12752510069965897,0.001316653312044921,0.012924654940558404,0.001871474205446459,37221.84874753782,0.95,2.4501693697407063,0.11751218789348572,312.2898041465886,0.0
rs_future_7,full,gru,sym_conformal,neutral,3498.0,0.9282447112635792,-0.02175528873642074,0.02175528873642074,0.007432818753573471,0.06432246998284734,0.007432818753573471,0.06432246998284734,0.10632848900435579,0.0965668894350528,0.16926461211706742,0.0013088560448928956,0.013114112914366616,0.002922759258033692,237684.9295144689,0.95,30.897926129376174,2.7196224383629897e-08,663.7688021282509,0.0
rs_future_7,full,har_ols,cqr,fear,2706.0,0.8980044345898004,-0.05199556541019956,0.05199556541019956,0.06651884700665188,0.03547671840354767,0.06651884700665188,0.03547671840354767,0.1562796918519905,0.1489091188701326,0.21875236969526587,0.001812758452811743,0.013597064262135616,0.0036560507895698102,14994.809557700986,0.95,119.9695813365638,0.0,529.7201780142011,0.0
rs_future_7,full,har_ols,cqr,greed,2436.0,0.916256157635468,-0.033743842364531984,0.033743842364531984,0.07881773399014778,0.0049261083743842365,0.07881773399014778,0.0049261083743842365,0.13374431301221512,0.1345044044496599,0.15784678771980792,0.0010395668262733384,0.010019721579309191,0.002906602866721766,-1.6527093357977143,0.95,48.97669969513231,2.5902613387529527e-12,409.9285756440106,0.0
rs_future_7,full,har_ols,cqr,neutral,3498.0,0.8078902229845626,-0.14210977701543737,0.14210977701543737,0.05660377358490566,0.13550600343053174,0.05660377358490566,0.13550600343053174,0.11259107787274884,0.108290476159375,0.24853295491649452,0.0011887060530694792,0.010553009111825069,0.005024617819842789,-1.688039850348566,0.95,893.2567502283546,0.0,1637.6949841508235,0.0
rs_future_7,full,har_ols,raw_quantile,fear,2706.0,0.6762749445676275,-0.27372505543237247,0.27372505543237247,0.15299334811529933,0.17073170731707318,0.15299334811529933,0.17073170731707318,0.09524151613033759,0.0894070929393495,0.38389907806085816,0.0025687759817770504,0.013597064262135616,0.0070287009697443115,14994.809557700986,0.95,2028.615062952662,0.0,1256.8949418973398,0.0
rs_future_7,full,har_ols,raw_quantile,greed,2436.0,0.7315270935960592,-0.2184729064039408,0.2184729064039408,0.26108374384236455,0.007389162561576354,0.26108374384236455,0.007389162561576354,0.11681388438957226,0.11431231984507205,0.19947013022333068,0.0022498946967567045,0.010019721579309191,0.0027368585588264708,-1.6527093357977143,0.95,1267.0188940747494,0.0,823.9687577292457,0.0
rs_future_7,full,har_ols,raw_quantile,neutral,3498.0,0.5128644939965694,-0.43713550600343054,0.43713550600343054,0.1835334476843911,0.30360205831903947,0.1835334476843911,0.30360205831903947,0.07427993229539724,0.0705710745994994,0.394990470119754,0.00203932710731253,0.010553009111825069,0.007835434645681228,-1.688039850348566,0.95,5546.5541178056565,0.0,1877.639564015351,0.0
rs_future_7,full,har_ols,regime_cqr,fear,2706.0,0.9002217294900222,-0.04977827050997774,0.04977827050997774,0.06873614190687362,0.031042128603104215,0.06873614190687362,0.031042128603104215,0.1587283451065147,0.1605783782983871,0.20531951479161917,0.0018866974211279965,0.013597064262135616,0.0032462904486623896,14994.809557700986,0.95,110.88545464241997,0.0,468.1607418328233,0.0
rs_future_7,full,har_ols,regime_cqr,greed,2436.0,0.8990147783251231,-0.050985221674876846,0.050985221674876846,0.09359605911330049,0.007389162561576354,0.09359605911330049,0.007389162561576354,0.1310854075587708,0.13036433123022725,0.15946030890546362,0.0010783621852772755,0.010019721579309191,0.00290814553735922,-1.6527093357977143,0.95,104.24017993622533,0.0,476.9516036101288,0.0
rs_future_7,full,har_ols,regime_cqr,neutral,3498.0,0.7975986277873071,-0.1524013722126929,0.1524013722126929,0.06689536878216124,0.13550600343053174,0.06689536878216124,0.13550600343053174,0.11257358826730354,0.1078486067173231,0.25235391101936483,0.0012832290525789803,0.010553009111825069,0.005025618722905047,-1.688039850348566,0.95,1004.1940777477666,0.0,1779.3822633232896,0.0
rs_future_7,full,har_ols,regime_sym_conformal,fear,2706.0,0.8691796008869179,-0.08082039911308203,0.08082039911308203,0.05321507760532151,0.07760532150776053,0.05321507760532151,0.07760532150776053,0.1252730203020512,0.1167639757287272,0.2850889890187473,0.0025796001905301334,0.017633472322221143,0.004547624534938451,319054.1316658307,0.95,262.7130697463531,0.0,989.4435289837566,0.0
rs_future_7,full,har_ols,regime_sym_conformal,greed,2436.0,0.8497536945812808,-0.10024630541871915,0.10024630541871915,0.14285714285714285,0.007389162561576354,0.14285714285714285,0.007389162561576354,0.10640561352275583,0.0835102385444025,0.20582223246546355,0.003047915308813854,0.014325749353081549,0.0020976405028226416,-1.6241587589120383,0.95,343.71122451103156,0.0,862.9626039925784,0.0
rs_future_7,full,har_ols,regime_sym_conformal,neutral,3498.0,0.8850771869639794,-0.06492281303602054,0.06492281303602054,0.06689536878216124,0.048027444253859346,0.06689536878216124,0.048027444253859346,0.10274377106237505,0.0984992350536501,0.17636406172286648,0.0018913256807932784,0.014149487365730141,0.0025177758622782864,239266.90498103658,0.95,230.80522892924955,0.0,895.047304658076,0.0
rs_future_7,full,har_ols,sym_conformal,fear,2706.0,0.8713968957871396,-0.07860310421286032,0.07860310421286032,0.031042128603104215,0.0975609756097561,0.031042128603104215,0.0975609756097561,0.12732131898825924,0.1210082273946861,0.30573793728745086,0.001780196109147236,0.017633472322221143,0.005863252323038939,319054.1316658307,0.95,250.2220622525142,0.0,966.6395542063055,0.0
rs_future_7,full,har_ols,sym_conformal,greed,2436.0,0.8669950738916257,-0.08300492610837429,0.08300492610837429,0.12807881773399016,0.0049261083743842365,0.12807881773399016,0.0049261083743842365,0.11164944256292969,0.1075384099595816,0.2053455692811351,0.0029921261553234107,0.014325749353081549,0.0021415130767048728,-1.6241587589120383,0.95,247.78454307636957,0.0,938.5937012532127,0.0
rs_future_7,full,har_ols,sym_conformal,neutral,3498.0,0.888507718696398,-0.06149228130360196,0.06149228130360196,0.0634648370497427,0.048027444253859346,0.0634648370497427,0.048027444253859346,0.10258038127333374,0.0958504945559097,0.1763064264756112,0.0018473697305270438,0.014149487365730141,0.002560290931363139,239266.90498103658,0.95,209.54091198062542,0.0,900.4698781249595,0.0
rs_future_7,full,lstm,cqr,fear,2706.0,0.9076127124907613,-0.0423872875092387,0.0423872875092387,0.06541019955654102,0.02697708795269771,0.06541019955654102,0.02697708795269771,0.17532035977847693,0.16760241486832417,0.2335511366101337,0.0019185814177663748,0.015320506770416126,0.003920196997486873,4804.07356515686,0.95,82.77875776870451,0.0,690.4698261826438,0.0
rs_future_7,full,lstm,cqr,greed,2436.0,0.9051724137931034,-0.04482758620689653,0.04482758620689653,0.01683087027914614,0.07799671592775041,0.01683087027914614,0.07799671592775041,0.11848458461877195,0.1163674979277366,0.1647418861218863,0.001438216962042991,0.01267780378338051,0.002680330191004071,285306.3272799975,0.95,82.53308778835822,0.0,657.9898092186814,0.0
rs_future_7,full,lstm,cqr,neutral,3498.0,0.9448256146369354,-0.005174385363064582,0.005174385363064582,0.010005717552887363,0.04516866781017725,0.010005717552887363,0.04516866781017725,0.12296325558952405,0.1185915684378184,0.16351829954024244,0.0012397276947441207,0.011284194096626126,0.002848229793761844,349222.13525379234,0.95,1.9104265923676849,0.16691587979249645,562.444144574847,0.0
rs_future_7,full,lstm,raw_quantile,fear,2706.0,0.7967479674796748,-0.15325203252032515,0.15325203252032515,0.13082039911308205,0.07243163340724317,0.13082039911308205,0.07243163340724317,0.14527580793865236,0.1459421887993812,0.3104532375843798,0.002944034802341701,0.015320506770416126,0.004817296137267699,4804.07356515686,0.95,784.0836304155105,0.0,1253.3828201670299,0.0
rs_future_7,full,lstm,raw_quantile,greed,2436.0,0.7582101806239737,-0.19178981937602624,0.19178981937602624,0.03735632183908046,0.2044334975369458,0.03735632183908046,0.2044334975369458,0.0900557969785899,0.0866603497415781,0.3113756291111417,0.0014322322952411762,0.01267780378338051,0.006352158432537271,285306.3272799975,0.95,1023.5799832530479,0.0,1336.1777325001397,0.0
rs_future_7,full,lstm,raw_quantile,neutral,3498.0,0.8367638650657518,-0.11323613493424811,0.11323613493424811,0.0465980560320183,0.11663807890222985,0.0465980560320183,0.11663807890222985,0.09593637427574701,0.0908072935417294,0.2306773228232534,0.0013467147243051065,0.011284194096626126,0.004420218346276134,349222.13525379234,0.95,608.1955370373234,0.0,1352.4500236655222,0.0
rs_future_7,full,lstm,regime_cqr,fear,2706.0,0.9076127124907613,-0.0423872875092387,0.0423872875092387,0.06651884700665188,0.025868440502586843,0.06651884700665188,0.025868440502586843,0.17511358074890826,0.16799331570671386,0.23407158735308684,0.0019490823574507552,0.015320506770416126,0.0039027073263763214,4804.07356515686,0.95,82.77875776870451,0.0,699.112066732948,0.0
rs_future_7,full,lstm,regime_cqr,greed,2436.0,0.8862889983579638,-0.06371100164203614,0.06371100164203614,0.01929392446633826,0.09441707717569786,0.01929392446633826,0.09441707717569786,0.11608795913589333,0.11398752128355455,0.17776232509211476,0.0014469050163241632,0.01267780378338051,0.0029971531109786098,285306.3272799975,0.95,155.43615444635248,0.0,768.0088274640149,0.0
rs_future_7,full,lstm,regime_cqr,neutral,3498.0,0.9413950829045169,-0.008604917095483056,0.008604917095483056,0.012292738707833047,0.04631217838765009,0.012292738707833047,0.04631217838765009,0.12227578266976132,0.11759549468524355,0.1637514732400822,0.001241623731351112,0.011284194096626126,0.002852163099650846,349222.13525379234,0.95,5.179661743509087,0.022852772363512464,593.3474682652402,0.0
rs_future_7,full,lstm,regime_sym_conformal,fear,2706.0,0.8510716925351072,-0.09892830746489278,0.09892830746489278,0.1130820399113082,0.035846267553584624,0.1130820399113082,0.035846267553584624,0.1456318841531554,0.1464777661528453,0.2753601946913986,0.0033696565828214447,0.018318250275977183,0.0035143482844634255,-1.5052828078579283,0.95,373.2006530859476,0.0,1137.4810211289855,0.0
rs_future_7,full,lstm,regime_sym_conformal,greed,2436.0,0.8706896551724138,-0.07931034482758614,0.07931034482758614,0.05377668308702791,0.0755336617405583,0.05377668308702791,0.0755336617405583,0.1094621783722305,0.1083921007913425,0.17888888344580725,0.0017918816262738515,0.01599630809806091,0.002680340459871233,285202.0645169965,0.95,228.81893519580967,0.0,881.4433575733888,0.0
rs_future_7,full,lstm,regime_sym_conformal,neutral,3498.0,0.9073756432246999,-0.042624356775300076,0.042624356775300076,0.03430531732418525,0.058319039451114926,0.03430531732418525,0.058319039451114926,0.10798162896296515,0.09772852167219065,0.17250977186539357,0.0015808471251200587,0.013803080781843129,0.0027318971715146845,396108.9284804639,0.95,108.10301793724602,0.0,813.9137111428329,0.0
rs_future_7,full,lstm,sym_conformal,fear,2706.0,0.8532889874353289,-0.09671101256467107,0.09671101256467107,0.11012564671101256,0.036585365853658534,0.11012564671101256,0.036585365853658534,0.14510275868469047,0.1482120156288147,0.2732515617110323,0.003302168336334853,0.018318250275977183,0.0035291207064408582,-1.5052828078579283,0.95,358.8891562975364,0.0,1082.6692977975988,0.0
rs_future_7,full,lstm,sym_conformal,greed,2436.0,0.8969622331691297,-0.05303776683087025,0.05303776683087025,0.04597701149425287,0.057060755336617405,0.04597701149425287,0.057060755336617405,0.11148609104833893,0.1090636551380157,0.15727476211359614,0.0017531058677787378,0.01599630809806091,0.0021787631850610683,285202.0645169965,0.95,111.9336854878768,0.0,699.3353839859782,0.0
rs_future_7,full,lstm,sym_conformal,neutral,3498.0,0.9133790737564322,-0.03662092624356772,0.03662092624356772,0.02887364208118925,0.0577472841623785,0.02887364208118925,0.0577472841623785,0.10930442636786798,0.1015770770609378,0.16899216023551186,0.0014933846893068834,0.013803080781843129,0.0027314193165808185,396108.9284804639,0.95,81.81091054767512,0.0,840.143220622914,0.0
rs_future_7,full,rf,cqr,fear,2706.0,0.885809312638581,-0.06419068736141897,0.06419068736141897,0.09497413155949741,0.019216555801921657,0.09497413155949741,0.019216555801921657,0.1654869694337979,0.15405113572493662,0.21860534737382886,0.001839097580602066,0.016001830656178686,0.0036260361037435606,-1.596596059582189,0.95,174.98370450079983,0.0,858.5722011770799,0.0
rs_future_7,full,rf,cqr,greed,2436.0,0.965927750410509,0.01592775041050909,0.01592775041050909,0.024630541871921183,0.009441707717569787,0.024630541871921183,0.009441707717569787,0.11540872600104524,0.1091151337944969,0.13252510510745327,0.0010769873134557609,0.008958793306463087,0.0022361403142304756,-1.6499119229295671,0.95,14.579319384252926,0.00013438126940412687,187.6037135161339,0.0
rs_future_7,full,rf,cqr,neutral,3498.0,0.938822184105203,-0.011177815894796939,0.011177815894796939,0.031446540880503145,0.029731275014293884,0.031446540880503145,0.029731275014293884,0.1091740531298595,0.1035453713213586,0.1431548402036611,0.001014457081952172,0.008999604990471687,0.00256441392313926,-1.8347130642053053,0.95,8.615849339365013,0.0033325036618477855,533.8337152110314,0.0
rs_future_7,full,rf,raw_quantile,fear,2706.0,0.6966001478196601,-0.2533998521803399,0.2533998521803399,0.26274944567627495,0.04065040650406504,0.26274944567627495,0.04065040650406504,0.12246278009102642,0.10745688039725534,0.2911168605457124,0.0036395425087211307,0.016001830656178686,0.0036383790049215846,-1.596596059582189,0.95,1790.9288564424342,0.0,1400.5870182814,0.0
rs_future_7,full,rf,raw_quantile,greed,2436.0,0.8177339901477833,-0.1322660098522167,0.1322660098522167,0.12438423645320197,0.05788177339901478,0.12438423645320197,0.05788177339901478,0.0896925146526746,0.0870467500746145,0.16152694875871584,0.0013505714788738666,0.008958793306463087,0.0026876022400939364,-1.6499119229295671,0.95,551.2776691048962,0.0,801.0476311864402,0.0
rs_future_7,full,rf,raw_quantile,neutral,3498.0,0.7684391080617495,-0.18156089193825042,0.18156089193825042,0.16866781017724414,0.06289308176100629,0.16866781017724414,0.06289308176100629,0.07447858667946097,0.06898856028634405,0.17458405608156036,0.0016868994048377557,0.008999604990471687,0.00267770199720116,-1.8347130642053053,0.95,1342.915036610107,0.0,1211.5286946261017,0.0
rs_future_7,full,rf,regime_cqr,fear,2706.0,0.8795269770879527,-0.07047302291204727,0.07047302291204727,0.10125646711012565,0.019216555801921657,0.10125646711012565,0.019216555801921657,0.16540163223938706,0.15290838825682224,0.21838433337012572,0.001848688708718997,0.016001830656178686,0.003610919625534052,-1.596596059582189,0.95,206.4805767701837,0.0,874.5253297845281,0.0
rs_future_7,full,rf,regime_cqr,greed,2436.0,0.9470443349753694,-0.002955665024630516,0.002955665024630516,0.027914614121510674,0.02504105090311987,0.027914614121510674,0.02504105090311987,0.11035571187859261,0.103850159267942,0.13603420069841152,0.001022754961184538,0.008958793306463087,0.0023781000562756545,-1.6499119229295671,0.95,0.43989276137324396,0.5071742194152513,274.5177441970094,0.0
rs_future_7,full,rf,regime_cqr,neutral,3498.0,0.9342481417953116,-0.015751858204688385,0.015751858204688385,0.03430531732418525,0.031446540880503145,0.03430531732418525,0.031446540880503145,0.10767635597444825,0.1020615876228849,0.14294108650859155,0.0010046253365179447,0.008999604990471687,0.0025689018261967483,-1.8347130642053053,0.95,16.696565913601944,4.3860321519706424e-05,532.9666784498127,0.0
rs_future_7,full,rf,regime_sym_conformal,fear,2706.0,0.7912047302291205,-0.15879526977087943,0.15879526977087943,0.17479674796747968,0.03399852180339985,0.17479674796747968,0.03399852180339985,0.1327091655002366,0.1250332449831688,0.28877489067136874,0.004310599505347825,0.01777804763209467,0.002908772761436298,-1.5864203322208956,0.95,831.9440747692711,0.0,1377.5750477121971,0.0
rs_future_7,full,rf,regime_sym_conformal,greed,2436.0,0.8624794745484401,-0.08752052545155986,0.08752052545155986,0.07307060755336617,0.06444991789819376,0.07307060755336617,0.06444991789819376,0.08202870498467618,0.0877085890735525,0.15155181020092712,0.0017082893289877743,0.009994695335580811,0.002080505926035309,-1.6462311939132486,0.95,271.7466559124214,0.0,887.9032364476343,0.0
rs_future_7,full,rf,regime_sym_conformal,neutral,3498.0,0.9248141795311606,-0.025185820468839326,0.025185820468839326,0.02115494568324757,0.054030874785591765,0.02115494568324757,0.054030874785591765,0.10093972435625265,0.0933750613514264,0.14598315266140005,0.0011407292688047936,0.009799770487396805,0.0025088495477301113,-1.8343027511993184,0.95,40.732827944293604,1.7453039014014848e-10,811.7918677313764,0.0
rs_future_7,full,rf,sym_conformal,fear,2706.0,0.7989652623798965,-0.15103473762010344,0.15103473762010344,0.1670362158167036,0.03399852180339985,0.1670362158167036,0.03399852180339985,0.13335916026133304,0.1246126978773963,0.28063264236161245,0.004089962146781221,0.01777804763209467,0.0029258539122589944,-1.5864203322208956,0.95,765.2258385001865,0.0,1301.396062780833,0.0
rs_future_7,full,rf,sym_conformal,greed,2436.0,0.8920361247947455,-0.05796387520525448,0.05796387520525448,0.06486042692939245,0.04310344827586207,0.06486042692939245,0.04310344827586207,0.08980616102796077,0.0895913958053687,0.14532587455160956,0.0017732647363851205,0.009994695335580811,0.0018598821274050227,-1.6462311939132486,0.95,131.2969847589154,0.0,819.544547607792,0.0
rs_future_7,full,rf,sym_conformal,neutral,3498.0,0.9345340194396798,-0.015465980560320114,0.015465980560320114,0.018010291595197257,0.04745568896512293,0.018010291595197257,0.04745568896512293,0.10434738207883998,0.0945123059501302,0.1410418506352773,0.0011720881921040392,0.009799770487396805,0.002353958073777796,-1.8343027511993184,0.95,16.120056356746318,5.9451088389228524e-05,760.8036306955339,0.0
rs_future_7,full,ridge,cqr,fear,2706.0,0.8883961566888396,-0.06160384331116031,0.06160384331116031,0.09164818920916482,0.019955654101995565,0.09164818920916482,0.019955654101995565,0.1648380557493317,0.1680888843140898,0.2134809195771477,0.001538828380817502,0.011495189431582536,0.0037981946086110938,-1.6144891840001927,0.95,162.6226157953579,0.0,773.9389140549961,0.0
rs_future_7,full,ridge,cqr,greed,2436.0,0.9585385878489326,0.008538587848932688,0.008538587848932688,0.023399014778325122,0.0180623973727422,0.023399014778325122,0.0180623973727422,0.11459066606584854,0.1025756106573531,0.1289241187851964,0.0009482268115097021,0.00869361512506981,0.0022748761581201137,-1.6589603219188724,0.95,3.959905171975379,0.04659632824837889,274.15442955207004,0.0
rs_future_7,full,ridge,cqr,neutral,3498.0,0.9448256146369354,-0.005174385363064582,0.005174385363064582,0.025157232704402517,0.030017152658662092,0.025157232704402517,0.030017152658662092,0.11018398144840773,0.09619452477649029,0.13929955411646758,0.0009114874874770686,0.007753624841093702,0.0025710013654345267,-1.8278248914212567,0.95,1.9104265923676849,0.16691587979249645,423.1726072724073,0.0
rs_future_7,full,ridge,raw_quantile,fear,2706.0,0.7734663710273466,-0.17653362897265334,0.17653362897265334,0.15077605321507762,0.07575757575757576,0.15077605321507762,0.07575757575757576,0.1405862193267209,0.1512989635775783,0.2659399767814754,0.0017571120909845143,0.011495189431582536,0.004891387328552276,-1.6144891840001927,0.95,991.7701024495,0.0,1386.915388990685,0.0
rs_future_7,full,ridge,raw_quantile,greed,2436.0,0.9265188834154351,-0.023481116584564865,0.023481116584564865,0.03694581280788178,0.036535303776683084,0.03694581280788178,0.036535303776683084,0.10510714301669496,0.0862938747054299,0.1362662880811993,0.000882206304389765,0.00869361512506981,0.002524450897640123,-1.6589603219188724,0.95,24.85755618435269,6.172661497494403e-07,455.2253862340689,0.0
rs_future_7,full,ridge,raw_quantile,neutral,3498.0,0.9065180102915952,-0.04348198970840478,0.04348198970840478,0.05088622069754145,0.04259576901086335,0.05088622069754145,0.04259576901086335,0.09277799426773914,0.07730431142786505,0.1390400177875722,0.0007910652725113573,0.007753624841093702,0.0026849351721778534,-1.8278248914212567,0.95,112.10815437164001,0.0,551.7914166508808,0.0
rs_future_7,full,ridge,regime_cqr,fear,2706.0,0.8791574279379157,-0.07084257206208422,0.07084257206208422,0.1008869179600887,0.019955654101995565,0.1008869179600887,0.019955654101995565,0.16236213778713035,0.1667948711528386,0.21134668761936573,0.0015497408785022158,0.011495189431582536,0.0037339263119818326,-1.6144891840001927,0.95,208.39702253782252,0.0,778.3141078372284,0.0
rs_future_7,full,ridge,regime_cqr,greed,2436.0,0.9322660098522167,-0.017733990147783207,0.017733990147783207,0.031198686371100164,0.036535303776683084,0.031198686371100164,0.036535303776683084,0.1101239648450539,0.09681706763818154,0.13691542208243934,0.0009354903175653524,0.00869361512506981,0.0024873952344955357,-1.6589603219188724,0.95,14.587984352983995,0.00013376475312865121,478.90911168331763,0.0
rs_future_7,full,ridge,regime_cqr,neutral,3498.0,0.9468267581475128,-0.0031732418524871298,0.0031732418524871298,0.022298456260720412,0.030874785591766724,0.022298456260720412,0.030874785591766724,0.11035207053733365,0.09665169732026571,0.139386986382568,0.0009035667252837017,0.007753624841093702,0.002581107934280403,-1.8278248914212567,0.95,0.7271306851282588,0.39381482911402066,383.9200812009724,0.0
rs_future_7,full,ridge,regime_sym_conformal,fear,2706.0,0.8536585365853658,-0.09634146341463412,0.09634146341463412,0.056910569105691054,0.08943089430894309,0.056910569105691054,0.08943089430894309,0.12323671365802494,0.1160724303785384,0.30900074553750007,0.0022346750852156073,0.016664522426057544,0.005490343553221798,200725.83805706367,0.95,356.5244994312411,0.0,1035.5526068352808,0.0
rs_future_7,full,ridge,regime_sym_conformal,greed,2436.0,0.8698686371100164,-0.08013136288998357,0.08013136288998357,0.12397372742200329,0.006157635467980296,0.12397372742200329,0.006157635467980296,0.09589989099161385,0.0811416500397799,0.18536857157632639,0.0027559848073099007,0.013014572121607367,0.001878229482098164,-1.6327442861943715,0.95,232.98296796819113,0.0,793.2872007733781,0.0
rs_future_7,full,ridge,regime_sym_conformal,neutral,3498.0,0.8947970268724986,-0.05520297312750133,0.05520297312750133,0.045454545454545456,0.059748427672955975,0.045454545454545456,0.059748427672955975,0.0977221440738965,0.0850414354292256,0.17355639442107887,0.0015166432706081251,0.013035166157891898,0.002822266589918752,152553.2061992859,0.95,172.73187119070417,0.0,734.8126473126513,0.0
rs_future_7,full,ridge,sym_conformal,fear,2706.0,0.8636363636363636,-0.08636363636363631,0.08636363636363631,0.04212860310421286,0.0942350332594235,0.04212860310421286,0.0942350332594235,0.12538941725371422,0.1203596827737579,0.3059333285819154,0.0018978063137696176,0.016664522426057544,0.005750526900778171,200725.83805706367,0.95,294.9571759360583,0.0,1047.8364589635512,0.0
rs_future_7,full,ridge,sym_conformal,greed,2436.0,0.8706896551724138,-0.07931034482758614,0.07931034482758614,0.12315270935960591,0.006157635467980296,0.12315270935960591,0.006157635467980296,0.09796245208879106,0.0866933740819533,0.18669524294951556,0.0027702105871269594,0.013014572121607367,0.0018971704866108338,-1.6327442861943715,0.95,228.81893519580967,0.0,795.0940679073378,0.0
rs_future_7,full,ridge,sym_conformal,neutral,3498.0,0.906232132647227,-0.04376786735277294,0.04376786735277294,0.0357347055460263,0.05803316180674671,0.0357347055460263,0.05803316180674671,0.09879595893302287,0.08824247260041415,0.16957144280601766,0.0014121423847022088,0.013035166157891898,0.0028271436854481373,152553.2061992859,0.95,113.45671850517783,0.0,709.8089118891903,0.0
rs_future_7,price_onchain,gbr,cqr,fear,2706.0,0.9371766444937176,-0.01282335550628233,0.01282335550628233,0.05358462675535846,0.009238728750923873,0.05358462675535846,0.009238728750923873,0.16886602026471698,0.1640520480455689,0.1789925516226545,0.001278368168505831,0.011388625404772893,0.003196445622060436,-1.6286243681779786,0.95,8.69383839406828,0.0031928753097412166,750.4540688262663,0.0
rs_future_7,price_onchain,gbr,cqr,greed,2436.0,0.9995894909688013,0.049589490968801386,0.049589490968801386,0.00041050903119868636,0.0,0.00041050903119868636,0.0,0.1494507436090144,0.14589029688767613,0.14946299692089238,0.0010298233232105152,0.008671530115203276,0.0027067515998116976,-1.6428152701461567,0.95,238.193993522035,0.0,0.0008216727100531784,0.9771319032130145
rs_future_7,price_onchain,gbr,cqr,neutral,3498.0,0.9877072612921669,0.03770726129216695,0.03770726129216695,0.010005717552887363,0.002287021154945683,0.010005717552887363,0.002287021154945683,0.15261407221671952,0.15036896723465365,0.15497361022323966,0.000783702442396156,0.008062450811075721,0.0030906378131847403,-1.8476982767868264,0.95,148.30820441997918,0.0,91.20475039995148,0.0
rs_future_7,price_onchain,gbr,raw_quantile,fear,2706.0,0.9297856614929786,-0.020214338507021368,0.020214338507021368,0.06097560975609756,0.009238728750923873,0.06097560975609756,0.009238728750923873,0.16598186473773627,0.16294690561864783,0.17930828613457278,0.0013223134753910454,0.011388625404772893,0.0031603936779731777,-1.6286243681779786,0.95,20.793488750832694,5.115659233001502e-06,884.4347608675594,0.0
rs_future_7,price_onchain,gbr,raw_quantile,greed,2436.0,0.9995894909688013,0.049589490968801386,0.049589490968801386,0.00041050903119868636,0.0,0.00041050903119868636,0.0,0.14926010694970357,0.145854193930365,0.14927236026158155,0.0010274403649691297,0.008671530115203276,0.002704368641570312,-1.6428152701461567,0.95,238.193993522035,0.0,0.0008216727100531784,0.9771319032130145
rs_future_7,price_onchain,gbr,raw_quantile,neutral,3498.0,0.9871355060034306,0.03713550600343063,0.03713550600343063,0.010577472841623786,0.002287021154945683,0.010577472841623786,0.002287021154945683,0.15047391752625988,0.14884018219505657,0.15284794676856797,0.0007573127896601099,0.008062450811075721,0.0030638858795539953,-1.8476982767868264,0.95,142.63322148738177,0.0,87.65299280692307,0.0
rs_future_7,price_onchain,gbr,regime_cqr,fear,2706.0,0.9371766444937176,-0.01282335550628233,0.01282335550628233,0.05358462675535846,0.009238728750923873,0.05358462675535846,0.009238728750923873,0.168985596451928,0.1640520480455689,0.17911212780986555,0.0012798628708459688,0.011388625404772893,0.0031979403244005744,-1.6286243681779786,0.95,8.69383839406828,0.0031928753097412166,750.4540688262663,0.0
rs_future_7,price_onchain,gbr,regime_cqr,greed,2436.0,0.9995894909688013,0.049589490968801386,0.049589490968801386,0.00041050903119868636,0.0,0.00041050903119868636,0.0,0.1494507436090144,0.14589029688767613,0.14946299692089238,0.0010298233232105152,0.008671530115203276,0.0027067515998116976,-1.6428152701461567,0.95,238.193993522035,0.0,0.0008216727100531784,0.9771319032130145
rs_future_7,price_onchain,gbr,regime_cqr,neutral,3498.0,0.9877072612921669,0.03770726129216695,0.03770726129216695,0.010005717552887363,0.002287021154945683,0.010005717552887363,0.002287021154945683,0.15146349441472678,0.14908462845910941,0.1538230324212469,0.0007693202198712467,0.008062450811075721,0.0030762555906598318,-1.8476982767868264,0.95,148.30820441997918,0.0,91.20475039995148,0.0
rs_future_7,price_onchain,gbr,regime_sym_conformal,fear,2706.0,0.8152254249815225,-0.13477457501847745,0.13477457501847745,0.11603843311160385,0.06873614190687362,0.11603843311160385,0.06873614190687362,0.11825611788510695,0.0915098433172556,0.2715701483355115,0.0029024427068411796,0.01291378154040645,0.003886811001546512,-1.6186664857655015,0.95,632.0894115402575,0.0,1574.3221225540167,0.0
rs_future_7,price_onchain,gbr,regime_sym_conformal,greed,2436.0,0.8362068965517241,-0.11379310344827587,0.11379310344827587,0.0665024630541872,0.09729064039408868,0.0665024630541872,0.09729064039408868,0.07816479320593475,0.0752270325752003,0.14426839083402487,0.0013862469855659427,0.009373145314201902,0.002220462785284583,-1.6518125964111345,0.95,427.10665635835767,0.0,1028.985974549845,0.0
rs_future_7,price_onchain,gbr,regime_sym_conformal,neutral,3498.0,0.9102344196683819,-0.03976558033161803,0.03976558033161803,0.05603201829616924,0.033733562035448826,0.05603201829616924,0.033733562035448826,0.0974638208016008,0.0848462584126722,0.13649404007461363,0.0011269243815896404,0.010395313825730354,0.0022854266202756053,-1.8321842750302668,0.95,95.19766624318754,0.0,925.9896178325839,0.0
rs_future_7,price_onchain,gbr,sym_conformal,fear,2706.0,0.8207686622320769,-0.12923133776792306,0.12923133776792306,0.11049519586104951,0.06873614190687362,0.11049519586104951,0.06873614190687362,0.11859079953732339,0.0941400213367402,0.2701892796522136,0.002817496191311406,0.01291378154040645,0.00393723579999384,-1.6186664857655015,0.95,588.8424181145465,0.0,1532.827643512253,0.0
rs_future_7,price_onchain,gbr,sym_conformal,greed,2436.0,0.8694581280788177,-0.08054187192118223,0.08054187192118223,0.048440065681444995,0.08210180623973727,0.048440065681444995,0.08210180623973727,0.08026968215871279,0.0753326709101579,0.1397457803189608,0.001352752417794173,0.009373145314201902,0.0021408920901797505,-1.6518125964111345,0.95,235.0758736149553,0.0,903.2899292312089,0.0
rs_future_7,price_onchain,gbr,sym_conformal,neutral,3498.0,0.9150943396226415,-0.03490566037735843,0.03490566037735843,0.05546026300743282,0.02944539736992567,0.05546026300743282,0.02944539736992567,0.09972354540141364,0.0928714709826877,0.13709631188998447,0.0011572917937936497,0.010395313825730354,0.002270116003455867,-1.8321842750302668,0.95,74.87582206851857,0.0,874.6850190021589,0.0
rs_future_7,price_onchain,gru,cqr,fear,2706.0,0.9379157427937915,-0.012084257206208426,0.012084257206208426,0.043976348854397634,0.01810790835181079,0.043976348854397634,0.01810790835181079,0.17445240971366047,0.16575831919908518,0.2128595487273392,0.0018356209200714533,0.013273315946334447,0.0034858677981119313,-1.5039147250324898,0.95,7.751461094627757,0.005366910346302989,438.3764573778516,0.0
rs_future_7,price_onchain,gru,cqr,greed,2436.0,0.9597701149425287,0.009770114942528774,0.009770114942528774,0.012725779967159278,0.027504105090311988,0.012725779967159278,0.027504105090311988,0.1455833988802686,0.14229887794136564,0.16563622935856973,0.0014663830919147787,0.011545635103137296,0.002674522642049369,115134.91768460331,0.95,5.231008475171279,0.022187664324525125,187.61478821046057,0.0
rs_future_7,price_onchain,gru,cqr,neutral,3498.0,0.9439679817038308,-0.006032018296169173,0.006032018296169173,0.018296169239565466,0.03773584905660377,0.018296169239565466,0.03773584905660377,0.1374169367858283,0.13259973636174172,0.1724612236376019,0.0013102626407688832,0.010721938239576949,0.003001267950171069,50833.873950739275,0.95,2.583167425797683,0.10800534551994112,452.2366807752585,0.0
rs_future_7,price_onchain,gru,raw_quantile,fear,2706.0,0.8750923872875093,-0.07490761271249069,0.07490761271249069,0.07501847745750184,0.04988913525498891,0.07501847745750184,0.04988913525498891,0.1534717618926591,0.14874172210693354,0.24543255135954922,0.0020820936971235105,0.013273315946334447,0.004053720086865123,-1.5039147250324898,0.95,229.93311271218136,0.0,713.9063367079284,0.0
rs_future_7,price_onchain,gru,raw_quantile,greed,2436.0,0.8711001642036125,-0.07889983579638749,0.07889983579638749,0.027093596059113302,0.10180623973727422,0.027093596059113302,0.10180623973727422,0.127048045573865,0.1241098307073116,0.23930576079809396,0.00150438154277841,0.011545635103137296,0.004478262477173843,115134.91768460331,0.95,226.74784723848006,0.0,672.9337787087743,0.0
rs_future_7,price_onchain,gru,raw_quantile,neutral,3498.0,0.8747855917667239,-0.07521440823327608,0.07521440823327608,0.040880503144654086,0.08433390508862207,0.040880503144654086,0.08433390508862207,0.11990848042336041,0.11667090188711875,0.21314296032084676,0.0014989680939968514,0.010721938239576949,0.0038296059140242216,50833.873950739275,0.95,299.3749894194834,0.0,720.8766356112101,0.0
rs_future_7,price_onchain,gru,regime_cqr,fear,2706.0,0.9445676274944568,-0.0054323725055431815,0.0054323725055431815,0.038802660753880266,0.01662971175166297,0.038802660753880266,0.01662971175166297,0.17666135182298823,0.1682540457695722,0.21134780201680559,0.0018292164213153971,0.013273315946334447,0.0034544786291046464,-1.5039147250324898,0.95,1.6264471763422534,0.2021951590493063,372.17718669963597,0.0
rs_future_7,price_onchain,gru,regime_cqr,greed,2436.0,0.9523809523809523,0.0023809523809523725,0.0023809523809523725,0.013136288998357963,0.034482758620689655,0.013136288998357963,0.034482758620689655,0.14398592024734883,0.13907307013869286,0.1679800291662458,0.0014578325788287847,0.011545635103137296,0.002741668150327264,115134.91768460331,0.95,0.2952061247617621,0.5869034764909742,207.8990002530628,0.0
rs_future_7,price_onchain,gru,regime_cqr,neutral,3498.0,0.9405374499714122,-0.009462550028587757,0.009462550028587757,0.018010291595197257,0.04145225843339051,0.018010291595197257,0.04145225843339051,0.13748068944139513,0.1328533142805099,0.1738089333667079,0.001310319586527069,0.010721938239576949,0.0030349037476405326,50833.873950739275,0.95,6.2334535337411126,0.012535901761528079,459.90780750871045,0.0
rs_future_7,price_onchain,gru,regime_sym_conformal,fear,2706.0,0.9053954175905395,-0.044604582409460414,0.044604582409460414,0.045454545454545456,0.049150036954915,0.045454545454545456,0.049150036954915,0.13842380823382508,0.1344766478581605,0.2250941560311891,0.002141627242611905,0.014910719997883124,0.003485726658167726,55883.66384200273,0.95,90.85161662143378,0.0,679.7068202604535,0.0
rs_future_7,price_onchain,gru,regime_sym_conformal,greed,2436.0,0.8657635467980296,-0.08423645320197037,0.08423645320197037,0.07307060755336617,0.06116584564860427,0.07307060755336617,0.06116584564860427,0.1091782800098404,0.1063061103101192,0.19465025364052643,0.00229361697440132,0.01377869683350284,0.0025726393666117443,52795.62310424994,0.95,254.2352499985475,0.0,705.9093837124319,0.0
rs_future_7,price_onchain,gru,regime_sym_conformal,neutral,3498.0,0.9133790737564322,-0.03662092624356772,0.03662092624356772,0.04774156660949114,0.03887935963407661,0.04774156660949114,0.03887935963407661,0.11501724706354753,0.1096293172510649,0.17305285995333836,0.0017424221210499983,0.012784615179143116,0.0025838993777833642,150726.9991025802,0.95,81.81091054767512,0.0,722.5975834739706,0.0
rs_future_7,price_onchain,gru,sym_conformal,fear,2706.0,0.9039172209903917,-0.04608277900960822,0.04608277900960822,0.04582409460458241,0.05025868440502587,0.04582409460458241,0.05025868440502587,0.13787648346101627,0.1344766393303871,0.22907903441576571,0.0021556469205946498,0.014910719997883124,0.0035713289397993958,55883.66384200273,0.95,96.40651275021742,0.0,695.0420273552442,0.0
rs_future_7,price_onchain,gru,sym_conformal,greed,2436.0,0.8788998357963875,-0.07110016420361243,0.07110016420361243,0.069376026272578,0.05172413793103448,0.069376026272578,0.05172413793103448,0.11183647031334572,0.1066572926938533,0.1904992402506014,0.0023001907222392134,0.01377869683350284,0.0024622902840257255,52795.62310424994,0.95,188.80979228713568,0.0,657.4451641678359,0.0
rs_future_7,price_onchain,gru,sym_conformal,neutral,3498.0,0.91852487135506,-0.031475128644939954,0.031475128644939954,0.043167524299599774,0.038307604345340196,0.043167524299599774,0.038307604345340196,0.11561151714638733,0.1096050776541233,0.16939465462495243,0.0016530149928278219,0.012784615179143116,0.002581851372795893,150726.9991025802,0.95,61.80540366429409,3.774758283725532e-15,644.1899235306239,0.0
rs_future_7,price_onchain,har_ols,cqr,fear,2706.0,0.8603104212860311,-0.08968957871396888,0.08968957871396888,0.082039911308204,0.057649667405764965,0.082039911308204,0.057649667405764965,0.13372189286259506,0.1270970613001992,0.2235519755151189,0.0019892160912531047,0.011527149192717046,0.003599583296624776,-1.6048991365312024,0.95,314.9846505247169,0.0,959.8425521241052,0.0
rs_future_7,price_onchain,har_ols,cqr,greed,2436.0,0.9605911330049262,0.010591133004926201,0.010591133004926201,0.012315270935960592,0.027093596059113302,0.012315270935960592,0.027093596059113302,0.14681953670901338,0.14403234285811095,0.16048724073696294,0.0010053374092377915,0.00818279511276235,0.003006843609186188,-1.64917906030832,0.95,6.184394445378302,0.012888180065585453,207.7933114244421,0.0
rs_future_7,price_onchain,har_ols,cqr,neutral,3498.0,0.9056603773584906,-0.04433962264150937,0.04433962264150937,0.010291595197255575,0.08404802744425385,0.010291595197255575,0.08404802744425385,0.10195323413885553,0.1000642286718059,0.14298324402077472,0.0008986674243005933,0.008087616151124967,0.0026759136762186764,-1.8232856520068295,0.95,116.17401389341285,0.0,449.63531417748845,0.0
rs_future_7,price_onchain,har_ols,raw_quantile,fear,2706.0,0.7627494456762749,-0.18725055432372506,0.18725055432372506,0.14412416851441243,0.09312638580931264,0.14412416851441243,0.09312638580931264,0.10772625035634693,0.1069032705669076,0.2674248391919356,0.002383068828519472,0.011527149192717046,0.004302552151278825,-1.6048991365312024,0.95,1093.0787021731126,0.0,1020.9756217410904,0.0
rs_future_7,price_onchain,har_ols,raw_quantile,greed,2436.0,0.9334975369458128,-0.016502463054187122,0.016502463054187122,0.019704433497536946,0.046798029556650245,0.019704433497536946,0.046798029556650245,0.12978888872238437,0.1241236985642949,0.16443509178170007,0.0008217859758654911,0.00818279511276235,0.003289091318676919,-1.64917906030832,0.95,12.71237122670891,0.0003632445441572596,176.58459735473025,0.0
rs_future_7,price_onchain,har_ols,raw_quantile,neutral,3498.0,0.7787307032590052,-0.17126929674099478,0.17126929674099478,0.08061749571183534,0.14065180102915953,0.08061749571183534,0.14065180102915953,0.07869764347637405,0.0766857779993345,0.18172756105477234,0.0009199944168681722,0.008087616151124967,0.0036231946095010422,-1.8232856520068295,0.95,1219.38500845804,0.0,576.2454976998615,0.0
rs_future_7,price_onchain,har_ols,regime_cqr,fear,2706.0,0.8625277161862528,-0.08747228381374716,0.08747228381374716,0.082039911308204,0.05543237250554324,0.082039911308204,0.05543237250554324,0.13562222309860267,0.1284682776570473,0.22345798794538024,0.002015975539116315,0.011527149192717046,0.003570474159518098,-1.6048991365312024,0.95,301.57702682121453,0.0,940.9658362718776,0.0
rs_future_7,price_onchain,har_ols,regime_cqr,greed,2436.0,0.9556650246305419,0.0056650246305419705,0.0056650246305419705,0.012315270935960592,0.03201970443349754,0.012315270935960592,0.03201970443349754,0.1433774429176891,0.1404835539987349,0.16252758226173328,0.0009622771205393012,0.00818279511276235,0.0031009124360039378,-1.64917906030832,0.95,1.7083171679885254,0.191203854993801,221.20192915137318,0.0
rs_future_7,price_onchain,har_ols,regime_cqr,neutral,3498.0,0.9073756432246999,-0.042624356775300076,0.042624356775300076,0.008576329331046312,0.08404802744425385,0.008576329331046312,0.08404802744425385,0.10448483626984874,0.1026946257438644,0.14549739276879856,0.0009293970861405866,0.008087616151124967,0.002708037733079281,-1.8232856520068295,0.95,108.10301793724602,0.0,465.7067084694545,0.0
rs_future_7,price_onchain,har_ols,regime_sym_conformal,fear,2706.0,0.9312638580931264,-0.01873614190687356,0.01873614190687356,0.026607538802660754,0.04212860310421286,0.026607538802660754,0.04212860310421286,0.12891333927993456,0.128178489920396,0.19576433619040243,0.0018925522510180206,0.012166280217817958,0.0030015561537419387,-1.601005582184085,0.95,17.996352993484834,2.213285915420027e-05,553.8463261607376,0.0
rs_future_7,price_onchain,har_ols,regime_sym_conformal,greed,2436.0,0.8399014778325123,-0.11009852216748761,0.11009852216748761,0.11083743842364532,0.04926108374384237,0.11083743842364532,0.04926108374384237,0.09450303205852144,0.1093296292149345,0.19284792632689032,0.002900861968177465,0.010325101303874153,0.001920336189994698,-1.6331080932377826,0.95,403.69590798907575,0.0,1089.6528384550902,0.0
rs_future_7,price_onchain,har_ols,regime_sym_conformal,neutral,3498.0,0.9176672384219554,-0.032332761578044544,0.032332761578044544,0.024013722126929673,0.058319039451114926,0.024013722126929673,0.058319039451114926,0.1001042687668882,0.0979578165666391,0.1541430716570423,0.0013375507015706701,0.009145893614423212,0.002516026089855294,-1.8008388990866269,0.95,64.97148118243581,7.771561172376096e-16,711.0420780282084,0.0
rs_future_7,price_onchain,har_ols,sym_conformal,fear,2706.0,0.9223946784922394,-0.027605321507760516,0.027605321507760516,0.031042128603104215,0.04656319290465632,0.031042128603104215,0.04656319290465632,0.12608834207601818,0.1263793888728883,0.2007430521394925,0.0018789758139260624,0.012166280217817958,0.0031396004895611496,-1.601005582184085,0.95,37.429444136613256,9.47803835416039e-10,554.2130357896924,0.0
rs_future_7,price_onchain,har_ols,sym_conformal,greed,2436.0,0.8497536945812808,-0.10024630541871915,0.10024630541871915,0.10591133004926108,0.04433497536945813,0.10591133004926108,0.04433497536945813,0.09626680008828002,0.099724892754938,0.18682706448879594,0.002828362710159354,0.010325101303874153,0.0018423139020604506,-1.6331080932377826,0.95,343.71122451103156,0.0,964.0633629565405,0.0
rs_future_7,price_onchain,har_ols,sym_conformal,neutral,3498.0,0.9176672384219554,-0.032332761578044544,0.032332761578044544,0.024013722126929673,0.058319039451114926,0.024013722126929673,0.058319039451114926,0.10126556843237529,0.0979578165666391,0.1540430431684079,0.0013168224211450984,0.009145893614423212,0.0025342536580650055,-1.8008388990866269,0.95,64.97148118243581,7.771561172376096e-16,711.0420780282084,0.0
rs_future_7,price_onchain,lstm,cqr,fear,2706.0,0.9334811529933481,-0.01651884700665185,0.01651884700665185,0.04434589800443459,0.022172949002217297,0.04434589800443459,0.022172949002217297,0.1921945439906605,0.1888006051363757,0.25716032894453544,0.0024760869300878914,0.01544370951638686,0.0039529212935254,49273.17685135899,0.95,14.148233498613763,0.0001689556735234854,544.6498812389784,0.0
rs_future_7,price_onchain,lstm,cqr,greed,2436.0,0.9343185550082101,-0.015681444991789806,0.015681444991789806,0.017241379310344827,0.048440065681444995,0.017241379310344827,0.048440065681444995,0.14405141687800177,0.13345479855294917,0.19319905181347555,0.001541814321090536,0.01415520906365488,0.003288161974246256,256371.54061889843,0.95,11.527964766306695,0.0006855702805105279,416.02563321510354,0.0
rs_future_7,price_onchain,lstm,cqr,neutral,3498.0,0.9548313321898227,0.00483133218982279,0.00483133218982279,0.015437392795883362,0.029731275014293884,0.015437392795883362,0.029731275014293884,0.14578023841160329,0.14121088385581965,0.17492387497650513,0.001257206356568467,0.011834356862091598,0.003115890517844066,150163.03741368788,0.95,1.7740872454867258,0.18287705804220555,335.75865352120513,0.0
rs_future_7,price_onchain,lstm,raw_quantile,fear,2706.0,0.8883961566888396,-0.06160384331116031,0.06160384331116031,0.0679970436067997,0.04360679970436068,0.0679970436067997,0.04360679970436068,0.1664869486042302,0.16072242520749566,0.28824866013553824,0.0030937030106371315,0.01544370951638686,0.0041125134927512295,49273.17685135899,0.95,162.6226157953579,0.0,662.7586927221173,0.0
rs_future_7,price_onchain,lstm,raw_quantile,greed,2436.0,0.84688013136289,-0.10311986863710998,0.10311986863710998,0.03858784893267652,0.1145320197044335,0.03858784893267652,0.1145320197044335,0.12159206678048849,0.11521520558744666,0.28572025663504114,0.001858111112366754,0.01415520906365488,0.0052848953035091765,256371.54061889843,0.95,360.8327150418568,0.0,814.498940016161,0.0
rs_future_7,price_onchain,lstm,raw_quantile,neutral,3498.0,0.8967981703830761,-0.05320182961692388,0.05320182961692388,0.043167524299599774,0.060034305317324184,0.043167524299599774,0.060034305317324184,0.12620200671765044,0.12170244194567201,0.20441564484425123,0.0015070687664627102,0.011834356862091598,0.0036033223546434756,150163.03741368788,0.95,161.62924817061048,0.0,675.6237879161122,0.0
rs_future_7,price_onchain,lstm,regime_cqr,fear,2706.0,0.9327420546932742,-0.017257945306725753,0.017257945306725753,0.045454545454545456,0.02180339985218034,0.045454545454545456,0.02180339985218034,0.1917272911713598,0.18794540275058225,0.25668923121988296,0.0024735483071197197,0.01544370951638686,0.003943682473377261,49273.17685135899,0.95,15.38397192848447,8.772929362432791e-05,535.8710879404748,0.0
rs_future_7,price_onchain,lstm,regime_cqr,greed,2436.0,0.9244663382594417,-0.025533661740558267,0.025533661740558267,0.01929392446633826,0.056239737274220034,0.01929392446633826,0.056239737274220034,0.14317653420075238,0.13303936908019895,0.20094449452602345,0.0015424613412685566,0.01415520906365488,0.0034811510218819316,256371.54061889843,0.95,29.1073533559304,6.847658573505555e-08,470.0741129626783,0.0
rs_future_7,price_onchain,lstm,regime_cqr,neutral,3498.0,0.956546598056032,0.0065465980560320824,0.0065465980560320824,0.01400800457404231,0.02944539736992567,0.01400800457404231,0.02944539736992567,0.1453662595018802,0.14100621329469537,0.1747463611085611,0.0012531365134526666,0.011834356862091598,0.003115522514261265,150163.03741368788,0.95,3.295952422631899,0.06945081986388724,314.35348979621097,0.0
rs_future_7,price_onchain,lstm,regime_sym_conformal,fear,2706.0,0.8599408721359941,-0.09005912786400583,0.09005912786400583,0.10606060606060606,0.03399852180339985,0.10606060606060606,0.03399852180339985,0.15036034132641932,0.1459103552459935,0.2840769274187982,0.0034663459286034927,0.01790957649009292,0.0036355772568663664,4433.557636529646,0.95,317.2408600442009,0.0,971.4514626013352,0.0
rs_future_7,price_onchain,lstm,regime_sym_conformal,greed,2436.0,0.8411330049261084,-0.10886699507389153,0.10886699507389153,0.07963875205254516,0.07922824302134647,0.07963875205254516,0.07922824302134647,0.10981293272825204,0.1039089528121823,0.2276432167772854,0.003075736813786124,0.015256178673749383,0.002615343605645916,114803.01389249442,0.95,396.0017783603075,0.0,805.6832408356324,0.0
rs_future_7,price_onchain,lstm,regime_sym_conformal,neutral,3498.0,0.9130931961120641,-0.03690680388793588,0.03690680388793588,0.037164093767867355,0.04974271012006861,0.037164093767867355,0.04974271012006861,0.12073322064548332,0.11749885676502815,0.18373079961033525,0.0017444400250992403,0.014663900669301674,0.0028488299651590436,303029.6107794107,0.95,82.99217911039477,0.0,726.4937305087572,0.0
rs_future_7,price_onchain,lstm,sym_conformal,fear,2706.0,0.8592017738359202,-0.09079822616407973,0.09079822616407973,0.10606060606060606,0.03473762010347376,0.10606060606060606,0.03473762010347376,0.15051331665196177,0.14630074054002756,0.28246930009529425,0.003411525864296128,0.01790957649009292,0.0036502066380861317,4433.557636529646,0.95,321.7716751458411,0.0,1020.9222042647143,0.0
rs_future_7,price_onchain,lstm,sym_conformal,greed,2436.0,0.8653530377668309,-0.08464696223316903,0.08464696223316903,0.07389162561576355,0.060755336617405585,0.07389162561576355,0.060755336617405585,0.11483756990335596,0.110551930963993,0.21606662105091928,0.0030046048863154426,0.015256178673749383,0.002397060639957444,114803.01389249442,0.95,256.39963916244596,0.0,755.4795030221917,0.0
rs_future_7,price_onchain,lstm,sym_conformal,neutral,3498.0,0.9165237278444825,-0.033476272155517406,0.033476272155517406,0.036020583190394515,0.04745568896512293,0.036020583190394515,0.04745568896512293,0.12103383456079393,0.11742075532674785,0.18519784254309218,0.0017948833231985297,0.014663900669301674,0.002835062740378679,303029.6107794107,0.95,69.29875374848643,1.1102230246251565e-16,727.0588016513557,0.0
rs_future_7,price_onchain,rf,cqr,fear,2706.0,0.8536585365853658,-0.09634146341463412,0.09634146341463412,0.10273466371027347,0.04360679970436068,0.10273466371027347,0.04360679970436068,0.14866409269559214,0.12905352561836136,0.22128317897597852,0.0017515090495908376,0.011833673098226142,0.003780570424808533,-1.6318834500110486,0.95,356.5244994312411,0.0,869.1774744654208,0.0
rs_future_7,price_onchain,rf,cqr,greed,2436.0,0.9466338259441708,-0.003366174055829174,0.003366174055829174,0.01600985221674877,0.03735632183908046,0.01600985221674877,0.03735632183908046,0.1035292750425118,0.09675481218846099,0.12866789869989972,0.0011283281687189508,0.008346566708234393,0.002088369298778446,-1.6539057103958348,0.95,0.5691545225146228,0.4505950823188952,352.88870276875525,0.0
rs_future_7,price_onchain,rf,cqr,neutral,3498.0,0.9090909090909091,-0.040909090909090895,0.040909090909090895,0.04516866781017725,0.045740423098913664,0.04516866781017725,0.045740423098913664,0.10017141403095157,0.0933889351346848,0.14365075032107738,0.0012019622882081273,0.008469409820038767,0.002389306469818713,-1.8469165941402879,0.95,100.27694122988942,0.0,897.7898477623203,0.0
rs_future_7,price_onchain,rf,raw_quantile,fear,2706.0,0.6156688839615669,-0.334331116038433,0.334331116038433,0.3089430894308943,0.07538802660753881,0.3089430894308943,0.07538802660753881,0.08566421209057672,0.06314282446947844,0.3436902800021829,0.004242826894619457,0.011833673098226142,0.0043494301054350214,-1.6318834500110486,0.95,2796.8574620082163,0.0,1186.61575355773,0.0
rs_future_7,price_onchain,rf,raw_quantile,greed,2436.0,0.7101806239737274,-0.23981937602627257,0.23981937602627257,0.17980295566502463,0.11001642036124795,0.17980295566502463,0.11001642036124795,0.057825626405615754,0.047257624772764656,0.2010809948759361,0.0015126235933526353,0.008346566708234393,0.0035144012785456773,-1.6539057103958348,0.95,1474.554095242605,0.0,866.108086784378,0.0
rs_future_7,price_onchain,rf,raw_quantile,neutral,3498.0,0.5617495711835334,-0.38825042881646654,0.38825042881646654,0.351915380217267,0.08633504859919955,0.351915380217267,0.08633504859919955,0.04390027635436248,0.03646773558696925,0.22785411822344268,0.0028929575554961767,0.008469409820038767,0.0028033954000898018,-1.8469165941402879,0.95,4590.728206365284,0.0,1194.3339636956753,0.0
rs_future_7,price_onchain,rf,regime_cqr,fear,2706.0,0.8484848484848485,-0.10151515151515145,0.10151515151515145,0.10790835181079084,0.04360679970436068,0.10790835181079084,0.04360679970436068,0.1487834701422792,0.12642273069410115,0.21947566932274273,0.0017950236180159498,0.011833673098226142,0.003691868115052526,-1.6318834500110486,0.95,390.1625484058118,0.0,871.5558045475252,0.0
rs_future_7,price_onchain,rf,regime_cqr,greed,2436.0,0.9256978653530378,-0.02430213464696218,0.02430213464696218,0.019704433497536946,0.05459770114942529,0.019704433497536946,0.05459770114942529,0.09805627035917497,0.0933532759811158,0.13731172406979872,0.001082873539390062,0.008346566708234393,0.002349919562354809,-1.6539057103958348,0.95,26.521724608772956,2.605910329744887e-07,465.66170384050054,0.0
rs_future_7,price_onchain,rf,regime_cqr,neutral,3498.0,0.9093767867352773,-0.040623213264722624,0.040623213264722624,0.045740423098913664,0.04488279016580903,0.045740423098913664,0.04488279016580903,0.09799151661382002,0.09023991596013076,0.14226757976929527,0.0011779068787705503,0.008469409820038767,0.002378782615461737,-1.8469165941402879,0.95,98.99669584555932,0.0,902.5605378571495,0.0
rs_future_7,price_onchain,rf,regime_sym_conformal,fear,2706.0,0.8499630450849963,-0.10003695491500364,0.10003695491500364,0.08462675535846267,0.06541019955654102,0.08462675535846267,0.06541019955654102,0.12123910475119952,0.0901587375528361,0.25485810463211456,0.0027027806423953063,0.012952221007247702,0.003668671973407462,-1.6267457472262583,0.95,380.4352858737593,0.0,1171.452744687346,0.0
rs_future_7,price_onchain,rf,regime_sym_conformal,greed,2436.0,0.8390804597701149,-0.11091954022988504,0.11091954022988504,0.07101806239737274,0.08990147783251232,0.07101806239737274,0.08990147783251232,0.0823870365384154,0.0777509805190202,0.1639773648911862,0.0017940800945086361,0.00911441750610435,0.002305354027770923,-1.6513088498572142,0.95,408.85587767048855,0.0,908.1382850345403,0.0
rs_future_7,price_onchain,rf,regime_sym_conformal,neutral,3498.0,0.9222412807318467,-0.02775871926815321,0.02775871926815321,0.026300743281875358,0.051457975986277875,0.026300743281875358,0.051457975986277875,0.09926465370051434,0.0947438415870901,0.14564156110804063,0.0011116346679463018,0.009019577134289945,0.0025294043597546205,-1.8442069613782908,0.95,48.888978875966586,2.708722135480457e-12,753.1144779721594,0.0
rs_future_7,price_onchain,rf,sym_conformal,fear,2706.0,0.8495934959349594,-0.10040650406504059,0.10040650406504059,0.08499630450849963,0.06541019955654102,0.08499630450849963,0.06541019955654102,0.12100031475555871,0.0901587375528361,0.2572668511162377,0.002717689333228163,0.012952221007247702,0.003713981944677683,-1.6267457472262583,0.95,382.85843722755726,0.0,1174.5396589989452,0.0
rs_future_7,price_onchain,rf,sym_conformal,greed,2436.0,0.8776683087027914,-0.07233169129720851,0.07233169129720851,0.050492610837438424,0.07183908045977011,0.050492610837438424,0.07183908045977011,0.08721796816452326,0.0844170499537522,0.15482462942401798,0.0017825017611649812,0.00911441750610435,0.0020881139744353713,-1.6513088498572142,0.95,194.61871975525924,0.0,844.3700715286661,0.0
rs_future_7,price_onchain,rf,sym_conformal,neutral,3498.0,0.9268153230417381,-0.023184676958261874,0.023184676958261874,0.02058319039451115,0.052601486563750716,0.02058319039451115,0.052601486563750716,0.1005840381520717,0.0865224409634678,0.14372405925380805,0.0011133004634108336,0.009019577134289945,0.002479801017934273,-1.8442069613782908,0.95,34.848627699348754,3.563606520984308e-09,754.2379849259119,0.0
rs_future_7,price_onchain,ridge,cqr,fear,2706.0,0.9512195121951219,0.0012195121951219523,0.0012195121951219523,0.04878048780487805,0.0,0.04878048780487805,0.0,0.18249658850533443,0.1830584745095261,0.1914859334677312,0.0013834513243842679,0.010459255724870786,0.0034036970123089154,-1.63563085062832,0.95,0.08538466489540042,0.7701287077857653,735.0704969802846,0.0
rs_future_7,price_onchain,ridge,cqr,greed,2436.0,1.0,0.050000000000000044,0.050000000000000044,0.0,0.0,0.0,0.0,0.17405407166638903,0.1701994922257155,0.17405407166638903,0.0011202359598764377,0.00801843285602263,0.0032311158317831906,-1.651164389287567,0.95,249.90088153614593,0.0,-0.0,1.0
rs_future_7,price_onchain,ridge,cqr,neutral,3498.0,0.9914236706689536,0.041423670668953694,0.041423670668953694,0.008576329331046312,0.0,0.008576329331046312,0.0,0.17683275804408227,0.1774655942765861,0.17760166302324465,0.0008363840837814202,0.007167614185067935,0.003603657491799599,-1.8528534271534012,0.95,190.24729843490172,0.0,79.57837866365145,0.0
rs_future_7,price_onchain,ridge,raw_quantile,fear,2706.0,0.9512195121951219,0.0012195121951219523,0.0012195121951219523,0.04878048780487805,0.0,0.04878048780487805,0.0,0.1822532673929369,0.1830584745095261,0.19316772796815587,0.001428537700799854,0.010459255724870786,0.003400655498403947,-1.63563085062832,0.95,0.08538466489540042,0.7701287077857653,735.0704969802846,0.0
rs_future_7,price_onchain,ridge,raw_quantile,greed,2436.0,1.0,0.050000000000000044,0.050000000000000044,0.0,0.0,0.0,0.0,0.1738110710606844,0.1701994922257155,0.1738110710606844,0.0011171984523051302,0.00801843285602263,0.0032280783242118823,-1.651164389287567,0.95,249.90088153614593,0.0,-0.0,1.0
rs_future_7,price_onchain,ridge,raw_quantile,neutral,3498.0,0.9914236706689536,0.041423670668953694,0.041423670668953694,0.008576329331046312,0.0,0.008576329331046312,0.0,0.17503489343379824,0.1758625748275243,0.17580379841296065,0.0008139107761528715,0.007167614185067935,0.003581184184171049,-1.8528534271534012,0.95,190.24729843490172,0.0,79.57837866365145,0.0
rs_future_7,price_onchain,ridge,regime_cqr,fear,2706.0,0.9512195121951219,0.0012195121951219523,0.0012195121951219523,0.04878048780487805,0.0,0.04878048780487805,0.0,0.18249793114141014,0.1830584745095261,0.19148727610380692,0.0013834681073352137,0.010459255724870786,0.003403713795259862,-1.63563085062832,0.95,0.08538466489540042,0.7701287077857653,735.0704969802846,0.0
rs_future_7,price_onchain,ridge,regime_cqr,greed,2436.0,1.0,0.050000000000000044,0.050000000000000044,0.0,0.0,0.0,0.0,0.17405407166638903,0.1701994922257155,0.17405407166638903,0.0011202359598764377,0.00801843285602263,0.0032311158317831906,-1.651164389287567,0.95,249.90088153614593,0.0,-0.0,1.0
rs_future_7,price_onchain,ridge,regime_cqr,neutral,3498.0,0.9914236706689536,0.041423670668953694,0.041423670668953694,0.008576329331046312,0.0,0.008576329331046312,0.0,0.17536614032320288,0.1771483936216242,0.17613504530236526,0.000818051362270429,0.007167614185067935,0.003585324770288607,-1.8528534271534012,0.95,190.24729843490172,0.0,79.57837866365145,0.0
rs_future_7,price_onchain,ridge,regime_sym_conformal,fear,2706.0,0.9024390243902439,-0.04756097560975603,0.04756097560975603,0.04656319290465632,0.050997782705099776,0.04656319290465632,0.050997782705099776,0.12144997142560059,0.1091061786633094,0.20415768611622293,0.0018378562694850635,0.011254548977240467,0.0032660858834204125,-1.6427514395894784,0.95,102.09757324728389,0.0,668.574915761327,0.0
rs_future_7,price_onchain,ridge,regime_sym_conformal,greed,2436.0,0.8399014778325123,-0.11009852216748761,0.11009852216748761,0.10344827586206896,0.05665024630541872,0.10344827586206896,0.05665024630541872,0.09244241379194588,0.0926465593504773,0.18188849578287503,0.002587932992663056,0.009827110240027694,0.001959279401908724,-1.6445554561575366,0.95,403.69590798907575,0.0,935.2273383552313,0.0
rs_future_7,price_onchain,ridge,regime_sym_conformal,neutral,3498.0,0.9108061749571184,-0.0391938250428816,0.0391938250428816,0.030874785591766724,0.058319039451114926,0.030874785591766724,0.058319039451114926,0.10180394273446551,0.1012608245373238,0.1624315706321326,0.0014067402384472804,0.00894087066258393,0.002654049027355939,-1.8114925296939377,0.95,92.69993457556211,0.0,757.5340975731658,0.0
rs_future_7,price_onchain,ridge,sym_conformal,fear,2706.0,0.8980044345898004,-0.05199556541019956,0.05199556541019956,0.04434589800443459,0.057649667405764965,0.04434589800443459,0.057649667405764965,0.12004684119712966,0.1018618626533844,0.20640860360838703,0.0018147155073351706,0.011254548977240467,0.0033454995828744085,-1.6427514395894784,0.95,119.9695813365638,0.0,664.4271929121021,0.0
rs_future_7,price_onchain,ridge,sym_conformal,greed,2436.0,0.8817733990147784,-0.0682266009852216,0.0682266009852216,0.0812807881773399,0.03694581280788178,0.0812807881773399,0.03694581280788178,0.09663577944794952,0.1042995315620324,0.16838150222558323,0.0024843889135463563,0.009827110240027694,0.0017251486420931294,-1.6445554561575366,0.95,175.52668053672778,0.0,715.6577962884867,0.0
rs_future_7,price_onchain,ridge,sym_conformal,neutral,3498.0,0.9176672384219554,-0.032332761578044544,0.032332761578044544,0.024013722126929673,0.058319039451114926,0.024013722126929673,0.058319039451114926,0.10260103849536498,0.104151969706107,0.1595234961112246,0.0013635467011623619,0.00894087066258393,0.002624540701618157,-1.8114925296939377,0.95,64.97148118243581,7.771561172376096e-16,711.0420780282084,0.0
rs_future_7,price_only,gbr,cqr,fear,2706.0,0.9382852919438285,-0.011714708056171474,0.011714708056171474,0.04841093865484109,0.013303769401330377,0.04841093865484109,0.013303769401330377,0.16013133426390913,0.15410260384443364,0.17522462590669655,0.0012823437766091017,0.011046868519284802,0.0030982718710582187,-1.6276119393420998,0.95,7.299276659839052,0.0068982376146036195,701.6293085672986,0.0
rs_future_7,price_only,gbr,cqr,greed,2436.0,0.9983579638752053,0.0483579638752053,0.0483579638752053,0.0016420361247947454,0.0,0.0016420361247947454,0.0,0.14303026735367316,0.14179580272125,0.14311021006986455,0.001006891777131635,0.008254217825781307,0.002570863474614883,-1.6462606291419697,0.95,214.16846769029598,0.0,0.013163233220659265,0.9086582351204179
rs_future_7,price_only,gbr,cqr,neutral,3498.0,0.9865637507146942,0.0365637507146942,0.0365637507146942,0.010005717552887363,0.003430531732418525,0.010005717552887363,0.003430531732418525,0.14333432614461006,0.14050093937700026,0.14719832847771258,0.0007722390295232983,0.0077549901268435615,0.002907719182419421,-1.8488613255976036,0.95,137.1383917325967,0.0,100.97446872862866,0.0
rs_future_7,price_only,gbr,raw_quantile,fear,2706.0,0.9271988174427199,-0.02280118255728003,0.02280118255728003,0.05949741315594974,0.013303769401330377,0.05949741315594974,0.013303769401330377,0.15425696844926948,0.14836126844171138,0.17283143150718736,0.0012971171391920006,0.011046868519284802,0.0030236686484875893,-1.6276119393420998,0.95,26.122290955746394,3.204629707154183e-07,918.1319595539837,0.0
rs_future_7,price_only,gbr,raw_quantile,greed,2436.0,0.9983579638752053,0.0483579638752053,0.0483579638752053,0.0016420361247947454,0.0,0.0016420361247947454,0.0,0.14282829290001756,0.1414509374255486,0.14290823561620894,0.00100436709646094,0.008254217825781307,0.0025683387939441876,-1.6462606291419697,0.95,214.16846769029598,0.0,0.013163233220659265,0.9086582351204179
rs_future_7,price_only,gbr,raw_quantile,neutral,3498.0,0.985134362492853,0.035134362492853066,0.035134362492853066,0.011435105774728416,0.003430531732418525,0.011435105774728416,0.003430531732418525,0.14050398666977884,0.1390772904342585,0.14439534820855443,0.0007377572418188307,0.0077549901268435615,0.0028721264633949357,-1.8488613255976036,0.95,124.14130824319852,0.0,116.96296949048451,0.0
rs_future_7,price_only,gbr,regime_cqr,fear,2706.0,0.9382852919438285,-0.011714708056171474,0.011714708056171474,0.04841093865484109,0.013303769401330377,0.04841093865484109,0.013303769401330377,0.16022919307725303,0.1543375034145697,0.17532248472004044,0.0012831647229700433,0.011046868519284802,0.003099897395030874,-1.6276119393420998,0.95,7.299276659839052,0.0068982376146036195,701.6293085672986,0.0
rs_future_7,price_only,gbr,regime_cqr,greed,2436.0,0.9983579638752053,0.0483579638752053,0.0483579638752053,0.0016420361247947454,0.0,0.0016420361247947454,0.0,0.14303026735367316,0.14179580272125,0.14311021006986455,0.001006891777131635,0.008254217825781307,0.002570863474614883,-1.6462606291419697,0.95,214.16846769029598,0.0,0.013163233220659265,0.9086582351204179
rs_future_7,price_only,gbr,regime_cqr,neutral,3498.0,0.9865637507146942,0.0365637507146942,0.0365637507146942,0.010005717552887363,0.003430531732418525,0.010005717552887363,0.003430531732418525,0.14211531966502822,0.1395396327812393,0.14597932199813074,0.0007570014485285256,0.0077549901268435615,0.0028924816014246476,-1.8488613255976036,0.95,137.1383917325967,0.0,100.97446872862866,0.0
rs_future_7,price_only,gbr,regime_sym_conformal,fear,2706.0,0.8218773096821878,-0.1281226903178122,0.1281226903178122,0.11012564671101256,0.0679970436067997,0.11012564671101256,0.0679970436067997,0.1175341046231664,0.093340796371724,0.26244820150620285,0.0027534981767120595,0.012230366360153044,0.0038077068609429165,-1.6248681604031983,0.95,580.3278133237854,0.0,1472.889843640495,0.0
rs_future_7,price_only,gbr,regime_sym_conformal,greed,2436.0,0.8411330049261084,-0.10886699507389153,0.10886699507389153,0.06732348111658457,0.09154351395730706,0.06732348111658457,0.09154351395730706,0.07877122521187341,0.0785437432308698,0.14482544717857218,0.0014536181047246446,0.0092806681046802,0.0021670180747395637,-1.65237965993911,0.95,396.0017783603075,0.0,943.2861613798539,0.0
rs_future_7,price_only,gbr,regime_sym_conformal,neutral,3498.0,0.9070897655803316,-0.04291023441966835,0.04291023441966835,0.052601486563750716,0.04030874785591767,0.052601486563750716,0.04030874785591767,0.09587028778354953,0.0839923757458131,0.1387221457955164,0.001127905653061,0.009901048011374185,0.002340147991826815,-1.8364235882591136,0.95,109.4312854672603,0.0,960.9541148518147,0.0
rs_future_7,price_only,gbr,sym_conformal,fear,2706.0,0.8259423503325942,-0.12405764966740573,0.12405764966740573,0.10606060606060606,0.0679970436067997,0.10606060606060606,0.0679970436067997,0.11783310850162343,0.0926324223055066,0.2602315354112121,0.00267911779843246,0.012230366360153044,0.0038266705868477456,-1.6248681604031983,0.95,549.498049816028,0.0,1441.9220711189018,0.0
rs_future_7,price_only,gbr,sym_conformal,greed,2436.0,0.8739737274220033,-0.07602627257799666,0.07602627257799666,0.054187192118226604,0.07183908045977011,0.054187192118226604,0.07183908045977011,0.08132279356836034,0.080152228919327,0.13886428248372376,0.0014447637084325296,0.0092806681046802,0.002026843353660469,-1.65237965993911,0.95,212.45608994058944,0.0,848.4264061669355,0.0
rs_future_7,price_only,gbr,sym_conformal,neutral,3498.0,0.9128073184676958,-0.03719268153230415,0.03719268153230415,0.05117209834190966,0.036020583190394515,0.05117209834190966,0.036020583190394515,0.09778929211458881,0.092090796205962,0.13764676683434968,0.0011523736922265542,0.009901048011374185,0.002288795478632092,-1.8364235882591136,0.95,84.18065280643305,0.0,907.4691802327911,0.0
rs_future_7,price_only,gru,cqr,fear,2706.0,0.9881744271988174,0.03817442719881747,0.03817442719881747,0.0066518847006651885,0.005173688100517369,0.0066518847006651885,0.005173688100517369,0.19034092330483848,0.18224188134516361,0.1934303666212481,0.0015095256551951916,0.011608032755559782,0.0033262335103359146,-1.6094185261287297,0.95,118.4239047963091,0.0,78.5336706704577,0.0
rs_future_7,price_only,gru,cqr,greed,2436.0,0.9733169129720853,0.02331691297208538,0.02331691297208538,0.019704433497536946,0.0069786535303776685,0.019704433497536946,0.0069786535303776685,0.17155617010631433,0.16487753683906375,0.18534465676288192,0.0015232545246077365,0.009364680113594552,0.0031103618944642152,-1.6419544004473825,0.95,33.34373709764384,7.722612105354187e-09,288.21146276202865,0.0
rs_future_7,price_only,gru,cqr,neutral,3498.0,0.9865637507146942,0.0365637507146942,0.0365637507146942,0.008862206975414523,0.004574042309891366,0.008862206975414523,0.004574042309891366,0.15385361854531002,0.15029608644545073,0.15918397279482094,0.0011849419494107207,0.008178382851566055,0.0027946573704597066,-1.8319694101567514,0.95,137.1383917325967,0.0,188.45058569521882,0.0
rs_future_7,price_only,gru,raw_quantile,fear,2706.0,0.9866962305986696,0.036696230598669666,0.036696230598669666,0.007021433850702144,0.006282335550628234,0.007021433850702144,0.006282335550628234,0.1845193488110963,0.17956420965492725,0.1880358940699659,0.0014517212979803526,0.011608032755559782,0.0032491760537687003,-1.6094185261287297,0.95,107.06102288905475,0.0,88.28751018273852,0.0
rs_future_7,price_only,gru,raw_quantile,greed,2436.0,0.9675697865353038,0.017569786535303833,0.017569786535303833,0.020114942528735632,0.012315270935960592,0.020114942528735632,0.012315270935960592,0.16802462021424933,0.1629100367426872,0.1840439456141639,0.0014800313207366893,0.009364680113594552,0.0031210673196173113,-1.6419544004473825,0.95,17.98339443642999,2.2284041842124402e-05,343.0531641401107,0.0
rs_future_7,price_only,gru,raw_quantile,neutral,3498.0,0.9834190966266438,0.033419096626643885,0.033419096626643885,0.010863350485991996,0.005717552887364208,0.010863350485991996,0.005717552887364208,0.14913053054950204,0.1444013183936476,0.15519122195660479,0.0011386713941896876,0.008178382851566055,0.0027411091547253365,-1.8319694101567514,0.95,109.82743844249296,0.0,204.9440680388263,0.0
rs_future_7,price_only,gru,regime_cqr,fear,2706.0,0.9881744271988174,0.03817442719881747,0.03817442719881747,0.0066518847006651885,0.005173688100517369,0.0066518847006651885,0.005173688100517369,0.1906492994151065,0.18291252106428146,0.19376755549357455,0.0015122608264754088,0.011608032755559782,0.003331928060863859,-1.6094185261287297,0.95,118.4239047963091,0.0,78.5336706704577,0.0
rs_future_7,price_only,gru,regime_cqr,greed,2436.0,0.9729064039408867,0.02290640394088672,0.02290640394088672,0.019704433497536946,0.007389162561576354,0.019704433497536946,0.007389162561576354,0.17033307359436725,0.164099533110857,0.18423145650747297,0.0015088285139506327,0.009364680113594552,0.0030969578987360942,-1.6419544004473825,0.95,32.05498356717749,1.4987014074208105e-08,283.59936104249726,0.0
rs_future_7,price_only,gru,regime_cqr,neutral,3498.0,0.9865637507146942,0.0365637507146942,0.0365637507146942,0.008862206975414523,0.004574042309891366,0.008862206975414523,0.004574042309891366,0.15375667645818272,0.14965148944107926,0.15908703070769362,0.0011834823523290663,0.008178382851566055,0.0027936934153631786,-1.8319694101567514,0.95,137.1383917325967,0.0,188.45058569521882,0.0
rs_future_7,price_only,gru,regime_sym_conformal,fear,2706.0,0.9079822616407982,-0.04201773835920175,0.04201773835920175,0.0417590539541759,0.05025868440502587,0.0417590539541759,0.05025868440502587,0.1244506416539244,0.1197063878838998,0.19806494233137686,0.0018718818926600962,0.011946713885560864,0.003079741665624231,-1.6272977134626136,0.95,81.46394900808014,0.0,587.9231214011793,0.0
rs_future_7,price_only,gru,regime_sym_conformal,greed,2436.0,0.8419540229885057,-0.10804597701149421,0.10804597701149421,0.08497536945812807,0.07307060755336617,0.08497536945812807,0.07307060755336617,0.09219087702456212,0.0925941956438893,0.19372787501053595,0.0026019128107034307,0.011027756182853172,0.0022412840645598723,-1.6329325673149853,0.95,390.90305757007854,0.0,817.7059092203324,0.0
rs_future_7,price_only,gru,regime_sym_conformal,neutral,3498.0,0.9139508290451687,-0.03604917095483129,0.03604917095483129,0.032590051457975985,0.05345911949685535,0.032590051457975985,0.05345911949685535,0.1026716228718004,0.10267560105838575,0.15599377121367694,0.001349364999047472,0.009339122193988707,0.0025504792812943555,-1.8049677820296173,0.95,79.4700750334323,0.0,804.3116389470836,0.0
rs_future_7,price_only,gru,sym_conformal,fear,2706.0,0.9053954175905395,-0.044604582409460414,0.044604582409460414,0.04212860310421286,0.0524759793052476,0.04212860310421286,0.0524759793052476,0.12338351771780628,0.11626977287232876,0.20095588165375716,0.0018806309246746657,0.011946713885560864,0.0031432661166691665,-1.6272977134626136,0.95,90.85161662143378,0.0,606.4413556710565,0.0
rs_future_7,price_only,gru,sym_conformal,greed,2436.0,0.8715106732348111,-0.07848932676518883,0.07848932676518883,0.07430213464696224,0.054187192118226604,0.07430213464696224,0.054187192118226604,0.09672072542562146,0.0967163853347301,0.18638567745492482,0.0025468974620167983,0.011027756182853172,0.0021127444743562255,-1.6329325673149853,0.95,224.68407122577355,0.0,741.9885004758428,0.0
rs_future_7,price_only,gru,sym_conformal,neutral,3498.0,0.9313893653516295,-0.018610634648370428,0.018610634648370428,0.019153802172670098,0.0494568324757004,0.019153802172670098,0.0494568324757004,0.10458794776286358,0.1021995358169078,0.1510559742249413,0.0012726834934550717,0.009339122193988707,0.0025037158621683655,-1.8049677820296173,0.95,22.967508491362878,1.647627126288853e-06,710.1040234874979,0.0
rs_future_7,price_only,har_ols,cqr,fear,2706.0,0.9290465631929047,-0.02095343680709527,0.02095343680709527,0.037694013303769404,0.03325942350332594,0.037694013303769404,0.03325942350332594,0.1646408462484318,0.1657953334796422,0.19407687331221635,0.0013028278796317848,0.010788728225034221,0.0035490939531735294,-1.6249212507380277,0.95,22.260207880444796,2.3808968172556177e-06,386.60156628516233,0.0
rs_future_7,price_only,har_ols,cqr,greed,2436.0,0.9753694581280788,0.025369458128078892,0.025369458128078892,0.019704433497536946,0.0049261083743842365,0.019704433497536946,0.0049261083743842365,0.14871313861943714,0.14356070236285506,0.1532074202981977,0.0008503535130666218,0.008289268067023526,0.0029798319943882216,-1.654008784886326,0.95,40.27155721705469,2.210032157279329e-10,109.07439265510254,0.0
rs_future_7,price_only,har_ols,cqr,neutral,3498.0,0.9622641509433962,0.01226415094339628,0.01226415094339628,0.030874785591766724,0.00686106346483705,0.030874785591766724,0.00686106346483705,0.12005752435370519,0.1177429279880457,0.12646661565177444,0.0007576587585876713,0.0073974387057221275,0.002404006632706597,-1.8463707583129585,0.95,12.058565992586182,0.000515549344884958,129.49619062357556,0.0
rs_future_7,price_only,har_ols,raw_quantile,fear,2706.0,0.9024390243902439,-0.04756097560975603,0.04756097560975603,0.04434589800443459,0.05321507760532151,0.04434589800443459,0.05321507760532151,0.13508758740079418,0.1345673003189057,0.18323092462437154,0.000939311325157159,0.010788728225034221,0.003641461790452036,-1.6249212507380277,0.95,102.09757324728389,0.0,447.72786329420796,0.0
rs_future_7,price_only,har_ols,raw_quantile,greed,2436.0,0.9729064039408867,0.02290640394088672,0.02290640394088672,0.022167487684729065,0.0049261083743842365,0.022167487684729065,0.0049261083743842365,0.14604311029370864,0.1414004196187209,0.15145251744509186,0.0008225496587849234,0.008289268067023526,0.002963763277342279,-1.654008784886326,0.95,32.05498356717749,1.4987014074208105e-08,97.94790819982666,0.0
rs_future_7,price_only,har_ols,raw_quantile,neutral,3498.0,0.9502572898799314,0.0002572898799314549,0.0002572898799314549,0.03945111492281304,0.010291595197255575,0.03945111492281304,0.010291595197255575,0.11299774825830283,0.110643400648403,0.12185195897532382,0.0007001207399608249,0.0073974387057221275,0.0023461782344221735,-1.8463707583129585,0.95,0.004882908415765996,0.9442909145161796,235.88758874854875,0.0
rs_future_7,price_only,har_ols,regime_cqr,fear,2706.0,0.9290465631929047,-0.02095343680709527,0.02095343680709527,0.037694013303769404,0.03325942350332594,0.037694013303769404,0.03325942350332594,0.16286003741626565,0.1584659521519552,0.19169071637442164,0.0012756792231474947,0.010788728225034221,0.0035165886862129525,-1.6249212507380277,0.95,22.260207880444796,2.3808968172556177e-06,386.60156628516233,0.0
rs_future_7,price_only,har_ols,regime_cqr,greed,2436.0,0.9729064039408867,0.02290640394088672,0.02290640394088672,0.022167487684729065,0.0049261083743842365,0.022167487684729065,0.0049261083743842365,0.1470495633231068,0.14331452959266366,0.15245897047449003,0.0008351303216523993,0.008289268067023526,0.0029763439402097523,-1.654008784886326,0.95,32.05498356717749,1.4987014074208105e-08,97.94790819982666,0.0
rs_future_7,price_only,har_ols,regime_cqr,neutral,3498.0,0.9622641509433962,0.01226415094339628,0.01226415094339628,0.030874785591766724,0.00686106346483705,0.030874785591766724,0.00686106346483705,0.12014684304614479,0.1177429279880457,0.12659527998295358,0.0007597588832116565,0.0073974387057221275,0.0024051231163620917,-1.8463707583129585,0.95,12.058565992586182,0.000515549344884958,129.49619062357556,0.0
rs_future_7,price_only,har_ols,regime_sym_conformal,fear,2706.0,0.9002217294900222,-0.04977827050997774,0.04977827050997774,0.057649667405764965,0.04212860310421286,0.057649667405764965,0.04212860310421286,0.1249447130549313,0.1303004822785349,0.20215045718920588,0.002117374877271052,0.011243608611628387,0.0029363865524590018,-1.6362386626293242,0.95,110.88545464241997,0.0,741.6083124038838,0.0
rs_future_7,price_only,har_ols,regime_sym_conformal,greed,2436.0,0.8300492610837439,-0.11995073891625607,0.11995073891625607,0.11576354679802955,0.054187192118226604,0.11576354679802955,0.054187192118226604,0.09003565541892414,0.0909877943326392,0.18805895592108524,0.0027332982510592887,0.010976023934048116,0.00196817564696775,-1.6431865154295455,0.95,467.1993675777985,0.0,902.2480964116157,0.0
rs_future_7,price_only,har_ols,regime_sym_conformal,neutral,3498.0,0.9262435677530018,-0.023756432246998194,0.023756432246998194,0.0274442538593482,0.04631217838765009,0.0274442538593482,0.04631217838765009,0.1021695999310137,0.103297079263399,0.1447494122912665,0.001186740586161057,0.00893821401161713,0.002431994721120506,-1.8425764477124709,0.95,36.488129112934075,1.5359885585652933e-09,589.0641468685519,0.0
rs_future_7,price_only,har_ols,sym_conformal,fear,2706.0,0.9002217294900222,-0.04977827050997774,0.04977827050997774,0.057649667405764965,0.04212860310421286,0.057649667405764965,0.04212860310421286,0.12426830074924466,0.1303004822785349,0.20153706032533442,0.002110182258999725,0.011243608611628387,0.002928244249133541,-1.6362386626293242,0.95,110.88545464241997,0.0,741.6083124038838,0.0
rs_future_7,price_only,har_ols,sym_conformal,greed,2436.0,0.8596059113300493,-0.09039408866995069,0.09039408866995069,0.09852216748768473,0.04187192118226601,0.09852216748768473,0.04187192118226601,0.09443458169223445,0.0920863489191216,0.18060841548731632,0.0026052613068307646,0.010976023934048116,0.0019099490803520492,-1.6431865154295455,0.95,287.4328758089473,0.0,890.0625724040422,0.0
rs_future_7,price_only,har_ols,sym_conformal,neutral,3498.0,0.9262435677530018,-0.023756432246998194,0.023756432246998194,0.0274442538593482,0.04631217838765009,0.0274442538593482,0.04631217838765009,0.1021555114235508,0.1042095055273647,0.14408223395782593,0.0011755712737946977,0.00893821401161713,0.0024264845751508536,-1.8425764477124709,0.95,36.488129112934075,1.5359885585652933e-09,589.0641468685519,0.0
rs_future_7,price_only,lstm,cqr,fear,2706.0,0.9682187730968219,0.01821877309682196,0.01821877309682196,0.018847006651884702,0.012934220251293422,0.018847006651884702,0.012934220251293422,0.16448861296931305,0.15898695774376384,0.1820454389323164,0.0014576628901030874,0.011070272666794988,0.003093473083204727,-1.625554320906693,0.95,21.598146743872576,3.361765078757628e-06,354.601853698999,0.0
rs_future_7,price_only,lstm,cqr,greed,2436.0,0.9421182266009852,-0.007881773399014746,0.007881773399014746,0.03201970443349754,0.02586206896551724,0.03201970443349754,0.02586206896551724,0.14198820123781034,0.12479292973875994,0.1743030004808197,0.0015032052220775476,0.011063073219390323,0.0028543697899428484,-1.6254996939795754,0.95,3.038766059423324,0.08129769282776822,556.7952871585455,0.0
rs_future_7,price_only,lstm,cqr,neutral,3498.0,0.9845626072041166,0.034562607204116635,0.034562607204116635,0.004859919954259577,0.010577472841623786,0.004859919954259577,0.010577472841623786,0.13084625117168944,0.12459395639598365,0.14161637943185218,0.0010293047402320646,0.007865085958441187,0.002511104745564143,-1.8359563504795688,0.95,119.22127777871981,0.0,240.58818480108516,0.0
rs_future_7,price_only,lstm,raw_quantile,fear,2706.0,0.9604582409460458,0.01045824094604586,0.01045824094604586,0.02254249815225425,0.016999260901699925,0.02254249815225425,0.016999260901699925,0.1516615631477322,0.14582647755742068,0.17278775391418627,0.0013358229716741645,0.011070272666794988,0.002983870876180397,-1.625554320906693,0.95,6.691948557627143,0.00968492913741259,384.67986384400297,0.0
rs_future_7,price_only,lstm,raw_quantile,greed,2436.0,0.9314449917898193,-0.018555008210180635,0.018555008210180635,0.03489326765188834,0.03366174055829228,0.03489326765188834,0.03366174055829228,0.1350820770489865,0.11907692719250915,0.17420067146898008,0.0014668264611416054,0.011063073219390323,0.002888190325582801,-1.6254996939795754,0.95,15.903526917129739,6.665439214836866e-05,610.6386687028576,0.0
rs_future_7,price_only,lstm,raw_quantile,neutral,3498.0,0.9802744425385935,0.03027444253859357,0.03027444253859357,0.007432818753573471,0.012292738707833047,0.007432818753573471,0.012292738707833047,0.12365403601083967,0.11612971685826776,0.13598741510805537,0.0009621264078008661,0.007865085958441187,0.0024375589699004215,-1.8359563504795688,0.95,86.78462785788452,0.0,270.63159734692437,0.0
rs_future_7,price_only,lstm,regime_cqr,fear,2706.0,0.9682187730968219,0.01821877309682196,0.01821877309682196,0.018847006651884702,0.012934220251293422,0.018847006651884702,0.012934220251293422,0.16451861386528122,0.15915172543684747,0.18207543982828453,0.0014574770150037933,0.011070272666794988,0.0030944089807032247,-1.625554320906693,0.95,21.598146743872576,3.361765078757628e-06,354.601853698999,0.0
rs_future_7,price_only,lstm,regime_cqr,greed,2436.0,0.9421182266009852,-0.007881773399014746,0.007881773399014746,0.032430213464696225,0.025451559934318555,0.032430213464696225,0.025451559934318555,0.14256169418359238,0.1252448484301567,0.17454659785873214,0.0015212963460563861,0.011063073219390323,0.0028423686004118197,-1.6254996939795754,0.95,3.038766059423324,0.08129769282776822,578.1692940092171,0.0
rs_future_7,price_only,lstm,regime_cqr,neutral,3498.0,0.9845626072041166,0.034562607204116635,0.034562607204116635,0.004859919954259577,0.010577472841623786,0.004859919954259577,0.010577472841623786,0.13045995369309843,0.12408952054701355,0.14123008195326117,0.001024540094034511,0.007865085958441187,0.0025062119547969216,-1.8359563504795688,0.95,119.22127777871981,0.0,240.58818480108516,0.0
rs_future_7,price_only,lstm,regime_sym_conformal,fear,2706.0,0.8976348854397634,-0.052365114560236514,0.052365114560236514,0.046193643754619367,0.05617147080561715,0.046193643754619367,0.05617147080561715,0.12505921044880114,0.12478236120964045,0.21291084494927046,0.002082770691204861,0.011576745939935237,0.0032400004325268037,-1.6302155115001689,0.95,121.51199835324178,0.0,767.9538817232146,0.0
rs_future_7,price_only,lstm,regime_sym_conformal,greed,2436.0,0.8165024630541872,-0.1334975369458128,0.1334975369458128,0.1022167487684729,0.0812807881773399,0.1022167487684729,0.0812807881773399,0.09359476643928122,0.0943225596146684,0.23548456280287586,0.003365622134608826,0.011412652102744893,0.002521491935462975,-1.6267900563776179,0.95,559.9626288378495,0.0,1197.191391708718,0.0
rs_future_7,price_only,lstm,regime_sym_conformal,neutral,3498.0,0.9159519725557461,-0.03404802744425384,0.03404802744425384,0.03201829616923957,0.05202973127501429,0.03201829616923957,0.05202973127501429,0.10334163449717404,0.09569424942655474,0.15333132387850737,0.0014092532803536384,0.008665284247739028,0.0024240298166089505,-1.8381530425938,0.95,71.50732292310227,0.0,767.8266089183203,0.0
rs_future_7,price_only,lstm,sym_conformal,fear,2706.0,0.8980044345898004,-0.05199556541019956,0.05199556541019956,0.0450849963045085,0.056910569105691054,0.0450849963045085,0.056910569105691054,0.12425525515448334,0.1246416382491588,0.21497479332442682,0.002067765663798687,0.011576745939935237,0.0033066041693118864,-1.6302155115001689,0.95,119.9695813365638,0.0,764.2057972087018,0.0
rs_future_7,price_only,lstm,sym_conformal,greed,2436.0,0.8489326765188834,-0.10106732348111658,0.10106732348111658,0.09236453201970443,0.05870279146141215,0.09236453201970443,0.05870279146141215,0.09797218655525093,0.0944659933447837,0.2169548290876843,0.0033126098646168926,0.011412652102744893,0.0021112608625751205,-1.6267900563776179,0.95,348.57114031498395,0.0,1026.7202714962598,0.0
rs_future_7,price_only,lstm,sym_conformal,neutral,3498.0,0.9268153230417381,-0.023184676958261874,0.023184676958261874,0.024871355060034305,0.04831332189822756,0.024871355060034305,0.04831332189822756,0.1045419891812695,0.0965932384133338,0.1508975986975569,0.0013774912415070793,0.008665284247739028,0.0023949487259317466,-1.8381530425938,0.95,34.848627699348754,3.563606520984308e-09,727.906797537499,0.0
rs_future_7,price_only,rf,cqr,fear,2706.0,0.8673318551367332,-0.08266814486326679,0.08266814486326679,0.08019216555801921,0.0524759793052476,0.08019216555801921,0.0524759793052476,0.13417457115533213,0.1340036865112355,0.22984021320762,0.0017859229779766158,0.011954463109008497,0.00396008235221379,-1.629020123540166,0.95,273.30114367548686,0.0,1003.1594677505277,0.0
rs_future_7,price_only,rf,cqr,greed,2436.0,0.9376026272577996,-0.012397372742200319,0.012397372742200319,0.020935960591133004,0.04146141215106732,0.020935960591133004,0.04146141215106732,0.1041765386841039,0.1014233767018445,0.1357518572242319,0.0011884656843200777,0.008650253443261846,0.0022053307462856224,-1.6519280871474116,0.95,7.331881905601676,0.006774209049375091,457.14560075231987,0.0
rs_future_7,price_only,rf,cqr,neutral,3498.0,0.9150943396226415,-0.03490566037735843,0.03490566037735843,0.038307604345340196,0.0465980560320183,0.038307604345340196,0.0465980560320183,0.09896516851252507,0.09183350719778621,0.14880021772884433,0.0012209521086616207,0.008368104393952545,0.002499053334559391,-1.8471639852608035,0.95,74.87582206851857,0.0,839.4600772983465,0.0
rs_future_7,price_only,rf,raw_quantile,fear,2706.0,0.549889135254989,-0.400110864745011,0.400110864745011,0.3333333333333333,0.11677753141167775,0.3333333333333333,0.11677753141167775,0.05831600999844956,0.03902292986402635,0.3917564458359663,0.004555456814979715,0.011954463109008497,0.00523845433091935,-1.629020123540166,0.95,3725.925134619156,0.0,1014.4339146208695,0.0
rs_future_7,price_only,rf,raw_quantile,greed,2436.0,0.6629720853858785,-0.28702791461412147,0.28702791461412147,0.21880131362889985,0.11822660098522167,0.21880131362889985,0.11822660098522167,0.05272309512785026,0.04298648549383205,0.22378817311877705,0.0018120638941193548,0.008650253443261846,0.0037826404338499806,-1.6519280871474116,0.95,1971.2454132809257,0.0,819.1806899154662,0.0
rs_future_7,price_only,rf,raw_quantile,neutral,3498.0,0.5080045740423099,-0.44199542595769004,0.44199542595769004,0.38250428816466553,0.10949113779302458,0.38250428816466553,0.10949113779302458,0.03621978565830385,0.03278307055356875,0.24652075551387517,0.003039805833074944,0.008368104393952545,0.003123213054771845,-1.8471639852608035,0.95,5645.245729220422,0.0,1165.450491982042,0.0
rs_future_7,price_only,rf,regime_cqr,fear,2706.0,0.868810051736881,-0.08118994826311898,0.08118994826311898,0.0787139689578714,0.0524759793052476,0.0787139689578714,0.0524759793052476,0.13606625057448507,0.13409961674228885,0.223766403826065,0.0018085673814681672,0.011954463109008497,0.0037855927141833626,-1.629020123540166,0.95,264.81774634581916,0.0,989.9454552784819,0.0
rs_future_7,price_only,rf,regime_cqr,greed,2436.0,0.9158456486042693,-0.03415435139573064,0.03415435139573064,0.02586206896551724,0.05829228243021346,0.02586206896551724,0.05829228243021346,0.09780686804954249,0.09653656044521389,0.14323543638346986,0.0011361823260316655,0.008650253443261846,0.002444703583554984,-1.6519280871474116,0.95,50.08585306036866,1.471600619140645e-12,565.3192652886104,0.0
rs_future_7,price_only,rf,regime_cqr,neutral,3498.0,0.9148084619782733,-0.0351915380217267,0.0351915380217267,0.03773584905660377,0.04745568896512293,0.03773584905660377,0.04745568896512293,0.09624152390466215,0.08913511207273239,0.14785932183747225,0.0011896206325952515,0.008368104393952545,0.002506862413341459,-1.8471639852608035,0.95,76.01340289023983,0.0,878.7989696279801,0.0
rs_future_7,price_only,rf,regime_sym_conformal,fear,2706.0,0.8599408721359941,-0.09005912786400583,0.09005912786400583,0.07169253510716925,0.06836659275683665,0.07169253510716925,0.06836659275683665,0.12163414205475614,0.0915541111723038,0.2979363320953373,0.003585339811448702,0.012293865546311145,0.003863068490934635,-1.6269074874406084,0.95,317.2408600442009,0.0,1041.1130579053006,0.0
rs_future_7,price_only,rf,regime_sym_conformal,greed,2436.0,0.8333333333333334,-0.11666666666666659,0.11666666666666659,0.0841543513957307,0.08251231527093596,0.0841543513957307,0.08251231527093596,0.08311390566894865,0.0771901507395577,0.17477608496454433,0.0021487371486047712,0.009348501115406879,0.002220664975508742,-1.6495273334277218,0.95,445.65117174265833,0.0,1022.7515878714062,0.0
rs_future_7,price_only,rf,regime_sym_conformal,neutral,3498.0,0.9228130360205832,-0.02718696397941678,0.02718696397941678,0.025443110348770726,0.05174385363064608,0.025443110348770726,0.05174385363064608,0.10199246332387807,0.0966008701994992,0.1519679533699733,0.0011061215861106705,0.008664516979245774,0.002693077248138567,-1.8457725431931882,0.95,47.01998945758942,7.026601522852616e-12,661.9985132909915,0.0
rs_future_7,price_only,rf,sym_conformal,fear,2706.0,0.8603104212860311,-0.08968957871396888,0.08968957871396888,0.07095343680709534,0.06873614190687362,0.07095343680709534,0.06873614190687362,0.12093734955707747,0.086076833014785,0.30146351910779473,0.0035799755899721176,0.012293865546311145,0.003956612387722654,-1.6269074874406084,0.95,314.9846505247169,0.0,1037.927376742907,0.0
rs_future_7,price_only,rf,sym_conformal,greed,2436.0,0.8682266009852216,-0.08177339901477831,0.08177339901477831,0.06609195402298851,0.06568144499178982,0.06609195402298851,0.06568144499178982,0.0880571374526128,0.0827036279709072,0.1708615603927682,0.0021538525427081032,0.009348501115406879,0.0021176864671110063,-1.6495273334277218,0.95,241.3979152337456,0.0,987.9563205277119,0.0
rs_future_7,price_only,rf,sym_conformal,neutral,3498.0,0.931961120640366,-0.018038879359633997,0.018038879359633997,0.016295025728987993,0.05174385363064608,0.016295025728987993,0.05174385363064608,0.10367003833974386,0.089905018263991,0.14966333719278735,0.0011073192103043538,0.008664516979245774,0.0026342642195152336,-1.8457725431931882,0.95,21.64061269074523,3.2881529170580848e-06,710.023429240654,0.0
rs_future_7,price_only,ridge,cqr,fear,2706.0,0.9512195121951219,0.0012195121951219523,0.0012195121951219523,0.04878048780487805,0.0,0.04878048780487805,0.0,0.18249658850533443,0.1830584745095261,0.1914859334677312,0.0013834513243842679,0.010458810916089622,0.0034036970123089154,-1.6356330349151276,0.95,0.08538466489540042,0.7701287077857653,735.0704969802846,0.0
rs_future_7,price_only,ridge,cqr,greed,2436.0,1.0,0.050000000000000044,0.050000000000000044,0.0,0.0,0.0,0.0,0.17405407166638903,0.1701994922257155,0.17405407166638903,0.0011202359598764377,0.008018432856022628,0.0032311158317831906,-1.651164389287567,0.95,249.90088153614593,0.0,-0.0,1.0
rs_future_7,price_only,ridge,cqr,neutral,3498.0,0.9914236706689536,0.041423670668953694,0.041423670668953694,0.008576329331046312,0.0,0.008576329331046312,0.0,0.17683275804408227,0.1774655942765861,0.17760166302324465,0.0008363840837814202,0.007167452231794004,0.003603657491799599,-1.852854668276713,0.95,190.24729843490172,0.0,79.57837866365145,0.0
rs_future_7,price_only,ridge,raw_quantile,fear,2706.0,0.9512195121951219,0.0012195121951219523,0.0012195121951219523,0.04878048780487805,0.0,0.04878048780487805,0.0,0.1822532673929369,0.1830584745095261,0.19316772796815587,0.001428537700799854,0.010458810916089622,0.003400655498403947,-1.6356330349151276,0.95,0.08538466489540042,0.7701287077857653,735.0704969802846,0.0
rs_future_7,price_only,ridge,raw_quantile,greed,2436.0,1.0,0.050000000000000044,0.050000000000000044,0.0,0.0,0.0,0.0,0.1738110710606844,0.1701994922257155,0.1738110710606844,0.0011171984523051302,0.008018432856022628,0.0032280783242118823,-1.651164389287567,0.95,249.90088153614593,0.0,-0.0,1.0
rs_future_7,price_only,ridge,raw_quantile,neutral,3498.0,0.9914236706689536,0.041423670668953694,0.041423670668953694,0.008576329331046312,0.0,0.008576329331046312,0.0,0.17503489343379824,0.1758625748275243,0.17580379841296065,0.0008139107761528715,0.007167452231794004,0.003581184184171049,-1.852854668276713,0.95,190.24729843490172,0.0,79.57837866365145,0.0
rs_future_7,price_only,ridge,regime_cqr,fear,2706.0,0.9512195121951219,0.0012195121951219523,0.0012195121951219523,0.04878048780487805,0.0,0.04878048780487805,0.0,0.18249793114141014,0.1830584745095261,0.19148727610380692,0.0013834681073352137,0.010458810916089622,0.003403713795259862,-1.6356330349151276,0.95,0.08538466489540042,0.7701287077857653,735.0704969802846,0.0
rs_future_7,price_only,ridge,regime_cqr,greed,2436.0,1.0,0.050000000000000044,0.050000000000000044,0.0,0.0,0.0,0.0,0.17405407166638903,0.1701994922257155,0.17405407166638903,0.0011202359598764377,0.008018432856022628,0.0032311158317831906,-1.651164389287567,0.95,249.90088153614593,0.0,-0.0,1.0
rs_future_7,price_only,ridge,regime_cqr,neutral,3498.0,0.9914236706689536,0.041423670668953694,0.041423670668953694,0.008576329331046312,0.0,0.008576329331046312,0.0,0.17536614032320288,0.1771483936216242,0.17613504530236526,0.000818051362270429,0.007167452231794004,0.003585324770288607,-1.852854668276713,0.95,190.24729843490172,0.0,79.57837866365145,0.0
rs_future_7,price_only,ridge,regime_sym_conformal,fear,2706.0,0.9024390243902439,-0.04756097560975603,0.04756097560975603,0.04434589800443459,0.05321507760532151,0.04434589800443459,0.05321507760532151,0.11852565438015263,0.1044532667181684,0.20066671814565618,0.0017804165314279346,0.01109355809201444,0.003236251422213374,-1.6450945267015347,0.95,102.09757324728389,0.0,718.8239211223657,0.0
rs_future_7,price_only,ridge,regime_sym_conformal,greed,2436.0,0.8575533661740559,-0.09244663382594409,0.09244663382594409,0.09359605911330049,0.04885057471264368,0.09359605911330049,0.04885057471264368,0.0909464387832661,0.0948693208952924,0.17253257892992377,0.0024302533051269856,0.010282551417641797,0.0018830611681210122,-1.6469427265702428,0.95,298.8417532053818,0.0,665.1594432700308,0.0
rs_future_7,price_only,ridge,regime_sym_conformal,neutral,3498.0,0.9365351629502573,-0.013464837049742662,0.013464837049742662,0.022298456260720412,0.0411663807890223,0.022298456260720412,0.0411663807890223,0.10172436735331018,0.1005075908877849,0.14463266234452718,0.001202910067021919,0.008661648402845792,0.0024129064915911647,-1.8433593128862593,0.95,12.348320871811893,0.0004413832884415658,529.4648372917488,0.0
rs_future_7,price_only,ridge,sym_conformal,fear,2706.0,0.9090909090909091,-0.040909090909090895,0.040909090909090895,0.037694013303769404,0.05321507760532151,0.037694013303769404,0.05321507760532151,0.11862040025287042,0.1044532667181684,0.20045978308539258,0.0017682046111653197,0.01109355809201444,0.003243289965969398,-1.6450945267015347,0.95,77.57272812123506,0.0,600.253458485201,0.0
rs_future_7,price_only,ridge,sym_conformal,greed,2436.0,0.9068144499178982,-0.04318555008210179,0.04318555008210179,0.06403940886699508,0.02914614121510673,0.06403940886699508,0.02914614121510673,0.09549392573354502,0.0949182781547655,0.16073602493282887,0.0022930917399064067,0.010282551417641797,0.0017253088834142186,-1.6469427265702428,0.95,77.10301578561916,0.0,585.1204414149837,0.0
rs_future_7,price_only,ridge,sym_conformal,neutral,3498.0,0.9382504288164666,-0.01174957118353337,0.01174957118353337,0.02058319039451115,0.0411663807890223,0.02058319039451115,0.0411663807890223,0.10191130629867888,0.097835995117285,0.1440991646697437,0.0011879417380635355,0.008661648402845792,0.0024145373786799615,-1.8433593128862593,0.95,9.490091338085222,0.002065845362324681,457.23861619187437,0.0
rv_future_7,full,gbr,cqr,fear,2706.0,0.9733924611973392,0.023392461197339287,0.023392461197339287,0.008869179600886918,0.017738359201773836,0.008869179600886918,0.017738359201773836,0.18770090071219378,0.1816088732160177,0.20191300019970304,0.0014650362807147994,0.01556857315639017,0.0035827887242776825,-1.5469814316191282,0.95,37.30674648637046,1.0093482716300173e-09,355.88024278419437,0.0
rv_future_7,full,gbr,cqr,greed,2436.0,0.9880952380952381,0.03809523809523818,0.03809523809523818,0.011904761904761904,0.0,0.011904761904761904,0.0,0.16444255634750754,0.16292105403844104,0.1655834612855309,0.0010840247299189368,0.010657221939526866,0.00305556180221924,-1.7408947730425333,0.95,106.03763301599838,0.0,19.026787872599925,1.2889616972766582e-05
rv_future_7,full,gbr,cqr,neutral,3498.0,0.9716981132075472,0.02169811320754722,0.02169811320754722,0.024871355060034305,0.003430531732418525,0.024871355060034305,0.003430531732418525,0.1759083016294751,0.1703287093729699,0.18181806914818824,0.0011170138714429612,0.012107345975274462,0.0034284378572616496,-1.8217210208520707,0.95,40.83979814358679,1.6523360457654235e-10,210.05699204980135,0.0
rv_future_7,full,gbr,raw_quantile,fear,2706.0,0.9512195121951219,0.0012195121951219523,0.0012195121951219523,0.031042128603104215,0.017738359201773836,0.031042128603104215,0.017738359201773836,0.180094374624685,0.17549813574552725,0.19807561353429648,0.0014699073804825473,0.01556857315639017,0.0034819829578747706,-1.5469814316191282,0.95,0.08538466489540042,0.7701287077857653,621.1997440257362,0.0
rv_future_7,full,gbr,raw_quantile,greed,2436.0,0.9839901477832512,0.03399014778325127,0.03399014778325127,0.01600985221674877,0.0,0.01600985221674877,0.0,0.1634422364176219,0.1628298817592476,0.16507924604956473,0.0010839233481433543,0.010657221939526866,0.00304305780309567,-1.7408947730425333,0.95,79.69993724895431,0.0,48.59910107419785,3.1401548028497928e-12
rv_future_7,full,gbr,raw_quantile,neutral,3498.0,0.9528301886792453,0.002830188679245338,0.002830188679245338,0.04373927958833619,0.003430531732418525,0.04373927958833619,0.003430531732418525,0.167670644998313,0.1678392734631829,0.17507381130830535,0.001053153539256311,0.012107345975274462,0.0033236917434512287,-1.8217210208520707,0.95,0.6007246192957609,0.4383016844849946,288.5730981497313,0.0
rv_future_7,full,gbr,regime_cqr,fear,2706.0,0.9733924611973392,0.023392461197339287,0.023392461197339287,0.008869179600886918,0.017738359201773836,0.008869179600886918,0.017738359201773836,0.18762229409412295,0.1816088732160177,0.20183439358163224,0.0014651162507854072,0.01556857315639017,0.003580743588755305,-1.5469814316191282,0.95,37.30674648637046,1.0093482716300173e-09,355.88024278419437,0.0
rv_future_7,full,gbr,regime_cqr,greed,2436.0,0.9880952380952381,0.03809523809523818,0.03809523809523818,0.011904761904761904,0.0,0.011904761904761904,0.0,0.1644096493576933,0.16292105403844104,0.16557049792590708,0.00108411198330102,0.010657221939526866,0.003055150464846562,-1.7408947730425333,0.95,106.03763301599838,0.0,19.026787872599925,1.2889616972766582e-05
rv_future_7,full,gbr,regime_cqr,neutral,3498.0,0.9662664379645511,0.016266437964551184,0.016266437964551184,0.030303030303030304,0.003430531732418525,0.030303030303030304,0.003430531732418525,0.17488691229553766,0.1703287093729699,0.18130731459485847,0.001117012374283935,0.012107345975274462,0.0034156704905874326,-1.8217210208520707,0.95,21.895737669918844,2.8787261977525347e-06,265.57517659699454,0.0
rv_future_7,full,gbr,regime_sym_conformal,fear,2706.0,0.8407243163340724,-0.10927568366592755,0.10927568366592755,0.08869179600886919,0.07058388765705839,0.08869179600886919,0.07058388765705839,0.1347068843684121,0.1216178822504718,0.2523774034914253,0.0025123671087791616,0.016937976381520704,0.003797067978506375,-1.5370111624705962,0.95,442.7231518875774,0.0,1026.5892160026542,0.0
rv_future_7,full,gbr,regime_sym_conformal,greed,2436.0,0.8357963875205254,-0.11420361247947453,0.11420361247947453,0.08579638752052546,0.0784072249589491,0.08579638752052546,0.0784072249589491,0.09267228756952542,0.0986864926327825,0.1576028373406245,0.0013781155320584178,0.013363190014864015,0.002561955401457102,-1.718348641414518,0.95,429.7379854908818,0.0,833.7285853101641,0.0
rv_future_7,full,gbr,regime_sym_conformal,neutral,3498.0,0.8936535162950258,-0.05634648370497419,0.05634648370497419,0.08004574042309891,0.026300743281875358,0.08004574042309891,0.026300743281875358,0.12106312139808609,0.1121828427723632,0.16962148530702098,0.001435245975592554,0.014531009711089324,0.002805291157082876,-1.7944158350029862,0.95,179.21017584268793,0.0,916.6273081380368,0.0
rv_future_7,full,gbr,sym_conformal,fear,2706.0,0.8510716925351072,-0.09892830746489278,0.09892830746489278,0.07723577235772358,0.07169253510716925,0.07723577235772358,0.07169253510716925,0.13585462893735598,0.1216178822504718,0.23928391091172097,0.002232086767622406,0.016937976381520704,0.003750011005170525,-1.5370111624705962,0.95,373.2006530859476,0.0,853.7460504570504,0.0
rv_future_7,full,gbr,sym_conformal,greed,2436.0,0.8805418719211823,-0.06945812807881768,0.06945812807881768,0.06403940886699508,0.05541871921182266,0.06403940886699508,0.05541871921182266,0.09915117587818272,0.10588798424166905,0.13764211422296083,0.0012301217552898567,0.013363190014864015,0.0022109311002840716,-1.718348641414518,0.95,181.17265650958097,0.0,542.3372076028302,0.0
rv_future_7,full,gbr,sym_conformal,neutral,3498.0,0.9065180102915952,-0.04348198970840478,0.04348198970840478,0.06946826758147513,0.024013722126929673,0.06946826758147513,0.024013722126929673,0.12470482916835661,0.1183478309367441,0.16988804047387948,0.0014419344220374434,0.014531009711089324,0.002805266589809448,-1.7944158350029862,0.95,112.10815437164001,0.0,924.5252873004008,0.0
rv_future_7,full,gru,cqr,fear,2706.0,0.9316334072431633,-0.01836659275683661,0.01836659275683661,0.03067257945306726,0.037694013303769404,0.03067257945306726,0.037694013303769404,0.21891084260351662,0.21574250049889085,0.28133778162043666,0.0020591481439049294,0.02020346958568957,0.0049742963966058935,163661.56048976094,0.95,17.325792826749193,3.148837679534111e-05,466.3327292194931,0.0
rv_future_7,full,gru,cqr,greed,2436.0,0.9269293924466339,-0.023070607553366096,0.023070607553366096,0.024220032840722498,0.04885057471264368,0.024220032840722498,0.04885057471264368,0.17216769038586846,0.15653251111507416,0.22681820746121514,0.0015448432269601529,0.014782923993462541,0.0041256119595701295,144912.74702101984,0.95,24.043530193242532,9.418218774870368e-07,527.6312705686767,0.0
rv_future_7,full,gru,cqr,neutral,3498.0,0.9585477415666095,0.008547741566609535,0.008547741566609535,0.006289308176100629,0.03516295025728988,0.006289308176100629,0.03516295025728988,0.17207429951935793,0.16452847731154452,0.20884991248722742,0.0014095235600249069,0.013613577133241688,0.0038117242521556816,196833.77832149464,0.95,5.69884017054892,0.016976127340251668,435.12704298474057,0.0
rv_future_7,full,gru,raw_quantile,fear,2706.0,0.8662232076866223,-0.08377679231337765,0.08377679231337765,0.05728011825572801,0.07649667405764966,0.05728011825572801,0.07649667405764966,0.19079330742182085,0.1874256776645779,0.3267731916485915,0.0023959328380256557,0.02020346958568957,0.0057733969531890365,163661.56048976094,0.95,279.7311891201375,0.0,807.0872854191286,0.0
rv_future_7,full,gru,raw_quantile,greed,2436.0,0.8423645320197044,-0.10763546798029555,0.10763546798029555,0.053366174055829226,0.10426929392446634,0.053366174055829226,0.10426929392446634,0.15080212531896622,0.14268567599356174,0.2987549433305367,0.0019944633204475354,0.014782923993462541,0.0054744102628157855,144912.74702101984,0.95,388.3629456014901,0.0,820.1280872399843,0.0
rv_future_7,full,gru,raw_quantile,neutral,3498.0,0.9039451114922813,-0.04605488850771866,0.04605488850771866,0.015723270440251572,0.08033161806746712,0.015723270440251572,0.08033161806746712,0.15383456750682029,0.14787863940000529,0.25417912094093,0.001452591365318801,0.013613577133241688,0.004901886658204352,196833.77832149464,0.95,124.48593097670255,0.0,819.0401258636391,0.0
rv_future_7,full,gru,regime_cqr,fear,2706.0,0.9223946784922394,-0.027605321507760516,0.027605321507760516,0.036585365853658534,0.041019955654102,0.036585365853658534,0.041019955654102,0.21770206125097952,0.21349272853388562,0.2877985742714085,0.002202674556201692,0.02020346958568957,0.004992289800583426,163661.56048976094,0.95,37.429444136613256,9.47803835416039e-10,523.4190299787605,0.0
rv_future_7,full,gru,regime_cqr,greed,2436.0,0.9265188834154351,-0.023481116584564865,0.023481116584564865,0.024220032840722498,0.04926108374384237,0.024220032840722498,0.04926108374384237,0.1710770187229919,0.1558438609375687,0.23030084128484582,0.0015280798574787069,0.014782923993462541,0.004229441174642344,144912.74702101984,0.95,24.85755618435269,6.172661497494403e-07,514.3474675009437,0.0
rv_future_7,full,gru,regime_cqr,neutral,3498.0,0.9576901086335049,0.007690108633504944,0.007690108633504944,0.007432818753573471,0.03487707261292167,0.007432818753573471,0.03487707261292167,0.17212388403101675,0.16520100459456438,0.20920809043078495,0.0014109928626882366,0.013613577133241688,0.00381920939808129,196833.77832149464,0.95,4.584542263281719,0.032261587088923904,451.0522399252616,0.0
rv_future_7,full,gru,regime_sym_conformal,fear,2706.0,0.8455284552845529,-0.10447154471544706,0.10447154471544706,0.0861049519586105,0.06836659275683665,0.0861049519586105,0.06836659275683665,0.1611514801588246,0.15926549392304734,0.3013691361987981,0.003107821626523727,0.022324865516784104,0.004426406778446132,75866.00531233691,0.95,409.89230558710915,0.0,873.9619858614196,0.0
rv_future_7,full,gru,regime_sym_conformal,greed,2436.0,0.8571428571428571,-0.09285714285714286,0.09285714285714286,0.052545155993431854,0.090311986863711,0.052545155993431854,0.090311986863711,0.11803462414099547,0.1103527588998085,0.2164728563725646,0.001885211084566489,0.01727881013390519,0.0035266103247475287,527430.1409942283,0.95,301.14375705485963,0.0,793.2360586908299,0.0
rv_future_7,full,gru,regime_sym_conformal,neutral,3498.0,0.9276729559748428,-0.022327044025157172,0.022327044025157172,0.023441966838193252,0.04888507718696398,0.023441966838193252,0.04888507718696398,0.12522187022309275,0.11227767574275505,0.18290986382086566,0.001539179146609464,0.015098421952903288,0.003033567448912081,281243.7384916591,0.95,32.45267296898555,1.2213085542889246e-08,615.2403703855214,0.0
rv_future_7,full,gru,sym_conformal,fear,2706.0,0.8617886178861789,-0.08821138211382107,0.08821138211382107,0.07280118255728012,0.06541019955654102,0.07280118255728012,0.06541019955654102,0.16328687338517797,0.1633419245481491,0.28619350007967137,0.0026903291575692597,0.022324865516784104,0.00446450834442243,75866.00531233691,0.95,306.0214506591278,0.0,701.363514343099,0.0
rv_future_7,full,gru,sym_conformal,greed,2436.0,0.8875205254515599,-0.06247947454844005,0.06247947454844005,0.031609195402298854,0.08087027914614121,0.031609195402298854,0.08087027914614121,0.12303038211141774,0.11652189493179321,0.20405442742592403,0.001698064954847478,0.01727881013390519,0.003403295730800526,527430.1409942283,0.95,150.1265936944326,0.0,697.7380969819537,0.0
rv_future_7,full,gru,sym_conformal,neutral,3498.0,0.9362492853058891,-0.013750714694110822,0.013750714694110822,0.018867924528301886,0.04488279016580903,0.018867924528301886,0.04488279016580903,0.1279720950439325,0.1181529238820076,0.18042113167590698,0.0015163065903709976,0.015098421952903288,0.00299422170152658,281243.7384916591,0.95,12.858599741488888,0.00033593186764024896,541.8052392247839,0.0
rv_future_7,full,har_ols,cqr,fear,2706.0,0.8713968957871396,-0.07860310421286032,0.07860310421286032,0.09534368070953436,0.03325942350332594,0.09534368070953436,0.03325942350332594,0.26536609400519906,0.2554465869513651,0.37892199878148647,0.0027663475740381444,0.01861206147091045,0.006706702395498924,18128.29492911098,0.95,250.2220622525142,0.0,770.6933499568597,0.0
rv_future_7,full,har_ols,cqr,greed,2436.0,0.9482758620689655,-0.0017241379310344307,0.0017241379310344307,0.024630541871921183,0.027093596059113302,0.024630541871921183,0.027093596059113302,0.18426117849294318,0.1584060584387752,0.2228316988797084,0.0011610432153867447,0.011078393301981841,0.004409749256605873,-1.7299075628091214,0.95,0.1508181423133692,0.6977547351368654,469.84711569540605,0.0
rv_future_7,full,har_ols,cqr,neutral,3498.0,0.9176672384219554,-0.032332761578044544,0.032332761578044544,0.02058319039451115,0.06174957118353345,0.02058319039451115,0.06174957118353345,0.1606139422965534,0.1478187560140775,0.21092798000907156,0.0016146429844765377,0.012139504287032097,0.003658556515750156,140801.80253771655,0.95,64.97148118243581,7.771561172376096e-16,618.1856410977955,0.0
rv_future_7,full,har_ols,raw_quantile,fear,2706.0,0.6518847006651884,-0.2981152993348115,0.2981152993348115,0.29933481152993346,0.04878048780487805,0.29933481152993346,0.04878048780487805,0.20500290513368805,0.2054553261001064,0.5174964414063328,0.00613026385213292,0.01861206147091045,0.006807147183025307,18128.29492911098,0.95,2327.2976210335814,0.0,1375.4439262045703,0.0
rv_future_7,full,har_ols,raw_quantile,greed,2436.0,0.770935960591133,-0.17906403940886695,0.17906403940886695,0.16009852216748768,0.06896551724137931,0.16009852216748768,0.06896551724137931,0.15733376587290263,0.13609579354799506,0.2676875594877741,0.00187205891371394,0.011078393301981841,0.0048201300734803205,-1.7299075628091214,0.95,914.0624554541,0.0,733.4029369740108,0.0
rv_future_7,full,har_ols,raw_quantile,neutral,3498.0,0.7444253859348199,-0.20557461406518007,0.20557461406518007,0.08061749571183534,0.17495711835334476,0.08061749571183534,0.17495711835334476,0.12356537099739281,0.1048689234122717,0.3107144128855959,0.001939218258990392,0.012139504287032097,0.005828642063149413,140801.80253771655,0.95,1647.1391552022424,0.0,1041.1261034191161,0.0
rv_future_7,full,har_ols,regime_cqr,fear,2706.0,0.8824833702882483,-0.06751662971175165,0.06751662971175165,0.08869179600886919,0.028824833702882482,0.08869179600886919,0.028824833702882482,0.26520321682164344,0.2495510326109953,0.3535671132040935,0.0026456013034010643,0.01861206147091045,0.006193576526701181,18128.29492911098,0.95,191.401692844408,0.0,671.3705719692421,0.0
rv_future_7,full,har_ols,regime_cqr,greed,2436.0,0.9359605911330049,-0.014039408866995062,0.014039408866995062,0.03201970443349754,0.03201970443349754,0.03201970443349754,0.03201970443349754,0.1822479929787915,0.1555946726168578,0.22535222658792117,0.0011617402256061534,0.011078393301981841,0.004472065439091783,-1.7299075628091214,0.95,9.320330444303863,0.0022662511973716715,446.96169977830243,0.0
rv_future_7,full,har_ols,regime_cqr,neutral,3498.0,0.9159519725557461,-0.03404802744425384,0.03404802744425384,0.02058319039451115,0.0634648370497427,0.02058319039451115,0.0634648370497427,0.15742901257896347,0.1448676241079693,0.2081261378382453,0.001594541865845575,0.012139504287032097,0.0036086115801104613,140801.80253771655,0.95,71.50732292310227,0.0,597.2081028464684,0.0
rv_future_7,full,har_ols,regime_sym_conformal,fear,2706.0,0.8603104212860311,-0.08968957871396888,0.08968957871396888,0.09977827050997783,0.03991130820399113,0.09977827050997783,0.03991130820399113,0.16791619121318022,0.1579759137928846,0.2708862148792034,0.0034272457490819373,0.02260407600453249,0.0033449096228980522,73972.79518597046,0.95,314.9846505247169,0.0,644.7864253994267,0.0
rv_future_7,full,har_ols,regime_sym_conformal,greed,2436.0,0.8226600985221675,-0.12733990147783247,0.12733990147783247,0.11576354679802955,0.06157635467980296,0.11576354679802955,0.06157635467980296,0.10040632788189348,0.0903957309927298,0.1960081862163124,0.002181635121960191,0.013563856359516055,0.002718569533447527,-1.7194730823889064,0.95,517.0362413567955,0.0,771.6012919628906,0.0
rv_future_7,full,har_ols,regime_sym_conformal,neutral,3498.0,0.934819897084048,-0.015180102915951954,0.015180102915951954,0.0017152658662092624,0.0634648370497427,0.0017152658662092624,0.0634648370497427,0.12313526350689986,0.1132190109278477,0.1635157425640559,0.0014167391996596514,0.0134816510720768,0.0026711543644416464,268972.406201834,0.95,15.552892260003546,8.022881674307758e-05,824.3766577448831,0.0
rv_future_7,full,har_ols,sym_conformal,fear,2706.0,0.8647450110864745,-0.08525498891352545,0.08525498891352545,0.09312638580931264,0.04212860310421286,0.09312638580931264,0.04212860310421286,0.16801726465940292,0.1706728782079987,0.2660027269623601,0.003134408388148836,0.02260407600453249,0.003515659785910071,73972.79518597046,0.95,288.39380826050456,0.0,691.7374379404152,0.0
rv_future_7,full,har_ols,sym_conformal,greed,2436.0,0.854679802955665,-0.09532019704433492,0.09532019704433492,0.09113300492610837,0.054187192118226604,0.09113300492610837,0.054187192118226604,0.10758696189487744,0.10122254210149001,0.19089881753116825,0.002113768634090601,0.013563856359516055,0.0026587018041885134,-1.7194730823889064,0.95,315.0960279103151,0.0,827.2306311029718,0.0
rv_future_7,full,har_ols,sym_conformal,neutral,3498.0,0.9485420240137221,-0.0014579759862778374,0.0014579759862778374,0.0,0.051457975986277875,0.0,0.051457975986277875,0.1237541185127403,0.1107323515961593,0.15867295474138873,0.0014198179528635995,0.0134816510720768,0.002547005915671021,268972.406201834,0.95,0.15511982776729383,0.6936899074242913,534.2650735757215,0.0
rv_future_7,full,lstm,cqr,fear,2706.0,0.9127864005912787,-0.037213599408721265,0.037213599408721265,0.02697708795269771,0.06023651145602365,0.02697708795269771,0.06023651145602365,0.17028816349005513,0.16284683889729484,0.2763635004634172,0.0018902249079164833,0.020107488675566172,0.0050188626036688526,101092.9037826286,0.95,65.18837284613528,6.661338147750939e-16,713.9684715523143,0.0
rv_future_7,full,lstm,cqr,greed,2436.0,0.8776683087027914,-0.07233169129720851,0.07233169129720851,0.03407224958949097,0.08825944170771757,0.03407224958949097,0.08825944170771757,0.12450117632328137,0.1201603110951842,0.21241076351067847,0.0017718970165888676,0.015615783990977032,0.0035383720711779994,206738.8339686233,0.95,194.61871975525924,0.0,868.7156008852405,0.0
rv_future_7,full,lstm,cqr,neutral,3498.0,0.9453973699256718,-0.004602630074328151,0.004602630074328151,0.0065751858204688395,0.048027444253859346,0.0065751858204688395,0.048027444253859346,0.1368040329169194,0.13232107290119105,0.19973464117629103,0.0014117305849273849,0.01367919013528445,0.003581635444479793,156334.8694849632,0.95,1.51668432475617,0.21812194410808872,673.2529909146205,0.0
rv_future_7,full,lstm,raw_quantile,fear,2706.0,0.7490761271249076,-0.2009238728750924,0.2009238728750924,0.12305986696230599,0.1278640059127864,0.12305986696230599,0.1278640059127864,0.12283873068601033,0.1200985144823789,0.38505381736231076,0.0031020375758875375,0.020107488675566172,0.0065243078581701365,101092.9037826286,0.95,1227.308887023837,0.0,1182.8711033877398,0.0
rv_future_7,full,lstm,raw_quantile,greed,2436.0,0.7409688013136289,-0.2090311986863711,0.2090311986863711,0.05541871921182266,0.20361247947454844,0.05541871921182266,0.20361247947454844,0.09418719697849551,0.08671371266245839,0.34391461430203035,0.0019131478198131011,0.015615783990977032,0.006684717537737562,206738.8339686233,0.95,1178.7984863012812,0.0,1356.8517812085108,0.0
rv_future_7,full,lstm,raw_quantile,neutral,3498.0,0.8304745568896512,-0.11952544311034874,0.11952544311034874,0.03916523727844483,0.13036020583190394,0.03916523727844483,0.13036020583190394,0.10377324699830759,0.1004156470298767,0.25650796853066804,0.0015613471875018906,0.01367919013528445,0.004851352025764713,156334.8694849632,0.95,666.8424401622133,0.0,1170.9984136021983,0.0
rv_future_7,full,lstm,regime_cqr,fear,2706.0,0.9031781226903178,-0.046821877309682125,0.046821877309682125,0.03288987435328899,0.0639320029563932,0.03288987435328899,0.0639320029563932,0.1682120163137753,0.16044630987316072,0.27690178884837113,0.0019224912926916068,0.020107488675566172,0.005000053428517578,101092.9037826286,0.95,99.23513901350725,0.0,745.8585514724995,0.0
rv_future_7,full,lstm,regime_cqr,greed,2436.0,0.8776683087027914,-0.07233169129720851,0.07233169129720851,0.03489326765188834,0.0874384236453202,0.03489326765188834,0.0874384236453202,0.12328239211952563,0.120164620647398,0.20766943994990444,0.0017683437222904142,0.015615783990977032,0.0034233922764571006,206738.8339686233,0.95,194.61871975525924,0.0,850.5835098133621,0.0
rv_future_7,full,lstm,regime_cqr,neutral,3498.0,0.9373927958833619,-0.012607204116638071,0.012607204116638071,0.011149228130360206,0.051457975986277875,0.011149228130360206,0.051457975986277875,0.1348983956876622,0.13085509968793768,0.2015655678912288,0.0014234734632692135,0.01367919013528445,0.0036156657340114078,156334.8694849632,0.95,10.875364189517313,0.0009745186430856201,686.0558636732407,0.0
rv_future_7,full,lstm,regime_sym_conformal,fear,2706.0,0.8510716925351072,-0.09892830746489278,0.09892830746489278,0.07834441980783444,0.07058388765705839,0.07834441980783444,0.07058388765705839,0.15318546927147816,0.1437157558303546,0.3142042633039502,0.003129998259636899,0.02105791325371991,0.00472510832296176,79972.06003449646,0.95,373.2006530859476,0.0,921.1482238251886,0.0
rv_future_7,full,lstm,regime_sym_conformal,greed,2436.0,0.8464696223316913,-0.10353037766830864,0.10353037766830864,0.05008210180623974,0.10344827586206896,0.05008210180623974,0.10344827586206896,0.10766122554096744,0.0967109245389148,0.220079785725932,0.0017965061880126042,0.017437165240479016,0.0037054884551355996,553922.0177933786,0.95,363.3040801951447,0.0,944.8251502321882,0.0
rv_future_7,full,lstm,regime_sym_conformal,neutral,3498.0,0.8865065751858204,-0.06349342481417952,0.06349342481417952,0.0577472841623785,0.05574614065180103,0.0577472841623785,0.05574614065180103,0.1234125048680854,0.1160050917167573,0.2147678976129827,0.001985778141718077,0.016198379349437363,0.003383419298606393,467682.18693978665,0.95,221.8454996925525,0.0,1081.2590219064987,0.0
rv_future_7,full,lstm,sym_conformal,fear,2706.0,0.8529194382852919,-0.09708056171470802,0.09708056171470802,0.07538802660753881,0.07169253510716925,0.07538802660753881,0.07169253510716925,0.15378921462673106,0.1437157616019249,0.30999497781831614,0.003003537459518156,0.02105791325371991,0.0047463369859396505,79972.06003449646,0.95,361.25971712839555,0.0,914.3070296684562,0.0
rv_future_7,full,lstm,sym_conformal,greed,2436.0,0.8731527093596059,-0.07684729064039408,0.07684729064039408,0.03366174055829228,0.0931855500821018,0.03366174055829228,0.0931855500821018,0.11251650383154596,0.107589304447174,0.20810765425919253,0.0016155525828647121,0.017437165240479016,0.0035871387736150042,553922.0177933786,0.95,216.50248670689598,0.0,852.4385043706895,0.0
rv_future_7,full,lstm,sym_conformal,neutral,3498.0,0.9039451114922813,-0.04605488850771866,0.04605488850771866,0.043167524299599774,0.052887364208118924,0.043167524299599774,0.052887364208118924,0.1262284607379955,0.1184267774224281,0.20358700493422865,0.0017173907875485883,0.016198379349437363,0.0033722843358070308,467682.18693978665,0.95,124.48593097670255,0.0,924.7742470845435,0.0
rv_future_7,full,rf,cqr,fear,2706.0,0.9172209903917221,-0.03277900960827784,0.03277900960827784,0.056910569105691054,0.025868440502586843,0.056910569105691054,0.025868440502586843,0.19880892780537582,0.18138236059785845,0.24966728880541322,0.0018798619798486198,0.02173679694580501,0.0043618202402866185,-1.4870077131036674,0.95,51.556224327556265,6.957767695325856e-13,691.5885595450954,0.0
rv_future_7,full,rf,cqr,greed,2436.0,0.9080459770114943,-0.0419540229885057,0.0419540229885057,0.06814449917898194,0.023809523809523808,0.06814449917898194,0.023809523809523808,0.15054725479137537,0.12989529140023576,0.17785507166882306,0.0013063629972466222,0.012380410439485788,0.003140013794473861,-1.7262485052334648,0.95,73.13234882424877,0.0,441.3176119700331,0.0
rv_future_7,full,rf,cqr,neutral,3498.0,0.9425385934819898,-0.007461406518010194,0.007461406518010194,0.045454545454545456,0.012006861063464836,0.045454545454545456,0.012006861063464836,0.15360835982479837,0.14166123129645525,0.1748848452306167,0.0014099763440775313,0.012147790237979579,0.002962144786687791,-1.8150993869722911,0.95,3.9199225874378953,0.04771707744872422,482.9297289928436,0.0
rv_future_7,full,rf,raw_quantile,fear,2706.0,0.6648189209164819,-0.2851810790835181,0.2851810790835181,0.26127124907612714,0.07390983000739099,0.26127124907612714,0.07390983000739099,0.13759824150582262,0.11800587361355619,0.3871887924237685,0.004389820153511401,0.02173679694580501,0.00528989965708272,-1.4870077131036674,0.95,2167.1070028454915,0.0,1384.3731344677508,0.0
rv_future_7,full,rf,raw_quantile,greed,2436.0,0.7446633825944171,-0.20533661740558284,0.20533661740558284,0.21223316912972084,0.04310344827586207,0.21223316912972084,0.04310344827586207,0.12458818176749344,0.114099032341954,0.2568466048660243,0.0032162825722315343,0.012380410439485788,0.0032048825494189804,-1.7262485052334648,0.95,1144.890548137208,0.0,1103.1161868662034,0.0
rv_future_7,full,rf,raw_quantile,neutral,3498.0,0.7678673527730131,-0.18213264722698685,0.18213264722698685,0.18867924528301888,0.04345340194396798,0.18867924528301888,0.04345340194396798,0.10909061318784774,0.0989196628926951,0.22790183270720155,0.0028476575190445165,0.012147790237979579,0.0028498882986354277,-1.8150993869722911,0.95,1349.9011413875069,0.0,1319.210608431994,0.0
rv_future_7,full,rf,regime_cqr,fear,2706.0,0.885439763488544,-0.06456023651145593,0.06456023651145593,0.08647450110864745,0.028085735402808575,0.08647450110864745,0.028085735402808575,0.1956628935576961,0.1781688048690726,0.25915563569887345,0.0021687282043419197,0.02173679694580501,0.004310162688129824,-1.4870077131036674,0.95,176.7789685507355,0.0,870.939631827961,0.0
rv_future_7,full,rf,regime_cqr,greed,2436.0,0.8916256157635468,-0.058374384236453136,0.058374384236453136,0.08333333333333333,0.02504105090311987,0.08333333333333333,0.02504105090311987,0.14533534869961806,0.12628359094823088,0.17905048996754333,0.0013341670367835678,0.012380410439485788,0.003142095212404922,-1.7262485052334648,0.95,132.9667005563765,0.0,517.2588762652986,0.0
rv_future_7,full,rf,regime_cqr,neutral,3498.0,0.9382504288164666,-0.01174957118353337,0.01174957118353337,0.04974271012006861,0.012006861063464836,0.04974271012006861,0.012006861063464836,0.1523929718792256,0.14115246534468645,0.17445851055046407,0.0014138434491176,0.012147790237979579,0.002947619314643907,-1.8150993869722911,0.95,9.490091338085222,0.002065845362324681,526.7156620321707,0.0
rv_future_7,full,rf,regime_sym_conformal,fear,2706.0,0.8307464892830746,-0.11925351071692536,0.11925351071692536,0.13562453806356245,0.0336289726533629,0.13562453806356245,0.0336289726533629,0.17100513507090404,0.1665912623307068,0.34906318826814203,0.005029073426372585,0.022442939534946946,0.0036975062803308698,-1.4844766131346183,0.95,513.8658626568099,0.0,1096.6166970642598,0.0
rv_future_7,full,rf,regime_sym_conformal,greed,2436.0,0.7717569786535303,-0.17824302134646963,0.17824302134646963,0.17159277504105092,0.05665024630541872,0.17159277504105092,0.05665024630541872,0.09384497450678635,0.0919352695246387,0.19703379365524165,0.002336156670775324,0.01452042970083661,0.0025896881706056214,-1.7085257629775077,0.95,907.14842053537,0.0,1014.3346136349137,0.0
rv_future_7,full,rf,regime_sym_conformal,neutral,3498.0,0.9033733562035449,-0.04662664379645509,0.04662664379645509,0.06803887935963408,0.02858776443682104,0.06803887935963408,0.02858776443682104,0.12737728958337471,0.1152748544950741,0.17660883312955147,0.001695462238571729,0.01341314649724148,0.0027197585896669625,-1.8065356335165392,0.95,127.30943796247357,0.0,716.5506685964722,0.0
rv_future_7,full,rf,sym_conformal,fear,2706.0,0.8141167775314117,-0.1358832224685883,0.1358832224685883,0.14634146341463414,0.03954175905395418,0.14634146341463414,0.03954175905395418,0.1605886567037677,0.1527547501658259,0.3671186130662162,0.005537090574388039,0.022442939534946946,0.0036408747522672703,-1.4844766131346183,0.95,640.8721225475942,0.0,1124.8774285108614,0.0
rv_future_7,full,rf,sym_conformal,greed,2436.0,0.8111658456486043,-0.13883415435139568,0.13883415435139568,0.14285714285714285,0.04597701149425287,0.14285714285714285,0.04597701149425287,0.10142064028239865,0.1070500652554121,0.18088732383448272,0.0021605322224245056,0.01452042970083661,0.002361650873437467,-1.7085257629775077,0.95,598.1641128275123,0.0,919.8593848762828,0.0
rv_future_7,full,rf,sym_conformal,neutral,3498.0,0.9113779302458548,-0.03862206975414517,0.03862206975414517,0.06032018296169239,0.02830188679245283,0.06032018296169239,0.02830188679245283,0.12891227659086796,0.1167664899420478,0.1725687097182014,0.0016288605908268733,0.01341314649724148,0.0026853571521280664,-1.8065356335165392,0.95,90.23035509491137,0.0,657.7101185880333,0.0
rv_future_7,full,ridge,cqr,fear,2706.0,0.9733924611973392,0.023392461197339287,0.023392461197339287,0.011086474501108648,0.015521064301552107,0.011086474501108648,0.015521064301552107,0.18364773053290956,0.1810650078024314,0.1971733047562511,0.0015219511429604364,0.014779811381005136,0.0034073814759457513,-1.5516342468508482,0.95,37.30674648637046,1.0093482716300173e-09,299.30360334020276,0.0
rv_future_7,full,ridge,cqr,greed,2436.0,0.9901477832512315,0.040147783251231584,0.040147783251231584,0.009852216748768473,0.0,0.009852216748768473,0.0,0.17207303789533182,0.1705637863378076,0.17260631807109456,0.001116639033040446,0.010291018898157409,0.0031985189187368223,-1.7447749253027751,0.95,121.70841250840641,0.0,0.4778174486423268,0.48941258941863564
rv_future_7,full,ridge,cqr,neutral,3498.0,0.9708404802744426,0.02084048027444263,0.02084048027444263,0.025728987993138937,0.003430531732418525,0.025728987993138937,0.003430531732418525,0.18189583888505775,0.1781194434312803,0.18859084149003832,0.0011356920797045249,0.01164951906257317,0.00357907895754634,-1.8268336653797335,0.95,37.38238492069934,9.709513193456587e-10,226.65038103197946,0.0
rv_future_7,full,ridge,raw_quantile,fear,2706.0,0.9490022172949002,-0.000997782705099759,0.000997782705099759,0.03547671840354767,0.015521064301552107,0.03547671840354767,0.015521064301552107,0.17826500806010456,0.1792746692485754,0.1996392665326219,0.001650884218279768,0.014779811381005136,0.0033400974450356865,-1.5516342468508482,0.95,0.05636219141956644,0.8123408836672199,690.5292103205495,0.0
rv_future_7,full,ridge,raw_quantile,greed,2436.0,0.9901477832512315,0.040147783251231584,0.040147783251231584,0.009852216748768473,0.0,0.009852216748768473,0.0,0.1711042768697409,0.1705637863378076,0.17180235406624697,0.0011086494457391428,0.010291018898157409,0.0031864094059169366,-1.7447749253027751,0.95,121.70841250840641,0.0,0.4778174486423268,0.48941258941863564
rv_future_7,full,ridge,raw_quantile,neutral,3498.0,0.9622641509433962,0.01226415094339628,0.01226415094339628,0.03430531732418525,0.003430531732418525,0.03430531732418525,0.003430531732418525,0.17423627359785646,0.1724184798247178,0.18158107828532855,0.0010561925656767965,0.01164951906257317,0.0034833343914563225,-1.8268336653797335,0.95,12.058565992586182,0.000515549344884958,246.08703498863088,0.0
rv_future_7,full,ridge,regime_cqr,fear,2706.0,0.9733924611973392,0.023392461197339287,0.023392461197339287,0.011086474501108648,0.015521064301552107,0.011086474501108648,0.015521064301552107,0.18352828651449019,0.1810650078024314,0.1970538607378318,0.0015204580927301937,0.014779811381005136,0.003405888425715508,-1.5516342468508482,0.95,37.30674648637046,1.0093482716300173e-09,299.30360334020276,0.0
rv_future_7,full,ridge,regime_cqr,greed,2436.0,0.9901477832512315,0.040147783251231584,0.040147783251231584,0.009852216748768473,0.0,0.009852216748768473,0.0,0.17207303789533182,0.1705637863378076,0.17260631807109456,0.001116639033040446,0.010291018898157409,0.0031985189187368223,-1.7447749253027751,0.95,121.70841250840641,0.0,0.4778174486423268,0.48941258941863564
rv_future_7,full,ridge,regime_cqr,neutral,3498.0,0.967409948542024,0.017409948542024045,0.017409948542024045,0.029159519725557463,0.003430531732418525,0.029159519725557463,0.003430531732418525,0.1800983219367149,0.1781194434312803,0.1870706430201352,0.001120156079811233,0.01164951906257317,0.003556609995692053,-1.8268336653797335,0.95,25.32168046601828,4.852241007879954e-07,244.28005605969304,0.0
rv_future_7,full,ridge,regime_sym_conformal,fear,2706.0,0.8470066518847007,-0.10299334811529925,0.10299334811529925,0.1197339246119734,0.03325942350332594,0.1197339246119734,0.03325942350332594,0.1526552528368659,0.16010313416662858,0.2954205819147703,0.0035355510265108166,0.020007459694766014,0.0038499635213583455,-1.4906037344248415,0.95,399.9817982458121,0.0,1072.7089676814514,0.0
rv_future_7,full,ridge,regime_sym_conformal,greed,2436.0,0.8226600985221675,-0.12733990147783247,0.12733990147783247,0.11083743842364532,0.0665024630541872,0.11083743842364532,0.0665024630541872,0.09543314458485432,0.0881398453964929,0.17903377033648865,0.001714337244429674,0.013694216343581284,0.0027615070139824483,-1.7191375734466396,0.95,517.0362413567955,0.0,730.6098511784712,0.0
rv_future_7,full,ridge,regime_sym_conformal,neutral,3498.0,0.9433962264150944,-0.006603773584905603,0.006603773584905603,0.003430531732418525,0.05317324185248713,0.003430531732418525,0.05317324185248713,0.11704712403042897,0.10609493033399375,0.17604977975867278,0.0013553849679080402,0.011748352690244183,0.0030458595260586833,-1.628302385994511,0.95,3.085798212905047,0.07897850481851754,622.5660234092468,0.0
rv_future_7,full,ridge,sym_conformal,fear,2706.0,0.835920177383592,-0.11407982261640792,0.11407982261640792,0.12195121951219512,0.04212860310421286,0.12195121951219512,0.04212860310421286,0.15065676043784482,0.1512051603803579,0.30301553422876126,0.0036102692493399304,0.020007459694766014,0.003965119106379007,-1.4906037344248415,0.95,476.48691211683035,0.0,915.7024997523063,0.0
rv_future_7,full,ridge,sym_conformal,greed,2436.0,0.8571428571428571,-0.09285714285714286,0.09285714285714286,0.07635467980295567,0.0665024630541872,0.07635467980295567,0.0665024630541872,0.10088810967025015,0.0881750136991504,0.18058628298162666,0.0016242723633696176,0.013694216343581284,0.002890384711170954,-1.7191375734466396,0.95,301.14375705485963,0.0,762.0553230299704,0.0
rv_future_7,full,ridge,sym_conformal,neutral,3498.0,0.9588336192109777,0.008833619210977695,0.008833619210977695,0.0017152658662092624,0.03945111492281304,0.0017152658662092624,0.03945111492281304,0.11953010277053484,0.1100590173068936,0.16439166655808332,0.0013863754498829287,0.011748352690244183,0.0027234162140690565,-1.628302385994511,0.95,6.098926891807196,0.01352639975069192,575.4290222798792,0.0
rv_future_7,price_onchain,gbr,cqr,fear,2706.0,0.9667405764966741,0.016740576496674153,0.016740576496674153,0.009977827050997782,0.02328159645232816,0.009977827050997782,0.02328159645232816,0.17228712422379502,0.17028630553384955,0.19974394667323545,0.0014485122032713335,0.015695834684212324,0.0035450864635594584,-1.533850297690614,0.95,18.010337487432935,2.197086309096985e-05,317.06435471960276,0.0
rv_future_7,price_onchain,gbr,cqr,greed,2436.0,0.9766009852216748,0.026600985221674867,0.026600985221674867,0.022988505747126436,0.00041050903119868636,0.022988505747126436,0.00041050903119868636,0.13692808902865006,0.13625458485603026,0.1400549639573219,0.0009665112832700312,0.011290184135898239,0.0025348628156629223,-1.715945111236399,0.95,44.83424877700645,2.1443846698332436e-11,92.4928674476426,0.0
rv_future_7,price_onchain,gbr,cqr,neutral,3498.0,0.9585477415666095,0.008547741566609535,0.008547741566609535,0.0357347055460263,0.005717552887364208,0.0357347055460263,0.005717552887364208,0.16289554698885794,0.1607574336244212,0.17447033614140534,0.0011901768100852769,0.010852121264546846,0.0031715815934497626,-1.8248530127118896,0.95,5.69884017054892,0.016976127340251668,237.9210537351588,0.0
rv_future_7,price_onchain,gbr,raw_quantile,fear,2706.0,0.943089430894309,-0.006910569105690989,0.006910569105690989,0.029194382852919438,0.02771618625277162,0.029194382852919438,0.02771618625277162,0.1534207903294095,0.14623229264509174,0.19179574886000586,0.0013278540637364322,0.015695834684212324,0.0034670396577636225,-1.533850297690614,0.95,2.6094448490850937,0.10622894415309769,298.72603264865165,0.0
rv_future_7,price_onchain,gbr,raw_quantile,greed,2436.0,0.9560755336617406,0.006075533661740629,0.006075533661740629,0.04351395730706076,0.00041050903119868636,0.04351395730706076,0.00041050903119868636,0.13490446312304843,0.1328762964966464,0.14012502816055733,0.000993558212170938,0.011290184135898239,0.002509567491842901,-1.715945111236399,0.95,1.9704238351473577,0.16040288144360582,141.24272803907354,0.0
rv_future_7,price_onchain,gbr,raw_quantile,neutral,3498.0,0.9331046312178388,-0.016895368782161135,0.016895368782161135,0.06060606060606061,0.006289308176100629,0.06060606060606061,0.006289308176100629,0.15236039446712715,0.14889781661667667,0.16869941880827277,0.0011768430203950935,0.010852121264546846,0.003040642449811631,-1.8248530127118896,0.95,19.095307941420742,1.2435022500367765e-05,327.49561626111245,0.0
rv_future_7,price_onchain,gbr,regime_cqr,fear,2706.0,0.9630450849963045,0.013045084996304523,0.013045084996304523,0.013303769401330377,0.023651145602365115,0.013303769401330377,0.023651145602365115,0.17122327592179112,0.16730960091503205,0.19857293827968833,0.001458046824879431,0.015695834684212324,0.003506276632112683,-1.533850297690614,0.95,10.617654458728794,0.0011201304001270396,289.70501423652127,0.0
rv_future_7,price_onchain,gbr,regime_cqr,greed,2436.0,0.9766009852216748,0.026600985221674867,0.026600985221674867,0.022988505747126436,0.00041050903119868636,0.022988505747126436,0.00041050903119868636,0.13680590000256165,0.1362025423509559,0.14013173004052545,0.0009699577981762254,0.011290184135898239,0.002533335452836817,-1.715945111236399,0.95,44.83424877700645,2.1443846698332436e-11,92.4928674476426,0.0
rv_future_7,price_onchain,gbr,regime_cqr,neutral,3498.0,0.9582618639222413,0.008261863922241375,0.008261863922241375,0.036020583190394515,0.005717552887364208,0.036020583190394515,0.005717552887364208,0.163057189828217,0.1607806006142518,0.1746245197347475,0.0011920108644268418,0.010852121264546846,0.0031736021289417507,-1.8248530127118896,0.95,5.313143142852368,0.02116513818120791,235.75122151106098,0.0
rv_future_7,price_onchain,gbr,regime_sym_conformal,fear,2706.0,0.7734663710273466,-0.17653362897265334,0.17653362897265334,0.15373244641537326,0.07280118255728012,0.15373244641537326,0.07280118255728012,0.14667093497873607,0.1343628784805063,0.36895785897178573,0.005457472164171457,0.020491515388915978,0.0037664743101230905,-1.4962292533725388,0.95,991.7701024495,0.0,1407.220189459743,0.0
rv_future_7,price_onchain,gbr,regime_sym_conformal,greed,2436.0,0.8140394088669951,-0.13596059113300485,0.13596059113300485,0.10262725779967159,0.08333333333333333,0.10262725779967159,0.08333333333333333,0.08935989117444253,0.0884526102013345,0.16405571841854866,0.0014851055948352403,0.013169423059678628,0.0026162873656283823,-1.721478904166307,0.95,577.4802491193545,0.0,846.5247659337399,0.0
rv_future_7,price_onchain,gbr,regime_sym_conformal,neutral,3498.0,0.8876500857632933,-0.06234991423670666,0.06234991423670666,0.07747284162378502,0.03487707261292167,0.07747284162378502,0.03487707261292167,0.12058439274121745,0.1142233346007175,0.196720160520277,0.002106158489305338,0.01246751761931229,0.0028118455237014913,-1.8174670089681773,0.95,214.77993268451291,0.0,944.7101358250329,0.0
rv_future_7,price_onchain,gbr,sym_conformal,fear,2706.0,0.7645971914264598,-0.1854028085735402,0.1854028085735402,0.15336289726533628,0.082039911308204,0.15336289726533628,0.082039911308204,0.14562646050702294,0.1343628784805063,0.3748234235449219,0.005491509258023396,0.020491515388915978,0.0038790763305995555,-1.4962292533725388,0.95,1075.3635855427315,0.0,1415.0548867225284,0.0
rv_future_7,price_onchain,gbr,sym_conformal,greed,2436.0,0.8571428571428571,-0.09285714285714286,0.09285714285714286,0.06486042692939245,0.07799671592775041,0.06486042692939245,0.07799671592775041,0.09507202956863947,0.0946323498570512,0.15930055903047924,0.0013986500946070177,0.013169423059678628,0.0025838638811548696,-1.721478904166307,0.95,301.14375705485963,0.0,689.605579491333,0.0
rv_future_7,price_onchain,gbr,sym_conformal,neutral,3498.0,0.8905088622069754,-0.05949113779302451,0.05949113779302451,0.07661520869068039,0.032875929102344194,0.07661520869068039,0.032875929102344194,0.12336425854032404,0.12232236896206439,0.1938755316910997,0.00212680083521495,0.01246751761931229,0.002720087457062445,-1.8174670089681773,0.95,197.51915137193237,0.0,878.3649677605645,0.0
rv_future_7,price_onchain,gru,cqr,fear,2706.0,0.9223946784922394,-0.027605321507760516,0.027605321507760516,0.015890613451589063,0.06171470805617147,0.015890613451589063,0.06171470805617147,0.1801785550804684,0.1771088987588882,0.27730627068445585,0.0020429031649010707,0.017603504767579256,0.00488975360221023,-1.3255256287556,0.95,37.429444136613256,9.47803835416039e-10,659.5300734612583,0.0
rv_future_7,price_onchain,gru,cqr,greed,2436.0,0.9807060755336617,0.03070607553366178,0.03070607553366178,0.007389162561576354,0.011904761904761904,0.007389162561576354,0.011904761904761904,0.18212759900703088,0.17927467636764044,0.19322267548740246,0.0014278973216444116,0.010772850951655928,0.0034026695655405537,-1.716638979380636,0.95,62.48218512252981,2.6645352591003757e-15,130.45693061847857,0.0
rv_future_7,price_onchain,gru,cqr,neutral,3498.0,0.9625500285877644,0.012550028587764439,0.012550028587764439,0.015151515151515152,0.022298456260720412,0.015151515151515152,0.022298456260720412,0.17578099000307565,0.17319719493389124,0.20495770516416834,0.0014398504201064094,0.012809948658576962,0.0036840922089977023,-1.7695483332425028,0.95,12.654936958770804,0.0003745752254448176,377.6834701322622,0.0
rv_future_7,price_onchain,gru,raw_quantile,fear,2706.0,0.8507021433850702,-0.09929785661492974,0.09929785661492974,0.03473762010347376,0.11456023651145603,0.03473762010347376,0.11456023651145603,0.15354096704453132,0.14770727604627604,0.3498071695489644,0.0023210313547105664,0.017603504767579256,0.006424147884013447,-1.3255256287556,0.95,375.60638198732295,0.0,964.3967304594305,0.0
rv_future_7,price_onchain,gru,raw_quantile,greed,2436.0,0.9745484400656814,0.024548440065681465,0.024548440065681465,0.010262725779967159,0.015188834154351396,0.010262725779967159,0.015188834154351396,0.17691973412379505,0.1743710516020655,0.1912612505895614,0.0014254916272698342,0.010772850951655928,0.0033560396374691034,-1.716638979380636,0.95,37.4016186649751,9.614230522814182e-10,128.00249090127846,0.0
rv_future_7,price_onchain,gru,raw_quantile,neutral,3498.0,0.9362492853058891,-0.013750714694110822,0.013750714694110822,0.02115494568324757,0.04259576901086335,0.02115494568324757,0.04259576901086335,0.16288609189505723,0.16078863758593795,0.2120502080950339,0.0014121059993584637,0.012809948658576962,0.003889149203017288,-1.7695483332425028,0.95,12.858599741488888,0.00033593186764024896,549.8091031629033,0.0
rv_future_7,price_onchain,gru,regime_cqr,fear,2706.0,0.9205469327420547,-0.029453067257945276,0.029453067257945276,0.015890613451589063,0.06356245380635625,0.015890613451589063,0.06356245380635625,0.18023756451693135,0.17789120012355605,0.27662620245405495,0.0020416281400091763,0.017603504767579256,0.0048740269213421,-1.3255256287556,0.95,42.24859854734177,8.03775934699047e-11,671.8162351232148,0.0
rv_future_7,price_onchain,gru,regime_cqr,greed,2436.0,0.979064039408867,0.029064039408867037,0.029064039408867037,0.0090311986863711,0.011904761904761904,0.0090311986863711,0.011904761904761904,0.18145081526152093,0.17848629597574467,0.19253459717140106,0.0014224775110369982,0.010772850951655928,0.003390887418247933,-1.716638979380636,0.95,54.94769685832546,1.2378986724570495e-13,129.06849294215743,0.0
rv_future_7,price_onchain,gru,regime_cqr,neutral,3498.0,0.9622641509433962,0.01226415094339628,0.01226415094339628,0.014865637507146942,0.022870211549456832,0.014865637507146942,0.022870211549456832,0.17579801144240875,0.17313738912343973,0.20493318960804235,0.0014370563450239458,0.012809948658576962,0.0036862733951770164,-1.7695483332425028,0.95,12.058565992586182,0.000515549344884958,374.2994437880445,0.0
rv_future_7,price_onchain,gru,regime_sym_conformal,fear,2706.0,0.8640059127864006,-0.08599408721359936,0.08599408721359936,0.02993348115299335,0.10606060606060606,0.02993348115299335,0.10606060606060606,0.14097865623440792,0.1311521420903333,0.29647466269144584,0.0022249972000693377,0.01896205098787242,0.005186869367216715,90106.25775858271,0.95,292.7630916752232,0.0,831.1760770539781,0.0
rv_future_7,price_onchain,gru,regime_sym_conformal,greed,2436.0,0.8382594417077176,-0.11174055829228235,0.11174055829228235,0.09482758620689655,0.06691297208538588,0.09482758620689655,0.06691297208538588,0.10083788984069865,0.0980910376470969,0.1919051087421608,0.002209290438376685,0.013123855330358324,0.00258833728017724,-1.694011142640443,0.95,414.0401694986581,0.0,765.680847325101,0.0
rv_future_7,price_onchain,gru,regime_sym_conformal,neutral,3498.0,0.9036592338479131,-0.04634076615208682,0.04634076615208682,0.048027444253859346,0.04831332189822756,0.048027444253859346,0.04831332189822756,0.1198168147522759,0.11278416990684405,0.19243440004775564,0.001700765830409597,0.013839913022856571,0.003110094170784198,22479.186181801175,0.95,125.89440075059383,0.0,662.1884722428586,0.0
rv_future_7,price_onchain,gru,sym_conformal,fear,2706.0,0.8621581670362158,-0.08784183296378412,0.08784183296378412,0.028455284552845527,0.10938654841093866,0.028455284552845527,0.10938654841093866,0.1409005191127569,0.13162809610366816,0.3013041046299592,0.0021922292864388205,0.01896205098787242,0.005340373329310066,90106.25775858271,0.95,303.7961291391375,0.0,862.3922271364947,0.0
rv_future_7,price_onchain,gru,sym_conformal,greed,2436.0,0.8772577996715928,-0.07274220032840717,0.07274220032840717,0.07101806239737274,0.05172413793103448,0.07101806239737274,0.05172413793103448,0.1069438593410114,0.10936703532934185,0.17561894329184663,0.001996246901259678,0.013123855330358324,0.0023942266810363937,-1.694011142640443,0.95,196.5703522606193,0.0,581.6856709930544,0.0
rv_future_7,price_onchain,gru,sym_conformal,neutral,3498.0,0.9176672384219554,-0.032332761578044544,0.032332761578044544,0.037449971412235564,0.04488279016580903,0.037449971412235564,0.04488279016580903,0.12246658666599315,0.117984090000391,0.1830028600857736,0.0015470620315004373,0.013839913022856571,0.0030280094706438055,22479.186181801175,0.95,64.97148118243581,7.771561172376096e-16,532.1407486833589,0.0
rv_future_7,price_onchain,har_ols,cqr,fear,2706.0,0.8891352549889135,-0.06086474501108641,0.06086474501108641,0.04212860310421286,0.06873614190687362,0.04212860310421286,0.06873614190687362,0.18131101471643715,0.1789068740582613,0.34768208589090144,0.002147047971254551,0.017811960358862153,0.0065450041760178905,33196.841178900126,0.95,159.15764679289077,0.0,527.6774382732506,0.0
rv_future_7,price_onchain,har_ols,cqr,greed,2436.0,0.9507389162561576,0.000738916256157629,0.000738916256157629,0.014778325123152709,0.034482758620689655,0.014778325123152709,0.034482758620689655,0.16028947899100643,0.1498229626313689,0.18639526781578541,0.0013696490399859257,0.010785010229076651,0.0032902326554086155,-1.7008197786051698,0.95,0.028132690504776292,0.8667972474398624,191.59221728952184,0.0
rv_future_7,price_onchain,har_ols,cqr,neutral,3498.0,0.9485420240137221,-0.0014579759862778374,0.0014579759862778374,0.012006861063464836,0.03945111492281304,0.012006861063464836,0.03945111492281304,0.17162809548937608,0.1647187937230735,0.21097586708662414,0.001327221717606992,0.012507683063916553,0.0039471749595585155,-1.7329185181041575,0.95,0.15511982776729383,0.6936899074242913,386.4302735766362,0.0
rv_future_7,price_onchain,har_ols,raw_quantile,fear,2706.0,0.7782705099778271,-0.17172949002217286,0.17172949002217286,0.06651884700665188,0.15521064301552107,0.06651884700665188,0.15521064301552107,0.13054853574263023,0.1228813766822631,0.4265814294142289,0.002094935142285622,0.017811960358862153,0.008569600593070005,33196.841178900126,0.95,947.5006392605924,0.0,825.2344211179598,0.0
rv_future_7,price_onchain,har_ols,raw_quantile,greed,2436.0,0.8645320197044335,-0.08546798029556646,0.08546798029556646,0.05172413793103448,0.08374384236453201,0.05172413793103448,0.08374384236453201,0.1274211708773308,0.117850393325218,0.22530468874464957,0.0011933228949308795,0.010785010229076651,0.004439294323685267,-1.7008197786051698,0.95,260.74953841801243,0.0,620.2318461486891,0.0
rv_future_7,price_onchain,har_ols,raw_quantile,neutral,3498.0,0.8644939965694682,-0.08550600343053172,0.08550600343053172,0.048027444253859346,0.08747855917667238,0.048027444253859346,0.08747855917667238,0.1442315536962288,0.130812379811169,0.24628028112166547,0.0013479205819491944,0.012507683063916553,0.004809086446092348,-1.7329185181041575,0.95,374.71631751141695,0.0,565.6764359684603,0.0
rv_future_7,price_onchain,har_ols,regime_cqr,fear,2706.0,0.8891352549889135,-0.06086474501108641,0.06086474501108641,0.04212860310421286,0.06873614190687362,0.04212860310421286,0.06873614190687362,0.1820848261789851,0.1789068740582613,0.347707000589209,0.002146790985929458,0.017811960358862153,0.006545884028800673,33196.841178900126,0.95,159.15764679289077,0.0,527.6774382732506,0.0
rv_future_7,price_onchain,har_ols,regime_cqr,greed,2436.0,0.9261083743842364,-0.023891625615763523,0.023891625615763523,0.017241379310344827,0.05665024630541872,0.017241379310344827,0.05665024630541872,0.1501574496096238,0.14233286534781986,0.2121768924295305,0.0012766295427642617,0.010785010229076651,0.0040277927679739055,-1.7008197786051698,0.95,25.683641550003358,4.022221204991183e-07,317.7631486403068,0.0
rv_future_7,price_onchain,har_ols,regime_cqr,neutral,3498.0,0.9502572898799314,0.0002572898799314549,0.0002572898799314549,0.00686106346483705,0.04288164665523156,0.00686106346483705,0.04288164665523156,0.16958973891190357,0.1567391303086545,0.20944859875884797,0.0012966903181867257,0.012507683063916553,0.003939524650784377,-1.7329185181041575,0.95,0.004882908415765996,0.9442909145161796,358.6674452613436,0.0
rv_future_7,price_onchain,har_ols,regime_sym_conformal,fear,2706.0,0.8603104212860311,-0.08968957871396888,0.08968957871396888,0.019955654101995565,0.1197339246119734,0.019955654101995565,0.1197339246119734,0.1377230107170307,0.1259392504196019,0.2973661730145794,0.0018802165221153046,0.019712818308601016,0.005553937803249086,33197.01509023767,0.95,314.9846505247169,0.0,910.041132700765,0.0
rv_future_7,price_onchain,har_ols,regime_sym_conformal,greed,2436.0,0.9014778325123153,-0.048522167487684675,0.048522167487684675,0.03201970443349754,0.0665024630541872,0.03201970443349754,0.0665024630541872,0.09608668832908339,0.08591157760959725,0.1758674699637109,0.0012730488082767547,0.01160875180054,0.003123637940815922,-1.7134275548319642,0.95,95.30678494988615,0.0,456.05187499511817,0.0
rv_future_7,price_onchain,har_ols,regime_sym_conformal,neutral,3498.0,0.9296740994854202,-0.02032590051457972,0.02032590051457972,0.02058319039451115,0.04974271012006861,0.02058319039451115,0.04974271012006861,0.11911152708877587,0.1096482548885778,0.17303955155732592,0.0015369993727153044,0.013501257984967981,0.0027889894162177477,-1.759022614941438,0.95,27.16183975912577,1.871157543353874e-07,684.337439834211,0.0
rv_future_7,price_onchain,har_ols,sym_conformal,fear,2706.0,0.8625277161862528,-0.08747228381374716,0.08747228381374716,0.017738359201773836,0.1197339246119734,0.017738359201773836,0.1197339246119734,0.13729173791388838,0.1235298738494447,0.3050537985485218,0.0018740552810359546,0.019712818308601016,0.0057522896826769955,33197.01509023767,0.95,301.57702682121453,0.0,843.5317737159553,0.0
rv_future_7,price_onchain,har_ols,sym_conformal,greed,2436.0,0.9113300492610837,-0.038669950738916214,0.038669950738916214,0.029556650246305417,0.059113300492610835,0.029556650246305417,0.059113300492610835,0.10295711226410499,0.1054220012836353,0.16247315656823028,0.0013194865171834542,0.01160875180054,0.0027423423970222073,-1.7134275548319642,0.95,62.979502123366046,2.1094237467877974e-15,412.12209976456234,0.0
rv_future_7,price_onchain,har_ols,sym_conformal,neutral,3498.0,0.9210977701543739,-0.02890222984562607,0.02890222984562607,0.025728987993138937,0.05317324185248713,0.025728987993138937,0.05317324185248713,0.11860749983854506,0.1054220012836352,0.1786414752425026,0.0016426215963355876,0.013501257984967981,0.0028234152847268785,-1.759022614941438,0.95,52.72242020423823,3.8413716652030416e-13,761.3373621725102,0.0
rv_future_7,price_onchain,lstm,cqr,fear,2706.0,0.9386548410938654,-0.011345158906134523,0.011345158906134523,0.012934220251293422,0.04841093865484109,0.012934220251293422,0.04841093865484109,0.1537027826918259,0.14664209634065625,0.21491216166565985,0.001743988644929296,0.016727798267414024,0.003628815396712104,-1.4950524381441541,0.95,6.859856056242734,0.008815365019196886,462.9645062820259,0.0
rv_future_7,price_onchain,lstm,cqr,greed,2436.0,0.9429392446633826,-0.007060755336617319,0.007060755336617319,0.013957307060755337,0.04310344827586207,0.013957307060755337,0.04310344827586207,0.14005915164539076,0.1367200064115046,0.18524591412915667,0.0015076527445386369,0.011879603917264697,0.003123495108690183,-1.6634080949770595,0.95,2.4501693697407063,0.11751218789348572,536.2493335784465,0.0
rv_future_7,price_onchain,lstm,cqr,neutral,3498.0,0.9528301886792453,0.002830188679245338,0.002830188679245338,0.029731275014293884,0.017438536306460833,0.029731275014293884,0.017438536306460833,0.14884192340330582,0.1435405286488679,0.17946612570021228,0.0014955974161815228,0.014014301623302867,0.0029910557263236872,7715.499655460402,0.95,0.6007246192957609,0.4383016844849946,361.6877138799582,0.0
rv_future_7,price_onchain,lstm,raw_quantile,fear,2706.0,0.8891352549889135,-0.06086474501108641,0.06086474501108641,0.04028085735402809,0.07058388765705839,0.04028085735402809,0.07058388765705839,0.12583322269726382,0.1246150061488151,0.2407349994389429,0.0019645372891444516,0.016727798267414024,0.0040538376968290235,-1.4950524381441541,0.95,159.15764679289077,0.0,718.0497895700548,0.0
rv_future_7,price_onchain,lstm,raw_quantile,greed,2436.0,0.9088669950738916,-0.041133004926108385,0.041133004926108385,0.024630541871921183,0.0665024630541872,0.024630541871921183,0.0665024630541872,0.12542265404282632,0.1232669344171881,0.19454382765848235,0.001492354864321855,0.011879603917264697,0.0033712408271401074,-1.6634080949770595,0.95,70.53433645189398,0.0,667.0233813114197,0.0
rv_future_7,price_onchain,lstm,raw_quantile,neutral,3498.0,0.9216695254431103,-0.02833047455688964,0.02833047455688964,0.0465980560320183,0.03173241852487135,0.0465980560320183,0.03173241852487135,0.13173919582874988,0.12898207828402514,0.1800099472717566,0.0015643697155340352,0.014014301623302867,0.0029358789662597825,7715.499655460402,0.95,50.789860175451395,1.028066520802895e-12,541.843557458044,0.0
rv_future_7,price_onchain,lstm,regime_cqr,fear,2706.0,0.9412416851441242,-0.008758314855875748,0.008758314855875748,0.012934220251293422,0.04582409460458241,0.012934220251293422,0.04582409460458241,0.15447486210802494,0.14664209634065625,0.21439166989186223,0.0017510801069354235,0.016727798267414024,0.0036087116403610356,-1.4950524381441541,0.95,4.147445601010077,0.04169738149683222,465.08938348933975,0.0
rv_future_7,price_onchain,lstm,regime_cqr,greed,2436.0,0.9408866995073891,-0.009113300492610832,0.009113300492610832,0.017651888341543513,0.04146141215106732,0.017651888341543513,0.04146141215106732,0.1392833252609834,0.13584324964962974,0.18351589265656598,0.0015278053720486134,0.011879603917264697,0.003060091944365439,-1.6634080949770595,0.95,4.034335669188295,0.04458322520004965,550.9198873084098,0.0
rv_future_7,price_onchain,lstm,regime_cqr,neutral,3498.0,0.9514008004574043,0.0014008004574043165,0.0014008004574043165,0.030017152658662092,0.018582046883933678,0.030017152658662092,0.018582046883933678,0.1468882213930485,0.140219827580639,0.1781045291283674,0.001488922827135239,0.014014301623302867,0.002963690401073849,7715.499655460402,0.95,0.14580034142136356,0.7025814498170109,385.5527054551744,0.0
rv_future_7,price_onchain,lstm,regime_sym_conformal,fear,2706.0,0.8828529194382853,-0.0671470805617147,0.0671470805617147,0.018847006651884702,0.09830007390983,0.018847006651884702,0.09830007390983,0.14012450332112802,0.13218709679752425,0.2605656973954537,0.001928485881655757,0.01626959923995277,0.00458565655323049,6803.295599341465,0.95,189.54870172713117,0.0,904.6636926544861,0.0
rv_future_7,price_onchain,lstm,regime_sym_conformal,greed,2436.0,0.8563218390804598,-0.09367816091954018,0.09367816091954018,0.05665024630541872,0.08702791461412152,0.05665024630541872,0.08702791461412152,0.10474415783291044,0.1042323137480509,0.19470695347798875,0.00173391893804957,0.013643731419166244,0.0031337548989000515,69526.04773703644,0.95,305.76786371166463,0.0,897.8563468920979,0.0
rv_future_7,price_onchain,lstm,regime_sym_conformal,neutral,3498.0,0.9128073184676958,-0.03719268153230415,0.03719268153230415,0.04631217838765009,0.040880503144654086,0.04631217838765009,0.040880503144654086,0.1258966985258997,0.1212771550801879,0.18303994426137302,0.0015915483498605534,0.014586579067242375,0.002984450256673676,9430.971840732427,0.95,84.18065280643305,0.0,670.5114099348025,0.0
rv_future_7,price_onchain,lstm,sym_conformal,fear,2706.0,0.877309682187731,-0.07269031781226898,0.07269031781226898,0.019216555801921657,0.10347376201034737,0.019216555801921657,0.10347376201034737,0.13944808230167477,0.13253542035818094,0.262437126811054,0.001913616689354044,0.01626959923995277,0.004647311480922211,6803.295599341465,0.95,218.08324080708303,0.0,930.1599370542986,0.0
rv_future_7,price_onchain,lstm,sym_conformal,greed,2436.0,0.8752052545155994,-0.07479474548440057,0.07479474548440057,0.03735632183908046,0.0874384236453202,0.03735632183908046,0.0874384236453202,0.10738133578385377,0.1065128892660141,0.1916488885380604,0.0015418351780753996,0.013643731419166244,0.003249387035376014,69526.04773703644,0.95,206.4424528439738,0.0,809.4473650361398,0.0
rv_future_7,price_onchain,lstm,sym_conformal,neutral,3498.0,0.9182389937106918,-0.031761006289308114,0.031761006289308114,0.04230989136649514,0.03945111492281304,0.04230989136649514,0.03945111492281304,0.12689610695803996,0.12124686315655706,0.18238861388749658,0.0016074603434590427,0.014586579067242375,0.002952255003728275,9430.971840732427,0.95,62.85315520811969,2.220446049250313e-15,634.7296511080156,0.0
rv_future_7,price_onchain,rf,cqr,fear,2706.0,0.9379157427937915,-0.012084257206208426,0.012084257206208426,0.031042128603104215,0.031042128603104215,0.031042128603104215,0.031042128603104215,0.18329899541301445,0.1676251651203008,0.2247252145151037,0.001662866876458831,0.022284426096767614,0.003955263486418667,-1.4779259614529026,0.95,7.751461094627757,0.005366910346302989,421.9812556561242,0.0
rv_future_7,price_onchain,rf,cqr,greed,2436.0,0.944991789819376,-0.005008210180623918,0.005008210180623918,0.031198686371100164,0.023809523809523808,0.031198686371100164,0.023809523809523808,0.16010776591122322,0.1307452737365167,0.18220445829445206,0.0011946192294207381,0.017022504744025495,0.0033604922279404682,-1.6579100871746248,0.95,1.2475604544069938,0.26401892926099,289.70658569694126,0.0
rv_future_7,price_onchain,rf,cqr,neutral,3498.0,0.9296740994854202,-0.02032590051457972,0.02032590051457972,0.05345911949685535,0.016866781017724413,0.05345911949685535,0.016866781017724413,0.1648306573078183,0.14683141033971275,0.18592517890630172,0.0013820061334411187,0.01676658662564953,0.0032661233392163275,-1.7725704891516205,0.95,27.16183975912577,1.871157543353874e-07,531.8973850835662,0.0
rv_future_7,price_onchain,rf,raw_quantile,fear,2706.0,0.7387287509238729,-0.21127124907612704,0.21127124907612704,0.19290465631929046,0.06836659275683665,0.19290465631929046,0.06836659275683665,0.1292410191849539,0.10753604021263775,0.3156970878354939,0.003082267918880868,0.022284426096767614,0.004810159277006386,-1.4779259614529026,0.95,1332.4784318263937,0.0,1130.1836505624924,0.0
rv_future_7,price_onchain,rf,raw_quantile,greed,2436.0,0.8148604269293924,-0.13513957307060753,0.13513957307060753,0.1444991789819376,0.04064039408866995,0.1444991789819376,0.04064039408866995,0.13756179171306554,0.11113225187963566,0.22244568299159156,0.0021112434994739154,0.017022504744025495,0.0034498985753157805,-1.6579100871746248,0.95,571.6192487284893,0.0,832.1599100878141,0.0
rv_future_7,price_onchain,rf,raw_quantile,neutral,3498.0,0.8093196112064036,-0.14068038879359634,0.14068038879359634,0.16323613493424813,0.0274442538593482,0.16323613493424813,0.0274442538593482,0.12897006702803748,0.11464703468386835,0.2029045273850461,0.002163933155185625,0.01676658662564953,0.002908680029440434,-1.7725704891516205,0.95,878.2220888708343,0.0,971.8876194619706,0.0
rv_future_7,price_onchain,rf,regime_cqr,fear,2706.0,0.9109386548410938,-0.039061345158906136,0.039061345158906136,0.04693274205469328,0.04212860310421286,0.04693274205469328,0.04212860310421286,0.17896992350020802,0.16680972609306935,0.23490904660580167,0.0018091953936757125,0.022284426096767614,0.004063530771469235,-1.4779259614529026,0.95,71.2666666059913,0.0,629.7564164324156,0.0
rv_future_7,price_onchain,rf,regime_cqr,greed,2436.0,0.9334975369458128,-0.016502463054187122,0.016502463054187122,0.038177339901477834,0.02832512315270936,0.038177339901477834,0.02832512315270936,0.15728331194927375,0.1269283057082587,0.18320762955111655,0.0012175503287789621,0.017022504744025495,0.0033626404099988574,-1.6579100871746248,0.95,12.71237122670891,0.0003632445441572596,344.39408123034127,0.0
rv_future_7,price_onchain,rf,regime_cqr,neutral,3498.0,0.9242424242424242,-0.025757575757575757,0.025757575757575757,0.05889079473985134,0.016866781017724413,0.05889079473985134,0.016866781017724413,0.16282744019149184,0.14612285370975986,0.18584456885444153,0.0014043074383667164,0.01676658662564953,0.003241806782994225,-1.7725704891516205,0.95,42.48847061134734,7.110012578692704e-11,557.169440665474,0.0
rv_future_7,price_onchain,rf,regime_sym_conformal,fear,2706.0,0.8022912047302291,-0.14770879526977088,0.14770879526977088,0.14042867701404288,0.05728011825572801,0.14042867701404288,0.05728011825572801,0.15442999058383533,0.1247007907669613,0.41646589361520175,0.0065751152428851715,0.021790257087082425,0.0038365320974947776,-1.4865045827900798,0.95,737.2501908730551,0.0,1534.0462083758548,0.0
rv_future_7,price_onchain,rf,regime_sym_conformal,greed,2436.0,0.7701149425287356,-0.17988505747126438,0.17988505747126438,0.1358784893267652,0.09400656814449918,0.1358784893267652,0.09400656814449918,0.10576640964201617,0.0955654103191099,0.26308069089104363,0.0035877173206082503,0.018400257789459994,0.002989299951667746,-1.6583308148702918,0.95,920.9950871728015,0.0,1015.0733965538195,0.0
rv_future_7,price_onchain,rf,regime_sym_conformal,neutral,3498.0,0.8461978273299028,-0.10380217267009717,0.10380217267009717,0.12778730703259006,0.026014865637507146,0.12778730703259006,0.026014865637507146,0.1449675328048625,0.12179881218550631,0.24767104400337858,0.003062856485001283,0.01732466186106407,0.0031289196150830873,-1.7689829380103241,0.95,524.044957548143,0.0,1103.0183956897754,0.0
rv_future_7,price_onchain,rf,sym_conformal,fear,2706.0,0.8233555062823356,-0.1266444937176644,0.1266444937176644,0.12121212121212122,0.05543237250554324,0.12121212121212122,0.05543237250554324,0.15771077710385029,0.1264644156100961,0.380771816499619,0.0058882651202185115,0.021790257087082425,0.003631030292271867,-1.4865045827900798,0.95,569.045726985853,0.0,1372.8117995897003,0.0
rv_future_7,price_onchain,rf,sym_conformal,greed,2436.0,0.7791461412151067,-0.17085385878489323,0.17085385878489323,0.13341543513957307,0.0874384236453202,0.13341543513957307,0.0874384236453202,0.10740319238479466,0.108415285081511,0.2672718624591667,0.0037291628152427837,0.018400257789459994,0.0029526337462362916,-1.6583308148702918,0.95,845.766851843428,0.0,1021.5712482098229,0.0
rv_future_7,price_onchain,rf,sym_conformal,neutral,3498.0,0.8599199542595769,-0.09008004574042305,0.09008004574042305,0.11406518010291596,0.026014865637507146,0.11406518010291596,0.026014865637507146,0.14674335713305847,0.12361780376250425,0.23803529171135634,0.002797578057765807,0.01732466186106407,0.0031533042350180072,-1.7689829380103241,0.95,410.25716935297396,0.0,1053.5141793882217,0.0
rv_future_7,price_onchain,ridge,cqr,fear,2706.0,0.9733924611973392,0.023392461197339287,0.023392461197339287,0.011086474501108648,0.015521064301552107,0.011086474501108648,0.015521064301552107,0.18364773053290956,0.1810650078024314,0.1971733047562511,0.0015219511429604364,0.014777006155344729,0.0034073814759457513,-1.553678931652709,0.95,37.30674648637046,1.0093482716300173e-09,299.30360334020276,0.0
rv_future_7,price_onchain,ridge,cqr,greed,2436.0,0.9901477832512315,0.040147783251231584,0.040147783251231584,0.009852216748768473,0.0,0.009852216748768473,0.0,0.17207303789533182,0.1705637863378076,0.17260631807109456,0.001116639033040446,0.010620005376327991,0.0031985189187368223,-1.7428551250343525,0.95,121.70841250840641,0.0,0.4778174486423268,0.48941258941863564
rv_future_7,price_onchain,ridge,cqr,neutral,3498.0,0.9708404802744426,0.02084048027444263,0.02084048027444263,0.025728987993138937,0.003430531732418525,0.025728987993138937,0.003430531732418525,0.18189583888505775,0.1781194434312803,0.18859084149003832,0.0011356920797045249,0.012028737564069525,0.00357907895754634,-1.8234364424527019,0.95,37.38238492069934,9.709513193456587e-10,226.65038103197946,0.0
rv_future_7,price_onchain,ridge,raw_quantile,fear,2706.0,0.9490022172949002,-0.000997782705099759,0.000997782705099759,0.03547671840354767,0.015521064301552107,0.03547671840354767,0.015521064301552107,0.17826500806010456,0.1792746692485754,0.1996392665326219,0.001650884218279768,0.014777006155344729,0.0033400974450356865,-1.553678931652709,0.95,0.05636219141956644,0.8123408836672199,690.5292103205495,0.0
rv_future_7,price_onchain,ridge,raw_quantile,greed,2436.0,0.9901477832512315,0.040147783251231584,0.040147783251231584,0.009852216748768473,0.0,0.009852216748768473,0.0,0.1711042768697409,0.1705637863378076,0.17180235406624697,0.0011086494457391428,0.010620005376327991,0.0031864094059169366,-1.7428551250343525,0.95,121.70841250840641,0.0,0.4778174486423268,0.48941258941863564
rv_future_7,price_onchain,ridge,raw_quantile,neutral,3498.0,0.9622641509433962,0.01226415094339628,0.01226415094339628,0.03430531732418525,0.003430531732418525,0.03430531732418525,0.003430531732418525,0.17423627359785646,0.1724184798247178,0.18158107828532855,0.0010561925656767965,0.012028737564069525,0.0034833343914563225,-1.8234364424527019,0.95,12.058565992586182,0.000515549344884958,246.08703498863088,0.0
rv_future_7,price_onchain,ridge,regime_cqr,fear,2706.0,0.9733924611973392,0.023392461197339287,0.023392461197339287,0.011086474501108648,0.015521064301552107,0.011086474501108648,0.015521064301552107,0.18352828651449019,0.1810650078024314,0.1970538607378318,0.0015204580927301937,0.014777006155344729,0.003405888425715508,-1.553678931652709,0.95,37.30674648637046,1.0093482716300173e-09,299.30360334020276,0.0
rv_future_7,price_onchain,ridge,regime_cqr,greed,2436.0,0.9901477832512315,0.040147783251231584,0.040147783251231584,0.009852216748768473,0.0,0.009852216748768473,0.0,0.17207303789533182,0.1705637863378076,0.17260631807109456,0.001116639033040446,0.010620005376327991,0.0031985189187368223,-1.7428551250343525,0.95,121.70841250840641,0.0,0.4778174486423268,0.48941258941863564
rv_future_7,price_onchain,ridge,regime_cqr,neutral,3498.0,0.967409948542024,0.017409948542024045,0.017409948542024045,0.029159519725557463,0.003430531732418525,0.029159519725557463,0.003430531732418525,0.1800983219367149,0.1781194434312803,0.1870706430201352,0.001120156079811233,0.012028737564069525,0.003556609995692053,-1.8234364424527019,0.95,25.32168046601828,4.852241007879954e-07,244.28005605969304,0.0
rv_future_7,price_onchain,ridge,regime_sym_conformal,fear,2706.0,0.8292682926829268,-0.12073170731707317,0.12073170731707317,0.06208425720620843,0.10864745011086474,0.06208425720620843,0.10864745011086474,0.1309349210842437,0.12188885972005675,0.29210362194391254,0.0021976490262588795,0.016396995494714527,0.005104941522338839,-1.513025760364352,0.95,524.7359131759413,0.0,1318.3931376562855,0.0
rv_future_7,price_onchain,ridge,regime_sym_conformal,greed,2436.0,0.8325123152709359,-0.11748768472906401,0.11748768472906401,0.0665024630541872,0.10098522167487685,0.0665024630541872,0.10098522167487685,0.09137079914161678,0.0890063581027589,0.18191087357776714,0.0015694932438946577,0.011539168087553366,0.002978278595549425,-1.7280461006420587,0.95,451.00298317914667,0.0,985.8201771575318,0.0
rv_future_7,price_onchain,ridge,regime_sym_conformal,neutral,3498.0,0.9142367066895368,-0.03576329331046313,0.03576329331046313,0.018867924528301886,0.06689536878216124,0.018867924528301886,0.06689536878216124,0.11233585920203276,0.0966922375616321,0.16860158639835843,0.0013727747159598962,0.011043379827655315,0.002842264943998968,-1.8304395838733387,0.95,78.3105515487523,0.0,758.9105031163065,0.0
rv_future_7,price_onchain,ridge,sym_conformal,fear,2706.0,0.8270509977827051,-0.12294900221729488,0.12294900221729488,0.06208425720620843,0.11086474501108648,0.06208425720620843,0.11086474501108648,0.1308393675665566,0.12188885972005675,0.29166952123907547,0.00212683447097211,0.016396995494714527,0.00516490356000468,-1.513025760364352,0.95,541.197420443892,0.0,1279.112194755223,0.0
rv_future_7,price_onchain,ridge,sym_conformal,greed,2436.0,0.8522167487684729,-0.09778325123152709,0.09778325123152709,0.054187192118226604,0.09359605911330049,0.054187192118226604,0.09359605911330049,0.09449597546094893,0.0889285931306777,0.18114166980976212,0.0014274377617411716,0.011539168087553366,0.0031011039835027857,-1.7280461006420587,0.95,329.286280515925,0.0,847.7332279880775,0.0
rv_future_7,price_onchain,ridge,sym_conformal,neutral,3498.0,0.9228130360205832,-0.02718696397941678,0.02718696397941678,0.012006861063464836,0.06518010291595197,0.012006861063464836,0.06518010291595197,0.11350725606771446,0.1010695147913181,0.16397751501406604,0.0013084284103862575,0.011043379827655315,0.0027910094649652986,-1.8304395838733387,0.95,47.01998945758942,7.026601522852616e-12,686.23483689254,0.0
rv_future_7,price_only,gbr,cqr,fear,2706.0,0.9648928307464892,0.014892830746489283,0.014892830746489283,0.014412416851441241,0.020694752402069475,0.014412416851441241,0.020694752402069475,0.17630242920381942,0.1715091774884348,0.21245624586110848,0.0014626892152215054,0.015588669867761445,0.0038487169313061106,-1.5354600928496633,0.95,14.041141567272007,0.00017885433809472495,398.072745594618,0.0
rv_future_7,price_only,gbr,cqr,greed,2436.0,0.9786535303776683,0.02865353037766838,0.02865353037766838,0.020114942528735632,0.0012315270935960591,0.020114942528735632,0.0012315270935960591,0.1543672567436962,0.16039448798348596,0.15759590730549777,0.0010298839943009347,0.010888728033333574,0.002910013688336416,-1.7397939814607246,0.95,53.166217550425245,3.065325770990057e-13,72.25034783431084,0.0
rv_future_7,price_only,gbr,cqr,neutral,3498.0,0.952544311034877,0.002544311034877067,0.002544311034877067,0.04259576901086335,0.004859919954259577,0.04259576901086335,0.004859919954259577,0.16825667277607312,0.1679349434538815,0.1834266600911263,0.0012003549989281761,0.01229715673930816,0.0033853115033498867,-1.8175957820331088,0.95,0.4845858282074005,0.4863524348147249,293.1136566290875,0.0
rv_future_7,price_only,gbr,raw_quantile,fear,2706.0,0.9316334072431633,-0.01836659275683661,0.01836659275683661,0.04693274205469328,0.021433850702143386,0.04693274205469328,0.021433850702143386,0.16111212804176234,0.16594514202521882,0.20388097352767925,0.0014592812270589617,0.015588669867761445,0.0036377431111329246,-1.5354600928496633,0.95,17.325792826749193,3.148837679534111e-05,549.3620983516695,0.0
rv_future_7,price_only,gbr,raw_quantile,greed,2436.0,0.9511494252873564,0.0011494252873563982,0.0011494252873563982,0.047619047619047616,0.0012315270935960591,0.047619047619047616,0.0012315270935960591,0.1514948104792567,0.1590511437197121,0.15827794506036388,0.001082840516478081,0.010888728033333574,0.0028741081100309217,-1.7397939814607246,0.95,0.06825321920894112,0.7938972771045728,250.84638880860598,0.0
rv_future_7,price_only,gbr,raw_quantile,neutral,3498.0,0.9273870783304745,-0.022612921669525443,0.022612921669525443,0.06689536878216124,0.005717552887364208,0.06689536878216124,0.005717552887364208,0.15612485237734774,0.1619634140499526,0.1760978324552913,0.00118001817724337,0.01229715673930816,0.003222427634138819,-1.8175957820331088,0.95,33.24284421640368,8.133851703284734e-09,341.4969608945944,0.0
rv_future_7,price_only,gbr,regime_cqr,fear,2706.0,0.9563932002956393,0.00639320029563939,0.00639320029563939,0.022912047302291204,0.020694752402069475,0.022912047302291204,0.020694752402069475,0.1747553649958916,0.1712812224454165,0.21232865501653067,0.0014929380202299534,0.015588669867761445,0.003815278355183218,-1.5354600928496633,0.95,2.4290243250866297,0.11910701135791679,435.4246535250114,0.0
rv_future_7,price_only,gbr,regime_cqr,greed,2436.0,0.9741379310344828,0.024137931034482807,0.024137931034482807,0.024630541871921183,0.0012315270935960591,0.024630541871921183,0.0012315270935960591,0.15381751691085951,0.1603256348695861,0.15780255386065653,0.0010419219060903624,0.010888728033333574,0.002903141940425958,-1.7397939814607246,0.95,36.01656654185933,1.9564704301089364e-09,103.32713582459212,0.0
rv_future_7,price_only,gbr,regime_cqr,neutral,3498.0,0.949685534591195,-0.00031446540880497587,0.00031446540880497587,0.045454545454545456,0.004859919954259577,0.045454545454545456,0.004859919954259577,0.1678360754969136,0.16792357326095958,0.18328217015774967,0.0012020002165832556,0.01229715673930816,0.0033800540373603925,-1.8175957820331088,0.95,0.007267938810173291,0.9320608863749662,317.229840481074,0.0
rv_future_7,price_only,gbr,regime_sym_conformal,fear,2706.0,0.8396156688839616,-0.1103843311160384,0.1103843311160384,0.07723577235772358,0.08314855875831485,0.07723577235772358,0.08314855875831485,0.13389064262196568,0.1204864299560046,0.26376987555687176,0.0022952459750132793,0.016625549649607684,0.004299000913908419,-1.5337403005338786,0.95,450.4328134880102,0.0,1093.971770457968,0.0
rv_future_7,price_only,gbr,regime_sym_conformal,greed,2436.0,0.8665845648604269,-0.08341543513957306,0.08341543513957306,0.06773399014778325,0.06568144499178982,0.06773399014778325,0.06568144499178982,0.09766356847702401,0.0960790847026744,0.15108843936801805,0.0012856318579723754,0.013989921827883316,0.00249157912622798,-1.7129998308677024,0.95,249.92768358554576,0.0,533.3085624854068,0.0
rv_future_7,price_only,gbr,regime_sym_conformal,neutral,3498.0,0.8987993138936535,-0.05120068610634643,0.05120068610634643,0.0769010863350486,0.024299599771297885,0.0769010863350486,0.024299599771297885,0.12615405768247706,0.1185008179013925,0.1947546461926016,0.001973488739489454,0.014959831744506599,0.00289537741532549,-1.7894186546596116,0.95,150.82935037306106,0.0,804.5365396260747,0.0
rv_future_7,price_only,gbr,sym_conformal,fear,2706.0,0.8540280857354028,-0.09597191426459717,0.09597191426459717,0.06282335550628233,0.08314855875831485,0.06282335550628233,0.08314855875831485,0.13499156273936916,0.1204864299560046,0.2500160209286082,0.002067422274777407,0.016625549649607684,0.004182978248437702,-1.5337403005338786,0.95,354.16575887625595,0.0,905.3754771181675,0.0
rv_future_7,price_only,gbr,sym_conformal,greed,2436.0,0.895320197044335,-0.05467980295566499,0.05467980295566499,0.05377668308702791,0.05090311986863711,0.05377668308702791,0.05090311986863711,0.10255439577635982,0.1066403885908216,0.1410435823038067,0.0012035748557454452,0.013989921827883316,0.002322514701849628,-1.7129998308677024,0.95,118.24858817460813,0.0,427.572274209464,0.0
rv_future_7,price_only,gbr,sym_conformal,neutral,3498.0,0.9050886220697542,-0.0449113779302458,0.0449113779302458,0.07289879931389365,0.0220125786163522,0.07289879931389365,0.0220125786163522,0.129732595455736,0.1225724421413322,0.1961110656121654,0.001993167548289294,0.014959831744506599,0.002909609092014745,-1.7894186546596116,0.95,118.91807710699322,0.0,786.0718065242233,0.0
rv_future_7,price_only,gru,cqr,fear,2706.0,0.9811529933481153,0.031152993348115388,0.031152993348115388,0.003695491500369549,0.015151515151515152,0.003695491500369549,0.015151515151515152,0.21661697342594302,0.2150664436798298,0.23577756235662786,0.0017486561460856222,0.015332671793550787,0.004145782912829979,-1.5183055622880197,0.95,71.81645860732118,0.0,235.54151035404686,0.0
rv_future_7,price_only,gru,cqr,greed,2436.0,0.9667487684729064,0.016748768472906406,0.016748768472906406,0.029967159277504107,0.003284072249589491,0.029967159277504107,0.003284072249589491,0.18445071175778255,0.18185914307832715,0.19214326558471254,0.0012782548485259049,0.01251312809021759,0.003525326791091813,-1.7197758054873329,0.95,16.230270661259624,5.609066546752306e-05,226.88236275320423,0.0
rv_future_7,price_only,gru,cqr,neutral,3498.0,0.9859919954259577,0.03599199542595777,0.03599199542595777,0.008576329331046312,0.005431675242995998,0.008576329331046312,0.005431675242995998,0.18584315759278824,0.18210851773619646,0.19208613486941295,0.0013136328538960384,0.011676627066452417,0.0034885205178391884,-1.805591947549889,0.95,131.81614431926732,0.0,151.49854475355136,0.0
rv_future_7,price_only,gru,raw_quantile,fear,2706.0,0.9715447154471545,0.021544715447154528,0.021544715447154528,0.005173688100517369,0.02328159645232816,0.005173688100517369,0.02328159645232816,0.20381951534171386,0.20388938486576075,0.24874979803077013,0.0016536574742341754,0.015332671793550787,0.004565087476534981,-1.5183055622880197,0.95,31.104158561509166,2.4454691383013483e-08,353.4829958187289,0.0
rv_future_7,price_only,gru,raw_quantile,greed,2436.0,0.9597701149425287,0.009770114942528774,0.009770114942528774,0.035303776683087026,0.0049261083743842365,0.035303776683087026,0.0049261083743842365,0.18259534665936994,0.18070820160210124,0.19356202171480424,0.0013101446704817008,0.01251312809021759,0.0035289058723883097,-1.7197758054873329,0.95,5.231008475171279,0.022187664324525125,275.6582876928047,0.0
rv_future_7,price_only,gru,raw_quantile,neutral,3498.0,0.9831332189822756,0.033133218982275614,0.033133218982275614,0.010577472841623786,0.006289308176100629,0.010577472841623786,0.006289308176100629,0.18028350442681482,0.1771401315927505,0.18782902667395163,0.0012687064654440647,0.011676627066452417,0.0034270192014046286,-1.805591947549889,0.95,107.56818278342803,0.0,163.39429104198575,0.0
rv_future_7,price_only,gru,regime_cqr,fear,2706.0,0.9818920916481892,0.03189209164818929,0.03189209164818929,0.004434589800443459,0.013673318551367332,0.004434589800443459,0.013673318551367332,0.21679028561329688,0.21542355454187678,0.23330903718382026,0.0017529616708868469,0.015332671793550787,0.004079764258708564,-1.5183055622880197,0.95,75.92918331549623,0.0,199.1617439665269,0.0
rv_future_7,price_only,gru,regime_cqr,greed,2436.0,0.9638752052545156,0.013875205254515688,0.013875205254515688,0.031198686371100164,0.0049261083743842365,0.031198686371100164,0.0049261083743842365,0.1840564957094423,0.18188907547823746,0.19347452327252893,0.0012895552001482612,0.01251312809021759,0.0035473078816648657,-1.7197758054873329,0.95,10.883616010625929,0.0009701864808343563,256.89604947294725,0.0
rv_future_7,price_only,gru,regime_cqr,neutral,3498.0,0.9865637507146942,0.0365637507146942,0.0365637507146942,0.008004574042309892,0.005431675242995998,0.008004574042309892,0.005431675242995998,0.18587924647734858,0.18201899894384804,0.19197161105756136,0.0013102548586975953,0.011676627066452417,0.003489035417741341,-1.805591947549889,0.95,137.1383917325967,0.0,127.85551065544331,0.0
rv_future_7,price_only,gru,regime_sym_conformal,fear,2706.0,0.8677014042867701,-0.08229859571322984,0.08229859571322984,0.06134515890613452,0.07095343680709534,0.06134515890613452,0.07095343680709534,0.14221878280615324,0.1288727005019785,0.25963613154236215,0.002412809281953475,0.016775515888851168,0.004078094006605483,-1.5310341080384737,0.95,271.17062145251384,0.0,831.3461991986187,0.0
rv_future_7,price_only,gru,regime_sym_conformal,greed,2436.0,0.8160919540229885,-0.13390804597701145,0.13390804597701145,0.11863711001642036,0.06527093596059114,0.11863711001642036,0.06527093596059114,0.10266503283437425,0.0931184375314746,0.20199146363355858,0.002468148874602733,0.014858254320031669,0.002581637716236137,-1.7038094344128853,0.95,562.8685877472581,0.0,900.423588187268,0.0
rv_future_7,price_only,gru,regime_sym_conformal,neutral,3498.0,0.9145225843339051,-0.03547741566609486,0.03547741566609486,0.04345340194396798,0.04202401372212693,0.04345340194396798,0.04202401372212693,0.12206467387814154,0.1212357383683336,0.1701537182676911,0.001520237527743617,0.01259371638413947,0.0027336054289485655,2995.969973734207,0.95,77.15832013396357,0.0,567.9014931479896,0.0
rv_future_7,price_only,gru,sym_conformal,fear,2706.0,0.8713968957871396,-0.07860310421286032,0.07860310421286032,0.05432372505543237,0.07427937915742794,0.05432372505543237,0.07427937915742794,0.14302599687660653,0.128872700035572,0.2554838281731382,0.002275573661032824,0.016775515888851168,0.004111522043295538,-1.5310341080384737,0.95,250.2220622525142,0.0,791.6578642548548,0.0
rv_future_7,price_only,gru,sym_conformal,greed,2436.0,0.8308702791461412,-0.11912972085385876,0.11912972085385876,0.11083743842364532,0.05829228243021346,0.11083743842364532,0.05829228243021346,0.10739002221727308,0.1043822914361953,0.19863568838047646,0.002414932269696487,0.014858254320031669,0.002550959939815329,-1.7038094344128853,0.95,461.7771723835549,0.0,923.1860397672674,0.0
rv_future_7,price_only,gru,sym_conformal,neutral,3498.0,0.9162378502001144,-0.033762149799885566,0.033762149799885566,0.04173813607775872,0.04202401372212693,0.04173813607775872,0.04202401372212693,0.12217074432641929,0.12037839740514755,0.1694551849378826,0.0015062551693593505,0.01259371638413947,0.002730124454087618,2995.969973734207,0.95,70.39931334740004,0.0,559.4737688138487,0.0
rv_future_7,price_only,har_ols,cqr,fear,2706.0,0.9623059866962306,0.01230598669623062,0.01230598669623062,0.0066518847006651885,0.031042128603104215,0.0066518847006651885,0.031042128603104215,0.1955923743189417,0.1955182302102836,0.21901615853385592,0.0015506637969884933,0.014167679721736923,0.003924740166357809,-1.5396276215232838,0.95,9.395075369258734,0.002175690590715096,356.62158988215367,0.0
rv_future_7,price_only,har_ols,cqr,greed,2436.0,0.9556650246305419,0.0056650246305419705,0.0056650246305419705,0.04433497536945813,0.0,0.04433497536945813,0.0,0.1660252970939452,0.1615721686053127,0.1764236437864948,0.001124918516269979,0.011759185990246454,0.003285672578392297,-1.7365881130469434,0.95,1.7083171679885254,0.191203854993801,178.318672212485,0.0
rv_future_7,price_only,har_ols,cqr,neutral,3498.0,0.9468267581475128,-0.0031732418524871298,0.0031732418524871298,0.051457975986277875,0.0017152658662092624,0.051457975986277875,0.0017152658662092624,0.16570882627806305,0.1620230924936763,0.1775427805118441,0.0012792586727299216,0.011835857889930312,0.003159310840066086,-1.8224931523719679,0.95,0.7271306851282588,0.39381482911402066,248.5728139804055,0.0
rv_future_7,price_only,har_ols,raw_quantile,fear,2706.0,0.9578713968957872,0.007871396895787197,0.007871396895787197,0.011086474501108648,0.031042128603104215,0.011086474501108648,0.031042128603104215,0.17719115325323911,0.1797205331335832,0.21027489407388797,0.0013964535311816444,0.014167679721736923,0.0038604188206654566,-1.5396276215232838,0.95,3.7204917942929114,0.05374853785164835,311.93063199305413,0.0
rv_future_7,price_only,har_ols,raw_quantile,greed,2436.0,0.9285714285714286,-0.021428571428571352,0.021428571428571352,0.07142857142857142,0.0,0.07142857142857142,0.0,0.1620538768652428,0.15687913164123596,0.1768709766437344,0.0011857445905597529,0.011759185990246454,0.003236029825533516,-1.7365881130469434,0.95,20.909278276519444,4.815564488613866e-06,335.65151881704196,0.0
rv_future_7,price_only,har_ols,raw_quantile,neutral,3498.0,0.9176672384219554,-0.032332761578044544,0.032332761578044544,0.07890222984562607,0.003430531732418525,0.07890222984562607,0.003430531732418525,0.15390914096899586,0.1521762015069875,0.17159794435325385,0.0012832891735875,0.011835857889930312,0.003006659435243751,-1.8224931523719679,0.95,64.97148118243581,7.771561172376096e-16,344.7166803441953,0.0
rv_future_7,price_only,har_ols,regime_cqr,fear,2706.0,0.9645232815964523,0.014523281596452331,0.014523281596452331,0.0066518847006651885,0.028824833702882482,0.0066518847006651885,0.028824833702882482,0.1977045592697937,0.196069962821293,0.21555125063432853,0.0015680304024223192,0.014167679721736923,0.003820750863435798,-1.5396276215232838,0.95,13.313668789853864,0.00026347831992923343,322.63392822358844,0.0
rv_future_7,price_only,har_ols,regime_cqr,greed,2436.0,0.9482758620689655,-0.0017241379310344307,0.0017241379310344307,0.05172413793103448,0.0,0.05172413793103448,0.0,0.16463900772982254,0.16045174074856156,0.17632923973336323,0.0011398870319932243,0.011759185990246454,0.0032683439613407643,-1.7365881130469434,0.95,0.1508181423133692,0.6977547351368654,217.91120388389993,0.0
rv_future_7,price_only,har_ols,regime_cqr,neutral,3498.0,0.9502572898799314,0.0002572898799314549,0.0002572898799314549,0.048027444253859346,0.0017152658662092624,0.048027444253859346,0.0017152658662092624,0.16610342517511537,0.1620230924936763,0.17776739004408798,0.0012799414248228654,0.011835857889930312,0.00316424332627924,-1.8224931523719679,0.95,0.004882908415765996,0.9442909145161796,235.88758874854875,0.0
rv_future_7,price_only,har_ols,regime_sym_conformal,fear,2706.0,0.8647450110864745,-0.08525498891352545,0.08525498891352545,0.04212860310421286,0.09312638580931264,0.04212860310421286,0.09312638580931264,0.13744099439171947,0.1347771437069448,0.2677368857061995,0.001952368986604259,0.015259461902937298,0.004741053156050633,-1.5479110874399475,0.95,288.39380826050456,0.0,1138.3037674396737,0.0
rv_future_7,price_only,har_ols,regime_sym_conformal,greed,2436.0,0.8201970443349754,-0.12980295566502453,0.12980295566502453,0.14039408866995073,0.03940886699507389,0.14039408866995073,0.03940886699507389,0.09810899010623189,0.0885327886143297,0.18197266463174208,0.002175170852666087,0.015138810175243841,0.0023741457631273723,-1.7050888979258998,0.95,534.0567428341496,0.0,786.3879468323025,0.0
rv_future_7,price_only,har_ols,regime_sym_conformal,neutral,3498.0,0.9331046312178388,-0.016895368782161135,0.016895368782161135,0.030874785591766724,0.036020583190394515,0.030874785591766724,0.036020583190394515,0.1253092858361732,0.1163158802891604,0.15221523046437882,0.0012630031732647007,0.013632668232512085,0.0025423775883446735,-1.80789692831252,0.95,19.095307941420742,1.2435022500367765e-05,365.1422079892584,0.0
rv_future_7,price_only,har_ols,sym_conformal,fear,2706.0,0.8913525498891353,-0.058647450110864696,0.058647450110864696,0.017738359201773836,0.09090909090909091,0.017738359201773836,0.09090909090909091,0.1412640763124672,0.1347771437069448,0.24775266561396067,0.0017677730056684822,0.015259461902937298,0.0044260436346804394,-1.5479110874399475,0.95,148.9433983740007,0.0,941.4957572856272,0.0
rv_future_7,price_only,har_ols,sym_conformal,greed,2436.0,0.8694581280788177,-0.08054187192118223,0.08054187192118223,0.10098522167487685,0.029556650246305417,0.10098522167487685,0.029556650246305417,0.10540274122419716,0.104232270612863,0.15466165110682067,0.001726477886386863,0.015138810175243841,0.0021400633912835613,-1.7050888979258998,0.95,235.0758736149553,0.0,543.7666244530421,0.0
rv_future_7,price_only,har_ols,sym_conformal,neutral,3498.0,0.9296740994854202,-0.02032590051457972,0.02032590051457972,0.03430531732418525,0.036020583190394515,0.03430531732418525,0.036020583190394515,0.12335446805135043,0.1123992977996281,0.15415615211907133,0.0012915116010063191,0.013632668232512085,0.002562392201970367,-1.80789692831252,0.95,27.16183975912577,1.871157543353874e-07,452.6206622508273,0.0
rv_future_7,price_only,lstm,cqr,fear,2706.0,0.9663710273466372,0.0163710273466372,0.0163710273466372,0.009608277900960829,0.02402069475240207,0.009608277900960829,0.02402069475240207,0.19124495106314623,0.18086235544546392,0.2196928681974756,0.0016356151420048187,0.016212142664660156,0.0038567065629319768,-1.5234095246447215,0.95,17.171483858945408,3.4152479032822924e-05,322.90958115060664,0.0
rv_future_7,price_only,lstm,cqr,greed,2436.0,0.9400656814449918,-0.009934318555008148,0.009934318555008148,0.05172413793103448,0.008210180623973728,0.05172413793103448,0.008210180623973728,0.16683814019115523,0.1611125490162521,0.1848176353250601,0.0013855556196958085,0.013141159030838942,0.0032348852634305966,-1.7166949535633025,0.95,4.772020244002533,0.028925863395494855,384.17670650517823,0.0
rv_future_7,price_only,lstm,cqr,neutral,3498.0,0.9734133790737565,0.023413379073756513,0.023413379073756513,0.022298456260720412,0.004288164665523156,0.022298456260720412,0.004288164665523156,0.17835303662312796,0.17381727917836587,0.1870703317837749,0.001284816602892995,0.011639755779958847,0.00339194169170128,-1.817929722009613,0.95,48.321729513652485,3.6172176365312225e-12,241.87373699284228,0.0
rv_future_7,price_only,lstm,raw_quantile,fear,2706.0,0.9490022172949002,-0.000997782705099759,0.000997782705099759,0.022912047302291204,0.028085735402808575,0.022912047302291204,0.028085735402808575,0.17445175470636312,0.16819742321968073,0.2272849958115408,0.0017331075461053265,0.016212142664660156,0.003949017349183097,-1.5234095246447215,0.95,0.05636219141956644,0.8123408836672199,434.67356245451424,0.0
rv_future_7,price_only,lstm,raw_quantile,greed,2436.0,0.9318555008210181,-0.018144499178981865,0.018144499178981865,0.05993431855500821,0.008210180623973728,0.05993431855500821,0.008210180623973728,0.16197683283969702,0.1561476718634367,0.18511586999354937,0.0014490028460160934,0.013141159030838942,0.0031788939038225462,-1.7166949535633025,0.95,15.239290973586776,9.471226798563048e-05,432.22844509215065,0.0
rv_future_7,price_only,lstm,raw_quantile,neutral,3498.0,0.9585477415666095,0.008547741566609535,0.008547741566609535,0.03630646083476272,0.005145797598627788,0.03630646083476272,0.005145797598627788,0.16944232297585474,0.1655473406426608,0.18300420168717899,0.0013117626152369763,0.011639755779958847,0.0032633424269424014,-1.817929722009613,0.95,5.69884017054892,0.016976127340251668,374.48752826890575,0.0
rv_future_7,price_only,lstm,regime_cqr,fear,2706.0,0.9667405764966741,0.016740576496674153,0.016740576496674153,0.010347376201034738,0.022912047302291204,0.010347376201034738,0.022912047302291204,0.1915806042159216,0.1813561730086803,0.21808833347251172,0.0016448764757541956,0.016212142664660156,0.003807331861058503,-1.5234095246447215,0.95,18.010337487432935,2.197086309096985e-05,337.0081708823833,0.0
rv_future_7,price_only,lstm,regime_cqr,greed,2436.0,0.9363711001642037,-0.013628899835796293,0.013628899835796293,0.05541871921182266,0.008210180623973728,0.05541871921182266,0.008210180623973728,0.16630385273771445,0.1607139129191637,0.18610226001761623,0.0014154739059997837,0.013141159030838942,0.0032370825944405255,-1.7166949535633025,0.95,8.80246444536192,0.0030082391990209345,425.20435644533757,0.0
rv_future_7,price_only,lstm,regime_cqr,neutral,3498.0,0.9745568896512292,0.024556889651229263,0.024556889651229263,0.02115494568324757,0.004288164665523156,0.02115494568324757,0.004288164665523156,0.1789187208694165,0.17413224889259435,0.18746989284236396,0.0012865556791952575,0.011639755779958847,0.003400191641863743,-1.817929722009613,0.95,53.74868464795679,2.278177646530821e-13,235.58653243458923,0.0
rv_future_7,price_only,lstm,regime_sym_conformal,fear,2706.0,0.8835920177383592,-0.0664079822616408,0.0664079822616408,0.04878048780487805,0.06762749445676275,0.04878048780487805,0.06762749445676275,0.14352294243272187,0.1309997653468082,0.2435724423709778,0.0021816939509805484,0.016461890163078394,0.003907617108293802,-1.5388671450417317,0.95,185.86417809540922,0.0,786.222971690981,0.0
rv_future_7,price_only,lstm,regime_sym_conformal,greed,2436.0,0.7869458128078818,-0.16305418719211817,0.16305418719211817,0.14490968801313628,0.06814449917898194,0.14490968801313628,0.06814449917898194,0.10286022656988389,0.0906973632630587,0.3128608377313554,0.005124046935093126,0.017045052387517853,0.002697474008190665,-1.6867295864407834,0.95,782.6532865353784,0.0,958.9146805306921,0.0
rv_future_7,price_only,lstm,regime_sym_conformal,neutral,3498.0,0.9068038879359634,-0.04319611206403651,0.04319611206403651,0.054030874785591765,0.03916523727844483,0.054030874785591765,0.03916523727844483,0.12191852926240403,0.1162275205867497,0.18750773005204097,0.001971614516616644,0.013212020061221444,0.0027160787346842833,-1.8128478203923843,0.95,110.76633717145978,0.0,694.98991866151,0.0
rv_future_7,price_only,lstm,sym_conformal,fear,2706.0,0.8861788617886179,-0.06382113821138202,0.06382113821138202,0.045454545454545456,0.06836659275683665,0.045454545454545456,0.06836659275683665,0.1435361793946202,0.1301136612892151,0.2416175911594543,0.002112276867212318,0.016461890163078394,0.0039281629117739435,-1.5388671450417317,0.95,173.19574733039963,0.0,762.0273234569856,0.0
rv_future_7,price_only,lstm,sym_conformal,greed,2436.0,0.8107553366174056,-0.13924466338259434,0.13924466338259434,0.1301313628899836,0.059113300492610835,0.1301313628899836,0.059113300492610835,0.10679786238660312,0.1022889539599418,0.3069290346709776,0.005033005369834523,0.017045052387517853,0.002640220496939822,-1.6867295864407834,0.95,601.1404625059158,0.0,937.415786888369,0.0
rv_future_7,price_only,lstm,sym_conformal,neutral,3498.0,0.9119496855345912,-0.03805031446540874,0.03805031446540874,0.049170954831332186,0.03887935963407661,0.049170954831332186,0.03887935963407661,0.12417179804450784,0.1202463880181312,0.18664298522384717,0.0019448708672444425,0.013212020061221444,0.00272120376335164,-1.8128478203923843,0.95,87.7890916553547,0.0,687.6559873397237,0.0
rv_future_7,price_only,rf,cqr,fear,2706.0,0.917960088691796,-0.03203991130820394,0.03203991130820394,0.02402069475240207,0.058019216555801924,0.02402069475240207,0.058019216555801924,0.16376171314247712,0.14658863894597934,0.25006490233697853,0.0016006245920223195,0.01859151036210326,0.00465099796640205,-1.505412986967755,0.95,49.4186857650252,2.0676793610618915e-12,554.1404962800281,0.0
rv_future_7,price_only,rf,cqr,greed,2436.0,0.9256978653530378,-0.02430213464696218,0.02430213464696218,0.050492610837438424,0.023809523809523808,0.050492610837438424,0.023809523809523808,0.18772409618070282,0.13357531062937275,0.21216644745720303,0.0012095177212581932,0.018161887028165753,0.0040946434651717885,-1.6675519308903166,0.95,26.521724608772956,2.605910329744887e-07,263.27922744266994,0.0
rv_future_7,price_only,rf,cqr,neutral,3498.0,0.9199542595769011,-0.03004574042309882,0.03004574042309882,0.06775300171526587,0.012292738707833047,0.06775300171526587,0.012292738707833047,0.1815303883295172,0.14880777966392233,0.2193737104984843,0.0014879718466013988,0.01599681176636374,0.003996370915860614,-1.7843913872555448,0.95,56.68173934255833,5.129230373768223e-14,550.7984531783243,0.0
rv_future_7,price_only,rf,raw_quantile,fear,2706.0,0.7605321507760532,-0.18946784922394677,0.18946784922394677,0.1419068736141907,0.0975609756097561,0.1419068736141907,0.0975609756097561,0.11381392980292598,0.1003011137091087,0.3149399358168407,0.002140522171643986,0.01859151036210326,0.005732976223776938,-1.505412986967755,0.95,1114.4715757246317,0.0,777.2452792056556,0.0
rv_future_7,price_only,rf,raw_quantile,greed,2436.0,0.8132183908045977,-0.13678160919540228,0.13678160919540228,0.15886699507389163,0.027914614121510674,0.15886699507389163,0.027914614121510674,0.1693453095771538,0.11350298495278116,0.23538699276132086,0.0019100692061833529,0.018161887028165753,0.003974605612849577,-1.6675519308903166,0.95,583.362943903905,0.0,607.8080881489182,0.0
rv_future_7,price_only,rf,raw_quantile,neutral,3498.0,0.8296169239565466,-0.12038307604345333,0.12038307604345333,0.14779874213836477,0.022584333905088624,0.14779874213836477,0.022584333905088624,0.1450633767168178,0.11822987225131934,0.2253932053241862,0.001991410400908944,0.01599681176636374,0.0036434197321956185,-1.7843913872555448,0.95,674.9933591258277,0.0,756.5124964586785,0.0
rv_future_7,price_only,rf,regime_cqr,fear,2706.0,0.9061345158906134,-0.04386548410938651,0.04386548410938651,0.03067257945306726,0.06319290465631928,0.03067257945306726,0.06319290465631928,0.1610918077416996,0.14142846970141376,0.2519157759696555,0.001619389349695877,0.01859151036210326,0.004678505049545415,-1.505412986967755,0.95,88.12582219978708,0.0,591.1169001208536,0.0
rv_future_7,price_only,rf,regime_cqr,greed,2436.0,0.9039408866995073,-0.046059113300492616,0.046059113300492616,0.07183908045977011,0.024220032840722498,0.07183908045977011,0.024220032840722498,0.18305796601293592,0.12851210200688507,0.2151505539567013,0.0013306929454736825,0.018161887028165753,0.004048070903443756,-1.6675519308903166,0.95,86.70620814740096,0.0,414.5727083048903,0.0
rv_future_7,price_only,rf,regime_cqr,neutral,3498.0,0.9188107489994283,-0.031189251000571683,0.031189251000571683,0.06918238993710692,0.012006861063464836,0.06918238993710692,0.012006861063464836,0.18109415768180423,0.14793568771930776,0.21985167676099251,0.0015070133517587079,0.01599681176636374,0.003989278567266011,-1.7843913872555448,0.95,60.765292149948436,6.439293542825908e-15,544.8825498189724,0.0
rv_future_7,price_only,rf,regime_sym_conformal,fear,2706.0,0.8477457501847746,-0.10225424981522535,0.10225424981522535,0.07058388765705839,0.08167036215816703,0.07058388765705839,0.08167036215816703,0.14398250699008486,0.12446514801514566,0.35596481223378745,0.004255012497602402,0.018376201821281326,0.004644107808242191,-1.5144359668755556,0.95,395.0607208704323,0.0,1021.2795960362821,0.0
rv_future_7,price_only,rf,regime_sym_conformal,greed,2436.0,0.7635467980295566,-0.18645320197044335,0.18645320197044335,0.1958128078817734,0.04064039408866995,0.1958128078817734,0.04064039408866995,0.11672020068779532,0.0909588538711675,0.3486458339321864,0.005895048925174305,0.021683780517268807,0.0028210969231302636,-1.6342098084352297,0.95,977.1201038697845,0.0,1056.8019367807324,0.0
rv_future_7,price_only,rf,regime_sym_conformal,neutral,3498.0,0.8359062321326473,-0.1140937678673527,0.1140937678673527,0.14179531160663236,0.022298456260720412,0.14179531160663236,0.022298456260720412,0.15118300883176922,0.13423059331114362,0.33925016381609235,0.005019359034922062,0.018553301730651478,0.0034618950604801504,-1.7570887967285354,0.95,616.0749166115461,0.0,1485.553970621904,0.0
rv_future_7,price_only,rf,sym_conformal,fear,2706.0,0.8588322246858833,-0.09116777531411668,0.09116777531411668,0.058758314855875834,0.08240946045824095,0.058758314855875834,0.08240946045824095,0.1453268884191682,0.1257911982257107,0.3482029608729286,0.004111440943741656,0.018376201821281326,0.0045936330780814655,-1.5144359668755556,0.95,324.0462537662129,0.0,890.039941192568,0.0
rv_future_7,price_only,rf,sym_conformal,greed,2436.0,0.7688834154351396,-0.18111658456486035,0.18111658456486035,0.19293924466338258,0.038177339901477834,0.19293924466338258,0.038177339901477834,0.12178867869496833,0.1090959641456746,0.36142007308859014,0.006205645514569247,0.021683780517268807,0.002829856312645414,-1.6342098084352297,0.95,931.4288017796789,0.0,1091.120016971881,0.0
rv_future_7,price_only,rf,sym_conformal,neutral,3498.0,0.8547741566609491,-0.09522584333905082,0.09522584333905082,0.12550028587764436,0.01972555746140652,0.12550028587764436,0.01972555746140652,0.15718932157799909,0.14124077217585906,0.3088992586936099,0.004197535370614439,0.018553301730651478,0.003524946096725711,-1.7570887967285354,0.95,451.6916636613246,0.0,1341.8177913008324,0.0
rv_future_7,price_only,ridge,cqr,fear,2706.0,0.9660014781966001,0.01600147819660014,0.01600147819660014,0.021433850702143386,0.012564671101256468,0.021433850702143386,0.012564671101256468,0.1838233747612573,0.1837876966542065,0.2004965173954387,0.001436587621819114,0.013956346676511446,0.003575825313066758,-1.540536224908102,0.95,16.355373513169525,5.250707769743901e-05,245.81858742808367,0.0
rv_future_7,price_only,ridge,cqr,greed,2436.0,0.9605911330049262,0.010591133004926201,0.010591133004926201,0.03940886699507389,0.0,0.03940886699507389,0.0,0.16113110665850092,0.158140031579855,0.1710203846711958,0.0011062434023577123,0.011601790247591138,0.003169266214422089,-1.7378889107865227,0.95,6.184394445378302,0.012888180065585453,123.92459508502589,0.0
rv_future_7,price_only,ridge,cqr,neutral,3498.0,0.9574042309891366,0.007404230989136673,0.007404230989136673,0.040880503144654086,0.0017152658662092624,0.040880503144654086,0.0017152658662092624,0.1624990605516005,0.15810277639298445,0.17249122172490347,0.0012221266144295977,0.011672437134645896,0.0030901539286928947,-1.8235793811901129,0.95,4.2414536467142625,0.03944837714437499,263.60524198434155,0.0
rv_future_7,price_only,ridge,raw_quantile,fear,2706.0,0.9600886917960089,0.010088691796008908,0.010088691796008908,0.027346637102734665,0.012564671101256468,0.027346637102734665,0.012564671101256468,0.17370839187852938,0.1754614115875158,0.19258314818649352,0.001364999875955353,0.013956346676511446,0.0034495788287068918,-1.540536224908102,0.95,6.210421743388224,0.01270003695185895,232.4192979813796,0.0
rv_future_7,price_only,ridge,raw_quantile,greed,2436.0,0.9466338259441708,-0.003366174055829174,0.003366174055829174,0.053366174055829226,0.0,0.053366174055829226,0.0,0.15830676728104698,0.1553677827912008,0.1698261906545175,0.0011116927941589316,0.011601790247591138,0.0031339619722039144,-1.7378889107865227,0.95,0.5691545225146228,0.4505950823188952,176.31218955991176,0.0
rv_future_7,price_only,ridge,raw_quantile,neutral,3498.0,0.9353916523727844,-0.014608347627215523,0.014608347627215523,0.06146369353916524,0.0031446540880503146,0.06146369353916524,0.0031446540880503146,0.15357871416104826,0.15142840515070144,0.1669871827418258,0.0011915132117211898,0.011672437134645896,0.0029831663568243615,-1.8235793811901129,0.95,14.446753259031084,0.0001441781830235911,256.585650654097,0.0
rv_future_7,price_only,ridge,regime_cqr,fear,2706.0,0.9645232815964523,0.014523281596452331,0.014523281596452331,0.022912047302291204,0.012564671101256468,0.022912047302291204,0.012564671101256468,0.18305287861331979,0.18363616419303008,0.19973708750439687,0.0014303380873266318,0.013956346676511446,0.0035630891002831956,-1.540536224908102,0.95,13.313668789853864,0.00026347831992923343,233.9405304564376,0.0
rv_future_7,price_only,ridge,regime_cqr,greed,2436.0,0.9564860426929392,0.006486042692939287,0.006486042692939287,0.04351395730706076,0.0,0.04351395730706076,0.0,0.1601286211107854,0.15728490696093322,0.17065403643460014,0.001109615765789267,0.011601790247591138,0.0031567351450756446,-1.7378889107865227,0.95,2.2520811008819237,0.13343484470960487,107.40196956534305,0.0
rv_future_7,price_only,ridge,regime_cqr,neutral,3498.0,0.9574042309891366,0.007404230989136673,0.007404230989136673,0.040880503144654086,0.0017152658662092624,0.040880503144654086,0.0017152658662092624,0.1631587323854376,0.158527981508908,0.17285713863334962,0.0012230286392177876,0.011672437134645896,0.0030983998266158586,-1.8235793811901129,0.95,4.2414536467142625,0.03944837714437499,263.60524198434155,0.0
rv_future_7,price_only,ridge,regime_sym_conformal,fear,2706.0,0.8425720620842572,-0.10742793791574279,0.10742793791574279,0.06060606060606061,0.09682187730968218,0.06060606060606061,0.09682187730968218,0.13567191953995061,0.1346129304976044,0.26942371163038004,0.0020374944853199907,0.015297429785385822,0.004698098305439413,-1.5506511032384453,0.95,429.98424573110333,0.0,1349.8449770318268,0.0
rv_future_7,price_only,ridge,regime_sym_conformal,greed,2436.0,0.8119868637110016,-0.13801313628899836,0.13801313628899836,0.13628899835796388,0.05172413793103448,0.13628899835796388,0.05172413793103448,0.09682435813788605,0.0851864298641545,0.17597231820375991,0.0020259354155275013,0.014748142875523916,0.0023733725395664014,-1.708519090052568,0.95,592.227502357066,0.0,837.1142773336176,0.0
rv_future_7,price_only,ridge,regime_sym_conformal,neutral,3498.0,0.9359634076615209,-0.014036592338479092,0.014036592338479092,0.026872498570611778,0.037164093767867355,0.026872498570611778,0.037164093767867355,0.12383878702232523,0.1167388842133006,0.15525022139440986,0.0013065858071425694,0.013385043575331622,0.0025746697277175806,-1.8111392770427055,0.95,13.37845793812221,0.0002545309156024578,418.8646368428374,0.0
rv_future_7,price_only,ridge,sym_conformal,fear,2706.0,0.8909830007390983,-0.05901699926090165,0.05901699926090165,0.018847006651884702,0.090169992609017,0.018847006651884702,0.090169992609017,0.14017595469662142,0.1346129304976044,0.24430332762098272,0.0017276890308265734,0.015297429785385822,0.004379894159697899,-1.5506511032384453,0.95,150.6268249129946,0.0,907.2886528864324,0.0
rv_future_7,price_only,ridge,sym_conformal,greed,2436.0,0.8555008210180624,-0.0944991789819376,0.0944991789819376,0.10016420361247948,0.04433497536945813,0.10016420361247948,0.04433497536945813,0.10385147856739725,0.1066195470843464,0.15602997677635852,0.0017246416697345162,0.014748142875523916,0.0021761077496743526,-1.708519090052568,0.95,310.4186627273921,0.0,603.6676687738818,0.0
rv_future_7,price_only,ridge,sym_conformal,neutral,3498.0,0.9291023441966838,-0.02089765580331615,0.02089765580331615,0.033733562035448826,0.037164093767867355,0.033733562035448826,0.037164093767867355,0.12184987621819482,0.1152870777166001,0.1568382294147867,0.0013255673540512934,0.013385043575331622,0.0025953883813182766,-1.8111392770427055,0.95,28.630266476762017,8.760217651282431e-08,474.60028271868373,0.0
