target,block,model,method,n,coverage,signed_coverage_error,abs_coverage_gap,below_lower_rate,above_upper_rate,lower_miss_rate,upper_miss_rate,avg_width,median_width,interval_score,pinball_lower,pinball_median,pinball_upper,point_loss,nominal_coverage,uc_lr,uc_p,ind_lr,ind_p
gk_future_7,price_onchain,lstm,regime_cqr,8640.0,0.9506944444444444,0.000694444444444442,0.000694444444444442,0.020949074074074075,0.028356481481481483,0.020949074074074075,0.028356481481481483,0.15686917583783652,0.1535415040444839,0.18753111395350833,0.0015037974436840143,0.012879861716902074,0.003184480405153599,122725.62449467814,0.95,0.08810673411971948,0.7665979913692581,1507.567718590789,0.0
gk_future_7,full,gru,cqr,8640.0,0.9512731481481481,0.0012731481481481621,0.0012731481481481621,0.012847222222222222,0.03587962962962963,0.012847222222222222,0.03587962962962963,0.1514849499156654,0.13912561349570746,0.17933963838432088,0.0014682791143397665,0.01193179314850701,0.0030152118452681604,106364.83699592504,0.95,0.29723579343408346,0.5856205418256115,1228.6918870896293,0.0
gk_future_7,full,gru,regime_cqr,8640.0,0.9478009259259259,-0.0021990740740740478,0.0021990740740740478,0.014351851851851852,0.03784722222222222,0.014351851851851852,0.03784722222222222,0.15155750659082873,0.1396167073398828,0.1826301948710736,0.0014773247641198227,0.01193179314850701,0.0030884301076569217,106364.83699592504,0.95,0.8676750923705185,0.35159974640108194,1369.4988423957875,0.0
gk_future_7,price_onchain,lstm,cqr,8640.0,0.9528935185185186,0.0028935185185186008,0.0028935185185186008,0.02025462962962963,0.026851851851851852,0.02025462962962963,0.026851851851851852,0.15735849991696055,0.1540550860014412,0.18632987247783417,0.0015045173609569572,0.012879861716902074,0.0031537294509888015,122725.62449467814,0.95,1.551572153320194,0.21290349847851153,1486.7895507319263,0.0
gk_future_7,price_onchain,gru,cqr,8640.0,0.9460648148148149,-0.003935185185185097,0.003935185185185097,0.024189814814814813,0.02974537037037037,0.024189814814814813,0.02974537037037037,0.13817769033481156,0.134078900741009,0.16696556820240832,0.0014132760709388659,0.00980010938603269,0.0027608631341212468,5057.669274893997,0.95,2.7493958366976585,0.09729118480798737,1389.5753925422405,0.0
gk_future_7,price_only,har_ols,raw_quantile,8640.0,0.9458333333333333,-0.004166666666666652,0.004166666666666652,0.034027777777777775,0.02013888888888889,0.034027777777777775,0.02013888888888889,0.12579099584299488,0.12213331783279355,0.14410887716330775,0.000838746276925658,0.008510403122049367,0.002763975652156943,-1.7205885432575037,0.95,3.0781004670952825,0.07935315385044006,997.4152233507898,0.0
gk_future_7,price_onchain,gru,regime_cqr,8640.0,0.944212962962963,-0.0057870370370369795,0.0057870370370369795,0.025347222222222222,0.030439814814814815,0.025347222222222222,0.030439814814814815,0.13747215261471538,0.1333673031181189,0.1675878330400512,0.001412300708718658,0.00980010938603269,0.002777395117282526,5057.669274893997,0.95,5.881060128261197,0.015304604081355144,1396.348480093859,0.0
gk_future_7,price_only,har_ols,cqr,8640.0,0.9597222222222223,0.009722222222222299,0.009722222222222299,0.025,0.015277777777777777,0.025,0.015277777777777777,0.13403891853961708,0.12742714606200206,0.1494756350582859,0.0009159074011102665,0.008510403122049367,0.0028209834753467875,-1.7205885432575037,0.95,18.365448015793845,1.8233460371663845e-05,840.5954416241234,0.0
gk_future_7,price_only,har_ols,regime_cqr,8640.0,0.9597222222222223,0.009722222222222299,0.009722222222222299,0.025694444444444443,0.014583333333333334,0.025694444444444443,0.014583333333333334,0.13420185949843158,0.12760562146282817,0.1487046548999992,0.0009158989475433305,0.008510403122049367,0.002801717424956555,-1.7205885432575037,0.95,18.365448015793845,1.8233460371663845e-05,792.5896256057167,0.0
gk_future_7,full,rf,cqr,8640.0,0.9393518518518519,-0.010648148148148073,0.010648148148148073,0.04791666666666667,0.01273148148148148,0.04791666666666667,0.01273148148148148,0.13864756255181748,0.1324303188514463,0.1616896548425714,0.0012006120095168877,0.011408451733758262,0.002841629361547301,-1.6990347086357862,0.95,19.368332231253135,1.0777957853980169e-05,1734.52803749129,0.0
gk_future_7,full,rf,regime_cqr,8640.0,0.9334490740740741,-0.016550925925925886,0.016550925925925886,0.05081018518518519,0.01574074074074074,0.05081018518518519,0.01574074074074074,0.13763232686972754,0.13158944026420222,0.1620570119324746,0.0011995966731279686,0.011408451733758262,0.0028518286251838013,-1.6990347086357862,0.95,45.34206582570005,1.6545653735988708e-11,1805.8024525654323,0.0
gk_future_7,full,gbr,raw_quantile,8640.0,0.9668981481481481,0.016898148148148162,0.016898148148148162,0.03194444444444444,0.0011574074074074073,0.03194444444444444,0.0011574074074074073,0.14315740790156767,0.1418624858214355,0.14855010597443088,0.0009793749458168446,0.008638918067582662,0.002734377703543832,-1.721811197973825,0.95,58.66959543221401,1.865174681370263e-14,1182.363469419122,0.0
gk_future_7,full,gbr,regime_cqr,8640.0,0.969212962962963,0.019212962962963043,0.019212962962963043,0.02962962962962963,0.0011574074074074073,0.02962962962962963,0.0011574074074074073,0.14380145673400616,0.1422791653341732,0.1478335668439494,0.000953410857149327,0.008638918067582662,0.002742428313949313,-1.721811197973825,0.95,77.35242964066992,0.0,1050.3829732704044,0.0
gk_future_7,full,gbr,cqr,8640.0,0.969212962962963,0.019212962962963043,0.019212962962963043,0.02962962962962963,0.0011574074074074073,0.02962962962962963,0.0011574074074074073,0.14436009994440646,0.143061173863554,0.1483922100543497,0.0009603938972793304,0.008638918067582662,0.0027494113540793164,-1.721811197973825,0.95,77.35242964066992,0.0,1050.3829732704044,0.0
gk_future_7,price_onchain,gbr,raw_quantile,8640.0,0.9704861111111112,0.020486111111111205,0.020486111111111205,0.025925925925925925,0.003587962962962963,0.025925925925925925,0.003587962962962963,0.14250170600410092,0.1426805649179484,0.14888028439614384,0.0009856646781148497,0.009167379455716822,0.0027363424317886514,-1.7155972099335937,0.95,88.93709984644056,0.0,1067.3874174432387,0.0
gk_future_7,price_onchain,gbr,regime_cqr,8640.0,0.971875,0.02187500000000009,0.02187500000000009,0.024537037037037038,0.003587962962962963,0.024537037037037038,0.003587962962962963,0.14378199011526727,0.142910357786764,0.14937824600859523,0.0009863553523585006,0.009167379455716822,0.002748100797856285,-1.7155972099335937,0.95,102.69197529884013,0.0,1046.2138517393148,0.0
gk_future_7,price_onchain,gbr,cqr,8640.0,0.9719907407407408,0.02199074074074081,0.02199074074074081,0.024421296296296295,0.003587962962962963,0.024421296296296295,0.003587962962962963,0.1443379005846294,0.1429544788490528,0.14992880584133758,0.0009930718203329787,0.009167379455716822,0.002755148325700366,-1.7155972099335937,0.95,103.892473978628,0.0,1039.8585424659786,0.0
gk_future_7,price_only,gbr,raw_quantile,8640.0,0.9756944444444444,0.025694444444444464,0.025694444444444464,0.02326388888888889,0.0010416666666666667,0.02326388888888889,0.0010416666666666667,0.14487532871827177,0.1435917414823092,0.14964896006501138,0.001001814492957246,0.008899449468829247,0.0027394095086679428,-1.7161509743684733,0.95,146.99738908781796,0.0,1035.2889287497196,0.0
gk_future_7,price_only,gbr,regime_cqr,8640.0,0.9761574074074074,0.026157407407407463,0.026157407407407463,0.022800925925925926,0.0010416666666666667,0.022800925925925926,0.0010416666666666667,0.1452533102969612,0.1439127900471277,0.14971349448880666,0.00099870308381851,0.008899449468829247,0.002744134278401561,-1.7161509743684733,0.95,153.0600099856931,0.0,1008.2318557315491,0.0
gk_future_7,price_only,gbr,cqr,8640.0,0.9761574074074074,0.026157407407407463,0.026157407407407463,0.022800925925925926,0.0010416666666666667,0.022800925925925926,0.0010416666666666667,0.14583500287673032,0.14423937108092816,0.15029518706857578,0.0010059742410656243,0.008899449468829247,0.002751405435648675,-1.7161509743684733,0.95,153.0600099856931,0.0,1008.2318557315491,0.0
gk_future_7,full,lstm,cqr,8640.0,0.9233796296296296,-0.02662037037037035,0.02662037037037035,0.02824074074074074,0.04837962962962963,0.02824074074074074,0.04837962962962963,0.1322548020584815,0.12397520887883726,0.17993068024286185,0.001512215693613189,0.013326391957073488,0.0029860513124582615,151294.05379050082,0.95,111.64210563980396,0.0,2264.1136954349486,0.0
gk_future_7,price_only,gru,raw_quantile,8640.0,0.9797453703703703,0.029745370370370394,0.029745370370370394,0.012847222222222222,0.007407407407407408,0.012847222222222222,0.007407407407407408,0.14873490816283563,0.14289034716784949,0.15613728458576212,0.0011815968573365412,0.009133420724741515,0.002721835257307415,-1.7105639210909964,0.95,205.6903457504675,0.0,623.9524679518981,0.0
gk_future_7,full,lstm,regime_cqr,8640.0,0.91875,-0.03125,0.03125,0.029282407407407406,0.05196759259259259,0.029282407407407406,0.05196759259259259,0.13130860022023494,0.12317015826314945,0.18191085804512322,0.0015099163907659455,0.013326391957073488,0.0030378550603620395,151294.05379050082,0.95,150.63357210124195,0.0,2303.3629738094983,0.0
gk_future_7,full,ridge,raw_quantile,8640.0,0.98125,0.03125,0.03125,0.01875,0.0,0.01875,0.0,0.16660792498533716,0.16654538051523077,0.1708000277735406,0.0011027105691661806,0.008070648811691165,0.003167290125172237,-1.725239810240854,0.95,230.99708604065017,0.0,972.6050119590128,0.0
gk_future_7,price_onchain,ridge,raw_quantile,8640.0,0.98125,0.03125,0.03125,0.01875,0.0,0.01875,0.0,0.16660792498533716,0.16654538051523077,0.1708000277735406,0.0011027105691661806,0.008280078883407548,0.003167290125172237,-1.723235770331789,0.95,230.99708604065017,0.0,972.6050119590128,0.0
gk_future_7,price_only,ridge,raw_quantile,8640.0,0.98125,0.03125,0.03125,0.01875,0.0,0.01875,0.0,0.16660792498533716,0.16654538051523077,0.1708000277735406,0.0011027105691661806,0.008277313885733007,0.003167290125172237,-1.7232484618051271,0.95,230.99708604065017,0.0,972.6050119590128,0.0
gk_future_7,full,ridge,regime_cqr,8640.0,0.98125,0.03125,0.03125,0.01875,0.0,0.01875,0.0,0.16690867406193005,0.16854187857905525,0.17096925501605714,0.0011031818867716836,0.008070648811691165,0.0031710494886296485,-1.725239810240854,0.95,230.99708604065017,0.0,972.6050119590128,0.0
gk_future_7,price_onchain,ridge,regime_cqr,8640.0,0.98125,0.03125,0.03125,0.01875,0.0,0.01875,0.0,0.16690867406193005,0.16854187857905525,0.17096925501605714,0.0011031818867716836,0.008280078883407548,0.0031710494886296485,-1.723235770331789,0.95,230.99708604065017,0.0,972.6050119590128,0.0
gk_future_7,price_only,ridge,regime_cqr,8640.0,0.98125,0.03125,0.03125,0.01875,0.0,0.01875,0.0,0.16690867406193005,0.16854187857905525,0.17096925501605714,0.0011031818867716836,0.008277313885733007,0.0031710494886296485,-1.7232484618051271,0.95,230.99708604065017,0.0,972.6050119590128,0.0
gk_future_7,full,ridge,cqr,8640.0,0.98125,0.03125,0.03125,0.01875,0.0,0.01875,0.0,0.16756639284094568,0.16854187857905525,0.1716269737950728,0.0011114033715093794,0.008070648811691165,0.0031792709733673443,-1.725239810240854,0.95,230.99708604065017,0.0,972.6050119590128,0.0
gk_future_7,price_onchain,ridge,cqr,8640.0,0.98125,0.03125,0.03125,0.01875,0.0,0.01875,0.0,0.16756639284094568,0.16854187857905525,0.1716269737950728,0.0011114033715093794,0.008280078883407548,0.0031792709733673443,-1.723235770331789,0.95,230.99708604065017,0.0,972.6050119590128,0.0
gk_future_7,price_only,ridge,cqr,8640.0,0.98125,0.03125,0.03125,0.01875,0.0,0.01875,0.0,0.16756639284094568,0.16854187857905525,0.1716269737950728,0.0011114033715093794,0.008277313885733007,0.0031792709733673443,-1.7232484618051271,0.95,230.99708604065017,0.0,972.6050119590128,0.0
gk_future_7,price_only,lstm,raw_quantile,8640.0,0.982175925925926,0.032175925925926,0.032175925925926,0.007407407407407408,0.010416666666666666,0.007407407407407408,0.010416666666666666,0.1490820665190026,0.13821486011147494,0.15593602725532182,0.0011184158415662904,0.009108343145360923,0.002779984839816658,-1.7125463115250028,0.95,247.61747550959376,0.0,532.2716131563249,0.0
gk_future_7,price_only,lstm,cqr,8640.0,0.9824074074074074,0.03240740740740744,0.03240740740740744,0.007291666666666667,0.010300925925925925,0.007291666666666667,0.010300925925925925,0.15226802720601837,0.142550803720951,0.15903561642098468,0.0011540128630241312,0.009108343145360923,0.0028218775475003883,-1.7125463115250028,0.95,251.90315981742128,0.0,528.5932933968379,0.0
gk_future_7,price_only,ridge,sym_conformal,8640.0,0.9173611111111111,-0.032638888888888884,0.032638888888888884,0.03680555555555556,0.04583333333333333,0.03680555555555556,0.04583333333333333,0.0995449712115757,0.094285856608726,0.152624452542615,0.0015281553287836444,0.009692775487612064,0.002287455984781635,-1.7205875122534493,0.95,163.31062910731362,0.0,2019.6106863931805,0.0
gk_future_7,price_only,lstm,regime_cqr,8640.0,0.9826388888888888,0.032638888888888884,0.032638888888888884,0.007291666666666667,0.010069444444444445,0.007291666666666667,0.010069444444444445,0.15237171206990288,0.14256959781050677,0.15883272406594956,0.0011555209014565552,0.009108343145360923,0.0028152972001920865,-1.7125463115250028,0.95,256.24241973006497,0.0,514.8383989549794,0.0
gk_future_7,price_only,gru,regime_cqr,8640.0,0.9835648148148148,0.03356481481481488,0.03356481481481488,0.009722222222222222,0.006712962962962963,0.009722222222222222,0.006712962962962963,0.15268452794820156,0.14759344358608079,0.15824564562549776,0.001195219507948615,0.009133420724741515,0.002760921632688733,-1.7105639210909964,0.95,274.1495365758781,0.0,459.728902242594,0.0
gk_future_7,price_only,gru,cqr,8640.0,0.9840277777777777,0.03402777777777777,0.03402777777777777,0.00949074074074074,0.006481481481481481,0.00949074074074074,0.006481481481481481,0.15331726767801637,0.14814987111026706,0.1590006855543798,0.001204057667460993,0.009133420724741515,0.002770959471398406,-1.7105639210909964,0.95,283.44372895318634,0.0,461.6292947985635,0.0
gk_future_7,price_only,rf,cqr,8640.0,0.9108796296296297,-0.039120370370370305,0.039120370370370305,0.042708333333333334,0.046412037037037036,0.042708333333333334,0.046412037037037036,0.11169366405479321,0.1006294506394428,0.16084170232948716,0.0012791913881683881,0.009630159781100885,0.002741851170068695,-1.7159980832278754,0.95,228.17968974370888,0.0,2430.4076078475523,0.0
gk_future_7,price_only,har_ols,sym_conformal,8640.0,0.9104166666666667,-0.039583333333333304,0.039583333333333304,0.05138888888888889,0.03819444444444445,0.05138888888888889,0.03819444444444445,0.1022691793996151,0.1001836359176539,0.15493638724202483,0.0016820967857753147,0.010145183309182015,0.00219131289527521,-1.716494264596609,0.95,233.16259567851648,0.0,2104.9461007896753,0.0
gk_future_7,full,ridge,sym_conformal,8640.0,0.9046296296296297,-0.04537037037037028,0.04537037037037028,0.041435185185185186,0.05393518518518518,0.041435185185185186,0.05393518518518518,0.09902681258240499,0.0842248523038661,0.17762174073216105,0.00155903862833866,0.011318013517460037,0.0028815048899652708,-1.6410235954057517,0.95,299.2142703747604,0.0,2309.389110041974,0.0
gk_future_7,price_onchain,rf,cqr,8640.0,0.904050925925926,-0.045949074074074,0.045949074074074,0.05243055555555556,0.04351851851851852,0.05243055555555556,0.04351851851851852,0.11491884872108124,0.1019461321343367,0.1597993854068593,0.001312398182587081,0.0095423572949761,0.0026825864525843062,-1.7174248558325136,0.95,306.1945614020242,0.0,2500.758602497434,0.0
gk_future_7,price_only,gru,sym_conformal,8640.0,0.9039351851851852,-0.046064814814814725,0.046064814814814725,0.04479166666666667,0.05127314814814815,0.04479166666666667,0.05127314814814815,0.10255631148681488,0.09808742627501485,0.16867885754942816,0.0018122347289564445,0.01029886360454146,0.002404736709779163,-1.7003893945451511,0.95,307.5986369373286,0.0,2335.0471225046267,0.0
gk_future_7,full,ridge,regime_sym_conformal,8640.0,0.9037037037037037,-0.04629629629629628,0.04629629629629628,0.04363425925925926,0.052662037037037035,0.04363425925925926,0.052662037037037035,0.09825880220595586,0.0871974883408321,0.1735250506922145,0.0016351260089693277,0.011318013517460037,0.002703000258335939,-1.6410235954057517,0.95,310.4147823042995,0.0,2178.1222038514,0.0
gk_future_7,price_onchain,ridge,sym_conformal,8640.0,0.9013888888888889,-0.04861111111111105,0.04861111111111105,0.043055555555555555,0.05555555555555555,0.043055555555555555,0.05555555555555555,0.10266961776990953,0.1050839672712692,0.1639979604804496,0.0016969259414848913,0.00945925510926667,0.0024030230705262526,-1.7116813647189282,0.95,339.157709843249,0.0,2572.2955089350417,0.0
gk_future_7,price_only,ridge,regime_sym_conformal,8640.0,0.9009259259259259,-0.04907407407407405,0.04907407407407405,0.050462962962962966,0.04861111111111111,0.050462962962962966,0.04861111111111111,0.09827626707610701,0.0969027217711405,0.15612875048649072,0.0015955496562793372,0.009692775487612064,0.0023076691058828347,-1.7205875122534493,0.95,345.0320037767033,0.0,2237.678886510671,0.0
gk_future_7,price_onchain,har_ols,cqr,8640.0,0.9006944444444445,-0.04930555555555549,0.04930555555555549,0.044444444444444446,0.05486111111111111,0.044444444444444446,0.05486111111111111,0.12037830868662674,0.11655892850449434,0.1648400140975661,0.001242670948355681,0.008954694682500815,0.002878329404083374,-1.7040348294788183,0.95,347.9847218832165,0.0,1803.1079950792391,0.0
gk_future_7,price_only,rf,regime_cqr,8640.0,0.9004629629629629,-0.049537037037037046,0.049537037037037046,0.04780092592592593,0.05173611111111111,0.04780092592592593,0.05173611111111111,0.10903576011224822,0.0986260916137111,0.16200498459205792,0.0012662206102799964,0.009630159781100885,0.002783904004521356,-1.7159980832278754,0.95,350.94779202087466,0.0,2441.5344284120774,0.0
gk_future_7,price_onchain,har_ols,sym_conformal,8640.0,0.8993055555555556,-0.050694444444444375,0.050694444444444375,0.05,0.050694444444444445,0.05,0.050694444444444445,0.10369021142011342,0.1066109609120907,0.16645298579485496,0.0018310430012756932,0.010125595989227921,0.0023302816435955844,-1.6918294027342016,0.95,365.91767700461423,0.0,2808.2498809187373,0.0
gk_future_7,full,gru,sym_conformal,8640.0,0.8984953703703704,-0.05150462962962954,0.05150462962962954,0.04652777777777778,0.05497685185185185,0.04652777777777778,0.05497685185185185,0.11239754932100399,0.1037539727985858,0.18696868987050572,0.0018735859905356735,0.013935038494866683,0.002800631256226873,166678.28598612492,0.95,376.5488510590203,0.0,2548.079567727462,0.0
gk_future_7,price_onchain,gru,sym_conformal,8640.0,0.8981481481481481,-0.051851851851851816,0.051851851851851816,0.04780092592592593,0.054050925925925926,0.04780092592592593,0.054050925925925926,0.10929554911584728,0.1024312525987625,0.17813121026362613,0.0018359334193435806,0.01163416873753598,0.0026173468372469775,24043.342932159798,0.95,381.14319214092393,0.0,2421.2491711881366,0.0
gk_future_7,price_onchain,gru,raw_quantile,8640.0,0.8964120370370371,-0.053587962962962865,0.053587962962962865,0.05486111111111111,0.048726851851851855,0.05486111111111111,0.048726851851851855,0.12346255186154541,0.1178058814257383,0.18120496417066875,0.001542312604839389,0.00980010938603269,0.0029878114994272348,5057.669274893997,0.95,404.45514522711073,0.0,2222.9654429538805,0.0
gk_future_7,price_onchain,har_ols,regime_cqr,8640.0,0.8958333333333334,-0.054166666666666585,0.054166666666666585,0.04652777777777778,0.05763888888888889,0.04652777777777778,0.05763888888888889,0.11988719527309999,0.11579817815166446,0.16647889122189974,0.001242963533048063,0.008954694682500815,0.0029190087474993335,-1.7040348294788183,0.95,412.3508543458365,0.0,1733.764930291126,0.0
gk_future_7,price_onchain,rf,regime_cqr,8640.0,0.8954861111111111,-0.05451388888888886,0.05451388888888886,0.05648148148148148,0.048032407407407406,0.05648148148148148,0.048032407407407406,0.1119859805851239,0.09827020759737445,0.16008588922438402,0.0012987915107820578,0.0095423572949761,0.0027033557198274482,-1.7174248558325136,0.95,417.1180668496072,0.0,2455.1658676326056,0.0
gk_future_7,price_only,har_ols,regime_sym_conformal,8640.0,0.89375,-0.05624999999999991,0.05624999999999991,0.06527777777777778,0.04097222222222222,0.06527777777777778,0.04097222222222222,0.10045594911697225,0.1021525011752136,0.15983024596191142,0.0017889476106919924,0.010145183309182015,0.0022068085383556966,-1.716494264596609,0.95,441.28673494714803,0.0,2657.3724598553035,0.0
gk_future_7,price_only,lstm,sym_conformal,8640.0,0.8927083333333333,-0.05729166666666663,0.05729166666666663,0.058680555555555555,0.04861111111111111,0.058680555555555555,0.04861111111111111,0.10392661733699408,0.0960282422602176,0.17698954676241138,0.0020119571562019654,0.010481326839772641,0.002412781512858222,-1.7034234923513172,0.95,456.0517153572291,0.0,2675.4549090042674,0.0
gk_future_7,price_onchain,har_ols,regime_sym_conformal,8640.0,0.8923611111111112,-0.057638888888888795,0.057638888888888795,0.05555555555555555,0.052083333333333336,0.05555555555555555,0.052083333333333336,0.10292395522514979,0.1004816584148478,0.16864067198217902,0.001904367975658948,0.010125595989227921,0.002311648823895431,-1.6918294027342016,0.95,461.0169609439663,0.0,2980.7214979504874,0.0
gk_future_7,full,gru,raw_quantile,8640.0,0.8914351851851852,-0.05856481481481479,0.05856481481481479,0.023148148148148147,0.08541666666666667,0.023148148148148147,0.08541666666666667,0.1360709969192679,0.12318493425846094,0.2252349616879044,0.0014844277651615834,0.01193179314850701,0.004146446277035933,106364.83699592504,0.95,474.3634870278538,0.0,2529.271949302397,0.0
gk_future_7,price_only,gru,regime_sym_conformal,8640.0,0.8913194444444444,-0.058680555555555514,0.058680555555555514,0.05416666666666667,0.05451388888888889,0.05416666666666667,0.05451388888888889,0.10056408502956626,0.0975582288057545,0.1705959083605021,0.0018528005236878792,0.01029886360454146,0.002412097185324578,-1.7003893945451511,0.95,476.0425898169042,0.0,2359.1821007410563,0.0
gk_future_7,price_onchain,lstm,sym_conformal,8640.0,0.8912037037037037,-0.058796296296296235,0.058796296296296235,0.06076388888888889,0.048032407407407406,0.06076388888888889,0.048032407407407406,0.12280340351086726,0.1164625026285648,0.1957645359872675,0.002197186574147287,0.01482427643670081,0.0026969268255343038,119568.35355089344,0.95,477.7240822383401,0.0,2820.6604328237095,0.0
gk_future_7,full,har_ols,sym_conformal,8640.0,0.8895833333333333,-0.060416666666666674,0.060416666666666674,0.06111111111111111,0.049305555555555554,0.06111111111111111,0.049305555555555554,0.1083764958692315,0.0986178269059217,0.1991193649285838,0.0019515246193591758,0.014002249301826274,0.0030264595038553225,48013.934600927685,0.95,501.5146462488419,0.0,2630.3186669098077,0.0
gk_future_7,price_onchain,gru,regime_sym_conformal,8640.0,0.8888888888888888,-0.061111111111111116,0.061111111111111116,0.05277777777777778,0.058333333333333334,0.05277777777777778,0.058333333333333334,0.10794164775483142,0.10189196223361979,0.18216087637266756,0.001891849886734556,0.01163416873753598,0.0026621720225820365,24043.342932159798,0.95,511.8523508488461,0.0,2534.1233324886234,0.0
gk_future_7,price_onchain,ridge,regime_sym_conformal,8640.0,0.8881944444444444,-0.06180555555555556,0.06180555555555556,0.05347222222222222,0.058333333333333334,0.05347222222222222,0.058333333333333334,0.10167255300364482,0.1047895605814189,0.1697253228911987,0.0017772808085453813,0.00945925510926667,0.0024658522637344906,-1.7116813647189282,0.95,522.2744309380942,0.0,2836.5648952450897,0.0
gk_future_7,price_onchain,lstm,raw_quantile,8640.0,0.8878472222222222,-0.062152777777777724,0.062152777777777724,0.047337962962962964,0.06481481481481481,0.047337962962962964,0.06481481481481481,0.13868148017696777,0.13807080592960114,0.22888016170639927,0.001815511229088864,0.012879861716902074,0.003906492813571021,122725.62449467814,0.95,527.5169682780715,0.0,2722.0336006292227,0.0
gk_future_7,full,gru,regime_sym_conformal,8640.0,0.8873842592592592,-0.06261574074074072,0.06261574074074072,0.052314814814814814,0.060300925925925924,0.052314814814814814,0.060300925925925924,0.11074647058053988,0.10135293103072565,0.193767974497628,0.0019714940309482716,0.013935038494866683,0.002872705331492333,166678.28598612492,0.95,534.5395542296274,0.0,2663.7674736788936,0.0
gk_future_7,full,lstm,sym_conformal,8640.0,0.8872685185185185,-0.06273148148148144,0.06273148148148144,0.061689814814814815,0.051041666666666666,0.061689814814814815,0.051041666666666666,0.11857679959912609,0.106211319565773,0.18879969219993267,0.0020352310357121648,0.016176758091852088,0.002684761269286056,337445.86746875965,0.95,536.3009968173183,0.0,3011.0412524458375,0.0
gk_future_7,price_onchain,lstm,regime_sym_conformal,8640.0,0.8866898148148148,-0.06331018518518516,0.06331018518518516,0.06296296296296296,0.050347222222222224,0.06296296296296296,0.050347222222222224,0.12167931991362192,0.1173330051326316,0.19726834813450803,0.002206193763527539,0.01482427643670081,0.0027255149398350666,119568.35355089344,0.95,545.1428825910407,0.0,2790.83437374468,0.0
gk_future_7,price_only,lstm,regime_sym_conformal,8640.0,0.8800925925925925,-0.06990740740740742,0.06990740740740742,0.06655092592592593,0.053356481481481484,0.06655092592592593,0.053356481481481484,0.10204589233664203,0.0964705729470709,0.1810339288496474,0.002060745598149848,0.010481326839772641,0.0024651026230912408,-1.7034234923513172,0.95,649.9504325357284,0.0,2740.6215095458997,0.0
gk_future_7,price_onchain,rf,sym_conformal,8640.0,0.8795138888888889,-0.07048611111111103,0.07048611111111103,0.05798611111111111,0.0625,0.05798611111111111,0.0625,0.099815980806642,0.08952009599748639,0.18642824574646094,0.0020635418200859565,0.010243213315489877,0.002597164323575472,-1.7136606585770706,0.95,659.4891305299661,0.0,3189.0907739009936,0.0
gk_future_7,full,har_ols,regime_sym_conformal,8640.0,0.8791666666666667,-0.0708333333333333,0.0708333333333333,0.07569444444444444,0.04513888888888889,0.07569444444444444,0.04513888888888889,0.10681528603681119,0.0994703590538294,0.19254547898111496,0.0021668482655082598,0.014002249301826274,0.0026467887090195173,48013.934600927685,0.95,665.2385769469493,0.0,2444.6795860145066,0.0
gk_future_7,price_only,rf,sym_conformal,8640.0,0.8759259259259259,-0.07407407407407407,0.07407407407407407,0.06412037037037037,0.059953703703703703,0.06412037037037037,0.059953703703703703,0.10091009908133186,0.091274044890821,0.20158428893286567,0.002385081488885642,0.010173673259799624,0.002654525734435904,-1.7125941665869706,0.95,719.8393429700782,0.0,3365.0269617798176,0.0
gk_future_7,full,har_ols,cqr,8640.0,0.8756944444444444,-0.07430555555555551,0.07430555555555551,0.06527777777777778,0.059027777777777776,0.06527777777777778,0.059027777777777776,0.13029119244954906,0.12592845216917825,0.19621099783610177,0.0013612849727207901,0.010107661652837963,0.003543989973181661,-1.6466001663185548,0.95,723.8037454230898,0.0,2998.7296672748444,0.0
gk_future_7,full,lstm,regime_sym_conformal,8640.0,0.8741898148148148,-0.07581018518518512,0.07581018518518512,0.06875,0.057060185185185186,0.06875,0.057060185185185186,0.11720398170643687,0.10591115521303204,0.1988076096437803,0.002123735363656826,0.016176758091852088,0.002846454877437587,337445.86746875965,0.95,749.7790952739779,0.0,3271.428006104538,0.0
gk_future_7,full,rf,sym_conformal,8640.0,0.8670138888888889,-0.0829861111111111,0.0829861111111111,0.09907407407407408,0.03391203703703704,0.09907407407407408,0.03391203703703704,0.10605747356541058,0.09537367315983306,0.19411060821138268,0.002632259974099007,0.012975483421509944,0.0022205052311854647,-1.6908298195184557,0.95,878.4939415637837,0.0,3561.7387120196095,0.0
gk_future_7,price_only,gbr,sym_conformal,8640.0,0.8664351851851851,-0.08356481481481481,0.08356481481481481,0.07962962962962963,0.05393518518518518,0.07962962962962963,0.05393518518518518,0.09525201724460644,0.08694294677063545,0.17309031152557244,0.0018125172283048228,0.010638140302844726,0.002514740559834393,-1.7090581939314047,0.95,889.2152929834856,0.0,3725.910266351301,0.0
gk_future_7,full,har_ols,regime_cqr,8640.0,0.8652777777777778,-0.08472222222222214,0.08472222222222214,0.07569444444444444,0.059027777777777776,0.07569444444444444,0.059027777777777776,0.12929166252551458,0.12497493891911846,0.19634727007139807,0.0013906602491886096,0.010107661652837963,0.003518021502596248,-1.6466001663185548,0.95,910.8078338476744,0.0,2834.440270127793,0.0
gk_future_7,price_onchain,rf,regime_sym_conformal,8640.0,0.8640046296296297,-0.0859953703703703,0.0859953703703703,0.06759259259259259,0.06840277777777778,0.06759259259259259,0.06840277777777778,0.09779212823791629,0.08978649494084,0.187455512971267,0.0020641796696248957,0.010243213315489877,0.002622208154656684,-1.7136606585770706,0.95,934.7889285469564,0.0,3022.089778941337,0.0
gk_future_7,full,gbr,sym_conformal,8640.0,0.8621527777777778,-0.08784722222222219,0.08784722222222219,0.08032407407407408,0.05752314814814815,0.08032407407407408,0.05752314814814815,0.0924309961473482,0.087086559358963,0.16230344300624847,0.0016627748463315746,0.01016488854335585,0.0023948112288245415,-1.71440204712812,0.95,970.0955508026318,0.0,3691.959728602879,0.0
gk_future_7,price_onchain,gbr,sym_conformal,8640.0,0.8590277777777777,-0.09097222222222223,0.09097222222222223,0.08217592592592593,0.0587962962962963,0.08217592592592593,0.0587962962962963,0.09635543466119993,0.08850893729078299,0.17691840562890962,0.0018777484192769134,0.010814854641326841,0.002545211721445732,-1.7071100143046074,0.95,1030.8032853958048,0.0,3751.225258823646,0.0
gk_future_7,price_only,rf,regime_sym_conformal,8640.0,0.8553240740740741,-0.09467592592592589,0.09467592592592589,0.07731481481481481,0.06736111111111111,0.07731481481481481,0.06736111111111111,0.09807975344434598,0.0921095855759577,0.20511802749880995,0.002425578072102553,0.010173673259799624,0.002702372615367601,-1.7125941665869706,0.95,1104.555744869066,0.0,3266.2659653926544,0.0
gk_future_7,full,rf,raw_quantile,8640.0,0.8545138888888889,-0.09548611111111105,0.09548611111111105,0.12013888888888889,0.025347222222222222,0.12013888888888889,0.025347222222222222,0.11612091455077832,0.10752353250193611,0.17169374671216595,0.001603247854958133,0.011408451733758262,0.002689095812845921,-1.6990347086357862,0.95,1120.945871713633,0.0,3434.5902559387437,0.0
gk_future_7,price_only,gbr,regime_sym_conformal,8640.0,0.8539351851851852,-0.09606481481481477,0.09606481481481477,0.08773148148148148,0.058333333333333334,0.08773148148148148,0.058333333333333334,0.09308780294777026,0.0831796716064575,0.17493587642460887,0.0018526867362515262,0.010638140302844726,0.0025207101743636015,-1.7090581939314047,0.95,1132.7089894281999,0.0,3748.1655735291606,0.0
gk_future_7,full,rf,regime_sym_conformal,8640.0,0.852662037037037,-0.09733796296296293,0.09733796296296293,0.10416666666666667,0.0431712962962963,0.10416666666666667,0.0431712962962963,0.10256282750948269,0.0935612189024546,0.20138472878546998,0.002704072373458389,0.012975483421509944,0.0023305458461782666,-1.6908298195184557,0.95,1158.7509510551718,0.0,3595.942178541642,0.0
gk_future_7,full,gbr,regime_sym_conformal,8640.0,0.8486111111111111,-0.10138888888888886,0.10138888888888886,0.0869212962962963,0.06446759259259259,0.0869212962962963,0.06446759259259259,0.09040760802838116,0.0852578167852168,0.16428154051680408,0.001674558685185311,0.01016488854335585,0.002432479827734696,-1.71440204712812,0.95,1243.0874221854492,0.0,3648.8805687543363,0.0
gk_future_7,price_onchain,gbr,regime_sym_conformal,8640.0,0.8465277777777778,-0.10347222222222219,0.10347222222222219,0.09108796296296297,0.06238425925925926,0.09108796296296297,0.06238425925925926,0.09453907360015215,0.0879395591873004,0.17897939055773646,0.001926586819164408,0.010814854641326841,0.0025478979447789082,-1.7071100143046074,0.95,1287.3230626329914,0.0,3861.708494034321,0.0
gk_future_7,price_onchain,har_ols,raw_quantile,8640.0,0.8097222222222222,-0.14027777777777772,0.14027777777777772,0.08819444444444445,0.10208333333333333,0.08819444444444445,0.10208333333333333,0.09689214956037928,0.0944068398836324,0.19643470017276599,0.0013887897324377262,0.008954694682500815,0.0035220777718813286,-1.7040348294788183,0.95,2158.7749425205457,0.0,2485.2016332021567,0.0
gk_future_7,full,lstm,raw_quantile,8640.0,0.8090277777777778,-0.14097222222222217,0.14097222222222217,0.053356481481481484,0.13761574074074073,0.053356481481481484,0.13761574074074073,0.10557410299902074,0.09676061850041145,0.2647326213726297,0.0016188327967657473,0.013326391957073488,0.004999482737549901,151294.05379050082,0.95,2176.756753632628,0.0,4478.169243154685,0.0
gk_future_7,full,har_ols,raw_quantile,8640.0,0.6361111111111111,-0.3138888888888889,0.3138888888888889,0.20347222222222222,0.16041666666666668,0.20347222222222222,0.16041666666666668,0.08972388389382036,0.08806496698270319,0.30957298547869144,0.002294595218716061,0.010107661652837963,0.005444729418251131,-1.6466001663185548,0.95,8071.815795913797,0.0,4646.071329465517,0.0
gk_future_7,price_only,rf,raw_quantile,8640.0,0.5934027777777777,-0.35659722222222223,0.35659722222222223,0.31030092592592595,0.0962962962962963,0.31030092592592595,0.0962962962962963,0.054636425575168644,0.0388589672177093,0.2704759943915594,0.0030692299611395626,0.009630159781100885,0.003692669898649331,-1.7159980832278754,0.95,9899.67579025885,0.0,3958.6859914133656,0.0
gk_future_7,price_onchain,rf,raw_quantile,8640.0,0.5841435185185185,-0.3658564814814814,0.3658564814814814,0.32395833333333335,0.09189814814814815,0.32395833333333335,0.09189814814814815,0.05778382068724713,0.0417952785421508,0.2723787183981448,0.0033258860655985705,0.0095423572949761,0.003483581894354959,-1.7174248558325136,0.95,10313.36094395207,0.0,4145.9764841215365,0.0
ret_future_1,price_only,gbr,sym_conformal,8640.0,0.9519675925925926,0.001967592592592604,0.001967592592592604,0.02511574074074074,0.022916666666666665,0.02511574074074074,0.022916666666666665,0.13261058836761572,0.12267770870713104,0.17735219990192203,0.002262916628781806,0.01073018847134128,0.0021708883687661484,0.0009084160512493944,0.95,0.7131188175776515,0.3984103803306197,68.8355872623547,1.1102230246251565e-16
ret_future_1,price_only,rf,regime_sym_conformal,8640.0,0.9523148148148148,0.0023148148148148806,0.0023148148148148806,0.024074074074074074,0.02361111111111111,0.024074074074074074,0.02361111111111111,0.12683855784581052,0.1185105960563224,0.1684811608713376,0.002116029976143181,0.010161294938290242,0.0020959990456401634,0.0008383470008458621,0.95,0.9892485608224888,0.3199261021600549,25.404347733633585,4.648692379927155e-07
ret_future_1,price_only,rf,sym_conformal,8640.0,0.9538194444444444,0.0038194444444444864,0.0038194444444444864,0.02326388888888889,0.022916666666666665,0.02326388888888889,0.022916666666666665,0.1317299730923903,0.12568131728749982,0.17439550335156648,0.002212199569667164,0.010161294938290242,0.002147688014121902,0.0008383470008458621,0.95,2.7200892487007877,0.09909247460524573,17.955141898084094,2.2617260557522556e-05
ret_future_1,price_only,gbr,regime_sym_conformal,8640.0,0.9460648148148149,-0.003935185185185097,0.003935185185185097,0.027546296296296298,0.02638888888888889,0.027546296296296298,0.02638888888888889,0.12731107293718258,0.12025928250164594,0.17204469351029397,0.0021910289254759153,0.01073018847134128,0.002110088412281337,0.0009084160512493944,0.95,2.7493958366976585,0.09729118480798737,58.47377904967243,2.0650148258027912e-14
ret_future_1,price_only,ridge,regime_sym_conformal,8640.0,0.9549768518518519,0.004976851851851927,0.004976851851851927,0.021643518518518517,0.02337962962962963,0.021643518518518517,0.02337962962962963,0.12756273188457104,0.1226504532679035,0.16487158740213093,0.00206288095349048,0.009882238753827913,0.002058908731562697,0.0008175629634290099,0.95,4.654497362196253,0.0309722992758511,91.67815812594745,0.0
ret_future_1,price_only,ridge,sym_conformal,8640.0,0.9556712962962963,0.005671296296296369,0.005671296296296369,0.02025462962962963,0.024074074074074074,0.02025462962962963,0.024074074074074074,0.13132756275717333,0.1264430940006725,0.17099084407863274,0.0021501828567144195,0.009882238753827913,0.002124588245251302,0.0008175629634290099,0.95,6.0727402489656015,0.013728381560504044,76.20586571829062,0.0
ret_future_1,price_only,har_ols,regime_sym_conformal,8640.0,0.9569444444444445,0.006944444444444531,0.006944444444444531,0.020833333333333332,0.022222222222222223,0.020833333333333332,0.022222222222222223,0.12861587704642277,0.1213729896736634,0.16457519293424988,0.002061374624545923,0.009981401993653499,0.0020530051988102266,0.000829526180343658,0.95,9.18592160096614,0.0024388370280045146,47.44858930683404,5.646594303243546e-12
ret_future_1,price_only,har_ols,sym_conformal,8640.0,0.9569444444444445,0.006944444444444531,0.006944444444444531,0.01875,0.024305555555555556,0.01875,0.024305555555555556,0.13064789168302698,0.12247964642515835,0.17016818216322832,0.002136050628182327,0.009981401993653499,0.0021181539258982827,0.000829526180343658,0.95,9.18592160096614,0.0024388370280045146,63.87441866955305,1.3322676295501878e-15
rs_future_7,full,gru,regime_cqr,8640.0,0.9495370370370371,-0.0004629629629628873,0.0004629629629628873,0.01087962962962963,0.03958333333333333,0.01087962962962963,0.03958333333333333,0.14647624398733672,0.13733422462020325,0.1830184429894455,0.0014014808264831463,0.011954474350769203,0.003173980248252895,102881.18591994251,0.95,0.03887288596297367,0.8437007035563973,1207.605537970156,0.0
rs_future_7,full,gru,cqr,8640.0,0.9528935185185186,0.0028935185185186008,0.0028935185185186008,0.00949074074074074,0.03761574074074074,0.00949074074074074,0.03761574074074074,0.14677852540421615,0.1376858130097389,0.1833332968938697,0.0013961923823481506,0.011954474350769203,0.003187140039998495,102881.18591994251,0.95,1.551572153320194,0.21290349847851153,1140.7734512134052,0.0
rs_future_7,price_onchain,gru,cqr,8640.0,0.9465277777777777,-0.00347222222222221,0.00347222222222221,0.02476851851851852,0.028703703703703703,0.02476851851851852,0.028703703703703703,0.15131872977249156,0.1455290765265333,0.18318948540023,0.0015188192290540865,0.011753252317599956,0.0030609179059515683,53041.83807478399,0.95,2.14649877755528,0.1428954271653724,1223.4715638655425,0.0
rs_future_7,price_onchain,gru,regime_cqr,8640.0,0.9451388888888889,-0.004861111111111094,0.004861111111111094,0.023148148148148147,0.031712962962962964,0.023148148148148147,0.031712962962962964,0.15158596891453102,0.14568606768699316,0.18392247132212902,0.001514425661085425,0.011753252317599956,0.0030836361219677053,53041.83807478399,0.95,4.172363098738515,0.04108845381894677,1173.22941519717,0.0
rs_future_7,price_only,har_ols,regime_cqr,8640.0,0.9548611111111112,0.004861111111111205,0.004861111111111205,0.030555555555555555,0.014583333333333334,0.030555555555555555,0.014583333333333334,0.14110945074987472,0.13507451027614475,0.15427493286636743,0.0009425928257936042,0.008711018076484714,0.0029142804958654867,-1.7227786130855234,0.95,4.437044335976225,0.03516707963777588,860.2217929968647,0.0
rs_future_7,price_only,har_ols,cqr,8640.0,0.9555555555555556,0.005555555555555647,0.005555555555555647,0.029861111111111113,0.014583333333333334,0.029861111111111113,0.014583333333333334,0.14210006433037803,0.13549101338712785,0.15518119404851552,0.0009545374696358304,0.008711018076484714,0.0029249923815769623,-1.7227786130855234,0.95,5.822784787714681,0.015819878697180267,877.6589260981677,0.0
rs_future_7,price_onchain,lstm,cqr,8640.0,0.9423611111111111,-0.007638888888888862,0.007638888888888862,0.025,0.03263888888888889,0.025,0.03263888888888889,0.15982950943487592,0.1515509372121158,0.2058324600705271,0.0017191966150776478,0.013619137446065108,0.003426614886685435,148509.7910162609,0.95,10.137920772668167,0.0014524990834757778,1422.1977869132775,0.0
rs_future_7,price_only,har_ols,raw_quantile,8640.0,0.9416666666666667,-0.008333333333333304,0.008333333333333304,0.03611111111111111,0.022222222222222223,0.03611111111111111,0.022222222222222223,0.12923311939694057,0.12414487471022614,0.14942122303535602,0.0008095520559095267,0.008711018076484714,0.0029259785199742777,-1.7227786130855234,0.95,12.017319077852335,0.0005270846351733693,1113.8300763305792,0.0
rs_future_7,full,gbr,raw_quantile,8640.0,0.9587962962962963,0.008796296296296302,0.008796296296296302,0.033796296296296297,0.007407407407407408,0.033796296296296297,0.007407407407407408,0.14832562097227983,0.15292599316889688,0.1590281251728886,0.0010179845896794097,0.009561388540706203,0.0029577185396427114,-1.7169997684879545,0.95,14.933203315219998,0.00011138527176290935,1538.8641344720832,0.0
rs_future_7,price_onchain,lstm,regime_cqr,8640.0,0.9400462962962963,-0.009953703703703631,0.009953703703703631,0.025347222222222222,0.03460648148148148,0.025347222222222222,0.03460648148148148,0.15926889617596174,0.1513037122786045,0.20779683096112767,0.0017169362350062032,0.013619137446065108,0.003477984539021893,148509.7910162609,0.95,16.989677294912326,3.758359921168797e-05,1446.8369758651688,0.0
rs_future_7,price_only,lstm,raw_quantile,8640.0,0.960300925925926,0.010300925925926019,0.010300925925926019,0.01990740740740741,0.019791666666666666,0.01990740740740741,0.019791666666666666,0.13564791059433004,0.1249355636537075,0.1582870921109029,0.0012214634716641978,0.009770587370533488,0.002735713831108279,-1.7107225186209827,0.95,20.70469814084572,5.358436768854169e-06,1497.3357717148224,0.0
rs_future_7,price_only,lstm,cqr,8640.0,0.9674768518518518,0.017476851851851882,0.017476851851851882,0.016898148148148148,0.015625,0.016898148148148148,0.015625,0.14452426290611536,0.13635053955406562,0.1634943474739287,0.0012970777410800489,0.009770587370533488,0.0027902809457680724,-1.7107225186209827,0.95,63.06116344927932,1.9984014443252818e-15,1353.5545005633967,0.0
rs_future_7,price_only,lstm,regime_cqr,8640.0,0.9674768518518518,0.017476851851851882,0.017476851851851882,0.017013888888888887,0.015509259259259259,0.017013888888888887,0.015509259259259259,0.14453895534365052,0.13567256368696684,0.16341602768885613,0.001300191197977586,0.009770587370533488,0.0027852094942437213,-1.7107225186209827,0.95,63.06116344927932,1.9984014443252818e-15,1365.3429247729698,0.0
rs_future_7,full,gbr,regime_cqr,8640.0,0.9679398148148148,0.01793981481481488,0.01793981481481488,0.025,0.007060185185185185,0.025,0.007060185185185185,0.1514679645079141,0.15373087479297443,0.1590656614109577,0.0009871574803098871,0.009561388540706203,0.0029894840549639606,-1.7169997684879545,0.95,66.70669233107628,3.3306690738754696e-16,1170.8051813248999,0.0
rs_future_7,full,gbr,cqr,8640.0,0.9681712962962963,0.018171296296296324,0.018171296296296324,0.02476851851851852,0.007060185185185185,0.02476851851851852,0.007060185185185185,0.151917530857448,0.153907485363589,0.15952739229410468,0.0009918087945598865,0.009561388540706203,0.0029963760127926366,-1.7169997684879545,0.95,68.57410993590338,1.1102230246251565e-16,1158.57173727461,0.0
rs_future_7,full,ridge,cqr,8640.0,0.9310185185185185,-0.018981481481481488,0.018981481481481488,0.04548611111111111,0.02349537037037037,0.04548611111111111,0.02349537037037037,0.12854377413201723,0.12098248770296524,0.15960744930971107,0.0011183256183477522,0.009190487122763677,0.0028718606143949294,-1.7133989058206538,0.95,58.902421813202636,1.6542323066914832e-14,1686.474992291562,0.0
rs_future_7,full,rf,cqr,8640.0,0.9298611111111111,-0.020138888888888817,0.020138888888888817,0.049421296296296297,0.020717592592592593,0.049421296296296297,0.020717592592592593,0.1285687770456773,0.11919498279630075,0.16378852512358144,0.0012903599561754772,0.011181156540142774,0.002804353171913964,-1.7080324861199057,0.95,65.9216711335639,4.440892098500626e-16,1928.3047917920744,0.0
rs_future_7,price_only,gbr,raw_quantile,8640.0,0.9707175925925926,0.02071759259259265,0.02071759259259265,0.023726851851851853,0.005555555555555556,0.023726851851851853,0.005555555555555556,0.1454666693864644,0.1417253762266824,0.15288208838577053,0.0009881148214716056,0.008926742627371148,0.0028339373881725626,-1.7224451061793955,0.95,91.14729289654588,0.0,1357.4859077018,0.0
rs_future_7,price_onchain,gbr,raw_quantile,8640.0,0.9726851851851852,0.022685185185185253,0.022685185185185253,0.02349537037037037,0.0038194444444444443,0.02349537037037037,0.0038194444444444443,0.15498869328896406,0.15180438756336812,0.16012706130483997,0.0010104288346879668,0.009275916741098785,0.0029927476979329367,-1.7213199202043943,0.95,111.27523079021921,0.0,1245.6962470813642,0.0
rs_future_7,price_only,gbr,regime_cqr,8640.0,0.9747685185185185,0.02476851851851858,0.02476851851851858,0.019675925925925927,0.005555555555555556,0.019675925925925927,0.005555555555555556,0.1480464486028777,0.14292631535624,0.15436050737639823,0.00099224805282435,0.008926742627371148,0.0028667646315855113,-1.7224451061793955,0.95,135.33785874952423,0.0,1077.1783194299605,0.0
rs_future_7,price_only,gbr,cqr,8640.0,0.9747685185185185,0.02476851851851858,0.02476851851851858,0.019675925925925927,0.005555555555555556,0.019675925925925927,0.005555555555555556,0.1485093280839736,0.14342877332625087,0.15482338685749417,0.0009981600409571054,0.008926742627371148,0.002872424630480154,-1.7224451061793955,0.95,135.33785874952423,0.0,1077.1783194299605,0.0
rs_future_7,price_onchain,gbr,regime_cqr,8640.0,0.9752314814814815,0.025231481481481577,0.025231481481481577,0.020949074074074075,0.0038194444444444443,0.020949074074074075,0.0038194444444444443,0.15638383552004523,0.15225641170265375,0.16051414881508236,0.0010026667445555124,0.009275916741098785,0.0030101869758214516,-1.7213199202043943,0.95,141.0909543248572,0.0,1086.257639128581,0.0
rs_future_7,price_onchain,gbr,cqr,8640.0,0.9752314814814815,0.025231481481481577,0.025231481481481577,0.020949074074074075,0.0038194444444444443,0.020949074074074075,0.0038194444444444443,0.1568122091298574,0.15238341444721298,0.1609425224248946,0.0010080214146781653,0.009275916741098785,0.0030155416459441042,-1.7213199202043943,0.95,141.0909543248572,0.0,1086.257639128581,0.0
rs_future_7,full,lstm,cqr,8640.0,0.9219907407407407,-0.028009259259259234,0.028009259259259234,0.029282407407407406,0.048726851851851855,0.029282407407407406,0.048726851851851855,0.1380984733500049,0.1311158182952114,0.1857971784782066,0.001508303855581883,0.012941265311002217,0.003136625606373186,223331.6047961984,0.95,122.80266050283808,0.0,2229.9729846655528,0.0
rs_future_7,full,ridge,regime_cqr,8640.0,0.9215277777777777,-0.028472222222222232,0.028472222222222232,0.049421296296296297,0.029050925925925924,0.049421296296296297,0.029050925925925924,0.1265770215224675,0.1191079267344104,0.16122752121030656,0.0011149455597058546,0.009190487122763677,0.0029157424705517146,-1.7133989058206538,0.95,126.62621203617164,0.0,1693.1520782139314,0.0
rs_future_7,full,rf,regime_cqr,8640.0,0.9207175925925926,-0.029282407407407396,0.029282407407407396,0.05347222222222222,0.025810185185185186,0.05347222222222222,0.025810185185185186,0.12651102131651074,0.11770856311032946,0.16462213421388242,0.0012740928424049664,0.011181156540142774,0.0028414605129419976,-1.7080324861199057,0.95,133.44050270368007,0.0,1931.3978479698253,0.0
rs_future_7,price_only,ridge,sym_conformal,8640.0,0.9202546296296297,-0.029745370370370283,0.029745370370370283,0.03819444444444445,0.04155092592592593,0.03819444444444445,0.04155092592592593,0.10533515689860669,0.09834468223024515,0.1664416675671536,0.001681267749533751,0.009880313606889011,0.002479773939644992,-1.7258853180156943,0.95,137.40424169924881,0.0,1907.2536244449334,0.0
rs_future_7,price_only,gru,raw_quantile,8640.0,0.9799768518518519,0.02997685185185195,0.02997685185185195,0.012268518518518519,0.0077546296296296295,0.012268518518518519,0.0077546296296296295,0.16554119543829815,0.16096909623593092,0.17361285593444845,0.0013329614197366824,0.009587000070374902,0.0030073599786244326,-1.7086940333243619,0.95,209.4516443318255,0.0,736.660354706199,0.0
rs_future_7,full,gru,sym_conformal,8640.0,0.9190972222222222,-0.030902777777777724,0.030902777777777724,0.029861111111111113,0.051041666666666666,0.029861111111111113,0.051041666666666666,0.11553336902806119,0.1023993082344532,0.17681319905300047,0.0015943863753941552,0.013799081687451373,0.0028259436009307605,113758.70636581615,0.95,147.53381006097334,0.0,1998.6577944458932,0.0
rs_future_7,price_onchain,ridge,raw_quantile,8640.0,0.98125,0.03125,0.03125,0.01875,0.0,0.01875,0.0,0.1769505981366367,0.1760021451244489,0.18068024627710574,0.0010919187897178758,0.008438421625942025,0.003425087367209671,-1.7279554192462203,0.95,230.99708604065017,0.0,972.6050119590128,0.0
rs_future_7,price_only,ridge,raw_quantile,8640.0,0.98125,0.03125,0.03125,0.01875,0.0,0.01875,0.0,0.1769505981366367,0.1760021451244489,0.18068024627710574,0.0010919187897178758,0.008438216745720494,0.003425087367209671,-1.7279566058352769,0.95,230.99708604065017,0.0,972.6050119590128,0.0
rs_future_7,price_onchain,ridge,regime_cqr,8640.0,0.98125,0.03125,0.03125,0.01875,0.0,0.01875,0.0,0.17722984711788695,0.1771483936216242,0.1803565597435068,0.0010803360141122746,0.008438421625942025,0.003428577979475299,-1.7279554192462203,0.95,230.99708604065017,0.0,972.6050119590128,0.0
rs_future_7,price_only,ridge,regime_cqr,8640.0,0.98125,0.03125,0.03125,0.01875,0.0,0.01875,0.0,0.17722984711788695,0.1771483936216242,0.1803565597435068,0.0010803360141122746,0.008438216745720494,0.003428577979475299,-1.7279566058352769,0.95,230.99708604065017,0.0,972.6050119590128,0.0
rs_future_7,price_onchain,ridge,cqr,8640.0,0.98125,0.03125,0.03125,0.01875,0.0,0.01875,0.0,0.1778232030917776,0.17730699394910515,0.18094991571739746,0.0010877529637859074,0.008438421625942025,0.003435994929148932,-1.7279554192462203,0.95,230.99708604065017,0.0,972.6050119590128,0.0
rs_future_7,price_only,ridge,cqr,8640.0,0.98125,0.03125,0.03125,0.01875,0.0,0.01875,0.0,0.1778232030917776,0.17730699394910515,0.18094991571739746,0.0010877529637859074,0.008438216745720494,0.003435994929148932,-1.7279566058352769,0.95,230.99708604065017,0.0,972.6050119590128,0.0
rs_future_7,price_only,gru,regime_cqr,8640.0,0.9832175925925926,0.033217592592592604,0.033217592592592604,0.011226851851851852,0.005555555555555556,0.011226851851851852,0.005555555555555556,0.16998486409072683,0.1645473845514048,0.1770381095640427,0.0013781834866751473,0.009587000070374902,0.0030477692524258247,-1.7086940333243619,0.95,267.3296138674077,0.0,649.9603810177327,0.0
rs_future_7,price_only,gru,cqr,8640.0,0.9833333333333333,0.033333333333333326,0.033333333333333326,0.011226851851851852,0.005439814814814815,0.011226851851851852,0.005439814814814815,0.17027237575386214,0.16465977765619755,0.17728561259117606,0.001381985113882099,0.009587000070374902,0.003050155200897207,-1.7086940333243619,0.95,269.5887646648937,0.0,654.0629018714626,0.0
rs_future_7,full,lstm,regime_cqr,8640.0,0.9152777777777777,-0.03472222222222221,0.03472222222222221,0.03125,0.05347222222222222,0.03125,0.05347222222222222,0.1370796650162508,0.1305634388806005,0.18972562415458932,0.0015210737605663885,0.012941265311002217,0.00322206684329825,223331.6047961984,0.95,183.14860782337837,0.0,2354.773913544645,0.0
rs_future_7,full,gru,regime_sym_conformal,8640.0,0.9078703703703703,-0.04212962962962963,0.04212962962962963,0.03425925925925926,0.05787037037037037,0.03425925925925926,0.05787037037037037,0.11351344629646984,0.10156943623998715,0.18217933467448305,0.001624968120796011,0.013799081687451373,0.0029295152460659677,113758.70636581615,0.95,261.3747244600372,0.0,2123.5111096909736,0.0
rs_future_7,price_onchain,har_ols,cqr,8640.0,0.9069444444444444,-0.043055555555555514,0.043055555555555514,0.03333333333333333,0.059722222222222225,0.03333333333333333,0.059722222222222225,0.12455280631100181,0.12035691526640915,0.17315207775044253,0.0012702962178284302,0.00919169397069636,0.0030585057259325376,-1.7057998223477304,0.95,271.9675639828638,0.0,1785.9114571661976,0.0
rs_future_7,price_onchain,har_ols,regime_cqr,8640.0,0.9069444444444444,-0.043055555555555514,0.043055555555555514,0.03263888888888889,0.06041666666666667,0.03263888888888889,0.06041666666666667,0.12520244721345375,0.12234344226066005,0.17471578537905538,0.0012789777640974836,0.00919169397069636,0.003088916870378807,-1.7057998223477304,0.95,271.9675639828638,0.0,1740.686012577407,0.0
rs_future_7,price_only,rf,cqr,8640.0,0.9064814814814814,-0.04351851851851851,0.04351851851851851,0.04652777777777778,0.04699074074074074,0.04652777777777778,0.04699074074074074,0.11146187468027993,0.0995506444143967,0.170502581337216,0.0013887384793410625,0.009570882376251024,0.0028738260540892404,-1.72379686285105,0.95,277.32990951960437,0.0,2641.8668674908604,0.0
rs_future_7,price_only,gru,sym_conformal,8640.0,0.9063657407407407,-0.043634259259259234,0.043634259259259234,0.04189814814814815,0.05173611111111111,0.04189814814814815,0.05173611111111111,0.1082564962217239,0.10316385142505165,0.1766453615595033,0.001822346800896806,0.010631906397028996,0.0025937872380906797,-1.7008181305727708,0.95,278.6773300268078,0.0,2394.7266381279596,0.0
rs_future_7,price_only,ridge,regime_sym_conformal,8640.0,0.903587962962963,-0.046412037037037,0.046412037037037,0.049305555555555554,0.04710648148148148,0.049305555555555554,0.04710648148148148,0.10394766002669077,0.1007060623926656,0.17004844380284675,0.001729824490714815,0.009880313606889011,0.0025213866043562578,-1.7258853180156943,0.95,311.8268464091543,0.0,2126.1318963809545,0.0
rs_future_7,price_onchain,gru,sym_conformal,8640.0,0.9027777777777778,-0.047222222222222165,0.047222222222222165,0.05138888888888889,0.04583333333333333,0.05138888888888889,0.04583333333333333,0.12152042741977814,0.1145407035946846,0.19403779146500125,0.001992904121691616,0.013730775196449918,0.0028580406649333172,93411.3860068562,0.95,321.78553620392086,0.0,2276.1313154510817,0.0
rs_future_7,price_onchain,rf,cqr,8640.0,0.9023148148148148,-0.047685185185185164,0.047685185185185164,0.05497685185185185,0.042708333333333334,0.05497685185185185,0.042708333333333334,0.11630578184237263,0.1002473733906167,0.16374046390799563,0.0013533165499240972,0.009488443455503997,0.002740195047775699,-1.7251510616385275,0.95,327.5343001598312,0.0,2513.894252628959,0.0
rs_future_7,price_onchain,ridge,sym_conformal,8640.0,0.9013888888888889,-0.04861111111111105,0.04861111111111105,0.04652777777777778,0.052083333333333336,0.04652777777777778,0.052083333333333336,0.1063830953323408,0.1042983159533642,0.17670511691931476,0.0018208654996428053,0.009915372182273004,0.0025967624233399684,-1.7115767772683197,0.95,339.157709843249,0.0,2410.960183878991,0.0
rs_future_7,price_only,rf,regime_cqr,8640.0,0.9006944444444445,-0.04930555555555549,0.04930555555555549,0.04722222222222222,0.052083333333333336,0.04722222222222222,0.052083333333333336,0.10915574713446184,0.09835836249740415,0.170329319394785,0.001368404682093077,0.009570882376251024,0.0028898283027764516,-1.72379686285105,0.95,347.9847218832165,0.0,2595.553844056899,0.0
rs_future_7,price_onchain,har_ols,regime_sym_conformal,8640.0,0.9,-0.04999999999999993,0.04999999999999993,0.049305555555555554,0.050694444444444445,0.049305555555555554,0.050694444444444445,0.1075478720292403,0.1093296292149345,0.17809123922683656,0.0019521410300728326,0.010424332975567736,0.0025001399505979846,-1.6909614455465733,0.95,356.9049028122563,0.0,2727.7829669852126,0.0
rs_future_7,price_onchain,har_ols,sym_conformal,8640.0,0.9,-0.04999999999999993,0.04999999999999993,0.049305555555555554,0.050694444444444445,0.049305555555555554,0.050694444444444445,0.10763054826958382,0.1093471583368398,0.17791249921148894,0.001919056127731211,0.010424332975567736,0.0025287563525559164,-1.6909614455465733,0.95,356.9049028122563,0.0,2561.400519933649,0.0
rs_future_7,price_only,har_ols,sym_conformal,8640.0,0.8993055555555556,-0.050694444444444375,0.050694444444444375,0.05694444444444444,0.04375,0.05694444444444444,0.04375,0.10690424094783793,0.1042095055273647,0.17237512034165883,0.0018713794041697743,0.01023479997905606,0.0024379986043716016,-1.721735716060133,0.95,365.91767700461423,0.0,2530.3811302629174,0.0
rs_future_7,price_onchain,gru,regime_sym_conformal,8640.0,0.8974537037037037,-0.05254629629629626,0.05254629629629626,0.05416666666666667,0.04837962962962963,0.05416666666666667,0.04837962962962963,0.12070178766354066,0.1145406963788791,0.19544116993119187,0.002022857274025732,0.013730775196449918,0.002863171974253968,93411.3860068562,0.95,390.4001282252175,0.0,2364.174659343069,0.0
rs_future_7,price_only,lstm,sym_conformal,8640.0,0.8958333333333334,-0.054166666666666585,0.054166666666666585,0.05023148148148148,0.05393518518518518,0.05023148148148148,0.05393518518518518,0.10886375521443332,0.10082986578345296,0.1895906891941611,0.002139277300837704,0.010351742978511855,0.0026004899290162278,-1.7134355433389403,0.95,412.3508543458365,0.0,2927.2704080024487,0.0
rs_future_7,price_onchain,rf,regime_cqr,8640.0,0.8949074074074074,-0.05509259259259258,0.05509259259259258,0.05787037037037037,0.04722222222222222,0.05787037037037037,0.04722222222222222,0.11391753124017362,0.0983647099374684,0.16505144850166278,0.001344390291000548,0.009488443455503997,0.002781895921540927,-1.7251510616385275,0.95,425.1128556875028,0.0,2447.8883848314713,0.0
rs_future_7,price_only,gru,regime_sym_conformal,8640.0,0.8917824074074074,-0.058217592592592515,0.058217592592592515,0.05023148148148148,0.05798611111111111,0.05023148148148148,0.05798611111111111,0.10653770249454983,0.1038934395284577,0.17980914921062655,0.0018661632841527587,0.010631906397028996,0.0026290654461128098,-1.7008181305727708,0.95,469.34053884924015,0.0,2486.738684372221,0.0
rs_future_7,price_only,rf,sym_conformal,8640.0,0.8915509259259259,-0.05844907407407407,0.05844907407407407,0.047453703703703706,0.06099537037037037,0.047453703703703706,0.06099537037037037,0.10467609361671763,0.08562853176606106,0.2031830320975516,0.0021768057104335783,0.00999405431468181,0.0029027700920051156,-1.7218949770062486,0.95,472.68677610818577,0.0,3167.201682316402,0.0
rs_future_7,price_only,har_ols,regime_sym_conformal,8640.0,0.8909722222222223,-0.05902777777777768,0.05902777777777768,0.06180555555555556,0.04722222222222222,0.06180555555555556,0.04722222222222222,0.10588154058863763,0.1057381719878912,0.17493798587645892,0.0019142534175772303,0.01023479997905606,0.002459196229334147,-1.721735716060133,0.95,481.09422705459656,0.0,2586.8808122640353,0.0
rs_future_7,full,lstm,sym_conformal,8640.0,0.8899305555555556,-0.0600694444444444,0.0600694444444444,0.05914351851851852,0.05092592592592592,0.05914351851851852,0.05092592592592592,0.12113137340617228,0.1144508086144924,0.19834197025492986,0.0021331126221327073,0.015835575040342345,0.002825436634240443,240779.7670940727,0.95,496.3775796464597,0.0,3040.280108200876,0.0
rs_future_7,price_onchain,rf,sym_conformal,8640.0,0.8887731481481481,-0.06122685185185184,0.06122685185185184,0.04918981481481482,0.062037037037037036,0.04918981481481482,0.062037037037037036,0.10320981338348,0.08609356392810061,0.1824147749614893,0.0018044637322829169,0.010277999063220916,0.00275590564175422,-1.7217127663365384,0.95,513.5835172429697,0.0,3207.897027426764,0.0
rs_future_7,price_onchain,ridge,regime_sym_conformal,8640.0,0.8881944444444444,-0.06180555555555556,0.06180555555555556,0.05625,0.05555555555555555,0.05625,0.05555555555555555,0.10531753869907591,0.1043017039358013,0.1809857301422202,0.0018747941191484226,0.009915372182273004,0.0026498491344069865,-1.7115767772683197,0.95,522.2744309380942,0.0,2623.976895846018,0.0
rs_future_7,price_onchain,lstm,sym_conformal,8640.0,0.8841435185185185,-0.06585648148148149,0.06585648148148149,0.06863425925925926,0.04722222222222222,0.06863425925925926,0.04722222222222222,0.1285196421803751,0.12547679245471954,0.22436600325852335,0.0026422810597683103,0.015847417797761828,0.0029668690216946786,156441.54251307226,0.95,584.7280441708599,0.0,2869.453774676687,0.0
rs_future_7,full,ridge,sym_conformal,8640.0,0.8828703703703704,-0.06712962962962954,0.06712962962962954,0.06238425925925926,0.05474537037037037,0.06238425925925926,0.05474537037037037,0.10688987971349072,0.0947822960474534,0.21710718818323296,0.0019471494140034938,0.01416605400387189,0.003480530290577235,124628.6175581522,0.95,604.9321093547605,0.0,2723.5883305008906,0.0
rs_future_7,price_only,lstm,regime_sym_conformal,8640.0,0.882175925925926,-0.06782407407407398,0.06782407407407398,0.05625,0.06157407407407407,0.05625,0.06157407407407407,0.107395383332368,0.1008586445578801,0.1951539481883739,0.0021717825214102406,0.010351742978511855,0.0027070661832990102,-1.7134355433389403,0.95,616.066835422399,0.0,3042.0508041553094,0.0
rs_future_7,full,rf,sym_conformal,8640.0,0.8800925925925925,-0.06990740740740742,0.06990740740740742,0.07789351851851851,0.04201388888888889,0.07789351851851851,0.04201388888888889,0.10933389333831736,0.0939153177318481,0.18596876784264402,0.0022554484910884335,0.01235348054338392,0.00239377070497757,-1.7036416239650036,0.95,649.9504325357284,0.0,3364.143818481851,0.0
rs_future_7,price_onchain,lstm,raw_quantile,8640.0,0.8800925925925925,-0.06990740740740742,0.06990740740740742,0.049652777777777775,0.07025462962962963,0.049652777777777775,0.07025462962962963,0.1375192797567891,0.13067424483597273,0.253595063096634,0.002102968236295839,0.013619137446065108,0.004236908341119915,148509.7910162609,0.95,649.9504325357284,0.0,2428.1992603087915,0.0
rs_future_7,full,lstm,regime_sym_conformal,8640.0,0.8793981481481481,-0.07060185185185186,0.07060185185185186,0.06446759259259259,0.05613425925925926,0.06446759259259259,0.05613425925925926,0.1201909124011162,0.1138836244445662,0.20652050797384927,0.0022005923146282288,0.015835575040342345,0.0029624203847179076,240779.7670940727,0.95,661.4034306575722,0.0,3199.1188057874974,0.0
rs_future_7,price_only,rf,regime_sym_conformal,8640.0,0.8778935185185185,-0.07210648148148147,0.07210648148148147,0.05648148148148148,0.065625,0.05648148148148148,0.065625,0.10282142353202021,0.0881810068876715,0.20411506464256707,0.002176558626388488,0.00999405431468181,0.002926317989675593,-1.7218949770062486,0.95,686.4872963998596,0.0,2945.20474951328,0.0
rs_future_7,full,har_ols,sym_conformal,8640.0,0.8770833333333333,-0.07291666666666663,0.07291666666666663,0.07152777777777777,0.05138888888888889,0.07152777777777777,0.05138888888888889,0.11288607696292217,0.1075384099595816,0.22503108158337676,0.0021490890397110936,0.015290348186731606,0.00347668799987323,196795.38859498463,0.95,700.1454014868486,0.0,3231.6737807134828,0.0
rs_future_7,price_onchain,rf,regime_sym_conformal,8640.0,0.8761574074074074,-0.07384259259259252,0.07384259259259252,0.05717592592592593,0.06666666666666667,0.05717592592592593,0.06666666666666667,0.10138837929499132,0.0866801383910951,0.18501725379228678,0.0018023844440996411,0.010277999063220916,0.002823046900707433,-1.7217127663365384,0.95,715.8834602904262,0.0,3005.601623319132,0.0
rs_future_7,price_onchain,lstm,regime_sym_conformal,8640.0,0.8761574074074074,-0.07384259259259252,0.07384259259259252,0.0707175925925926,0.053125,0.0707175925925926,0.053125,0.12693335573764042,0.1253621357292302,0.22753951142380652,0.0026590831214098605,0.015847417797761828,0.0030294046641852054,156441.54251307226,0.95,715.8834602904262,0.0,2836.776726221334,0.0
rs_future_7,full,gru,raw_quantile,8640.0,0.8760416666666667,-0.07395833333333324,0.07395833333333324,0.022800925925925926,0.1011574074074074,0.022800925925925926,0.1011574074074074,0.12874985195315575,0.11906767077744,0.2315690856785082,0.001420932257650486,0.011954474350769203,0.004368294884312124,102881.18591994251,0.95,717.8603358054515,0.0,2582.192683425634,0.0
rs_future_7,full,ridge,regime_sym_conformal,8640.0,0.8748842592592593,-0.07511574074074068,0.07511574074074068,0.07118055555555555,0.05393518518518518,0.07118055555555555,0.05393518518518518,0.10519939138711536,0.0937841894813694,0.21930719044784028,0.002090952306919858,0.01416605400387189,0.003391727454276054,124628.6175581522,0.95,737.7460510866213,0.0,2755.0947719257447,0.0
rs_future_7,price_only,gbr,sym_conformal,8640.0,0.8746527777777777,-0.07534722222222223,0.07534722222222223,0.06921296296296296,0.05613425925925926,0.06921296296296296,0.05613425925925926,0.09942426626791093,0.0891049992425514,0.17638290709949608,0.0017129792050588387,0.010455664909416898,0.0026965934724284676,-1.718275440439017,0.95,741.7486247474972,0.0,3631.5408697129337,0.0
rs_future_7,price_onchain,gru,raw_quantile,8640.0,0.8738425925925926,-0.0761574074074074,0.0761574074074074,0.047685185185185185,0.07847222222222222,0.047685185185185185,0.07847222222222222,0.13243327444680386,0.1290473872795701,0.2306323370932198,0.001683126085118682,0.011753252317599956,0.004082682342211717,53041.83807478399,0.95,755.8240535854366,0.0,2377.6663748632764,0.0
rs_future_7,full,gbr,sym_conformal,8640.0,0.8737268518518518,-0.07627314814814812,0.07627314814814812,0.07118055555555555,0.055092592592592596,0.07118055555555555,0.055092592592592596,0.10157920985057721,0.0935090553340015,0.17755643379152256,0.00182022795648423,0.011306472131519838,0.0026186828883037394,-1.7102514612700155,0.95,757.84324141667,0.0,3470.192405351767,0.0
rs_future_7,price_onchain,gbr,sym_conformal,8640.0,0.8726851851851852,-0.07731481481481473,0.07731481481481473,0.0707175925925926,0.05659722222222222,0.0707175925925926,0.05659722222222222,0.10014775591444054,0.0879559632927226,0.179527292892019,0.001732367624783039,0.010895889189368109,0.002755814697517341,-1.7144568969206997,0.95,776.1101505522529,0.0,3784.0468445050265,0.0
rs_future_7,full,ridge,raw_quantile,8640.0,0.8704861111111111,-0.07951388888888888,0.07951388888888888,0.07824074074074074,0.05127314814814815,0.07824074074074074,0.05127314814814815,0.11122739974945917,0.09421019795629755,0.17800234226358813,0.0011193224767294316,0.009190487122763677,0.0033307360798601774,-1.7133989058206538,0.95,815.2264023650196,0.0,2813.591541160517,0.0
rs_future_7,full,har_ols,regime_sym_conformal,8640.0,0.8701388888888889,-0.07986111111111105,0.07986111111111105,0.08402777777777778,0.04583333333333333,0.08402777777777778,0.04583333333333333,0.11083224289988099,0.1034701498326264,0.21872167250893357,0.0024329834536180525,0.015290348186731606,0.0030350583591051907,196795.38859498463,0.95,821.4706866949391,0.0,3160.730436095284,0.0
rs_future_7,full,har_ols,cqr,8640.0,0.8666666666666667,-0.08333333333333326,0.08333333333333326,0.06597222222222222,0.06736111111111111,0.06597222222222222,0.06736111111111111,0.13223814618612476,0.1272384142680355,0.2136373800438356,0.001342106821267068,0.011356032816400493,0.003998827679828727,4695.141655069484,0.95,884.9207413242484,0.0,2845.5585361835865,0.0
rs_future_7,full,rf,regime_sym_conformal,8640.0,0.8653935185185185,-0.08460648148148142,0.08460648148148142,0.08391203703703703,0.050694444444444445,0.08391203703703703,0.050694444444444445,0.10555787997505593,0.0924786343329507,0.19227478377497217,0.002293535422357014,0.01235348054338392,0.0025133341720171946,-1.7036416239650036,0.95,908.6396200779709,0.0,3335.718438741018,0.0
rs_future_7,price_only,gbr,regime_sym_conformal,8640.0,0.8618055555555556,-0.08819444444444435,0.08819444444444435,0.07476851851851851,0.06342592592592593,0.07476851851851851,0.06342592592592593,0.0978342891658875,0.0866548593900238,0.1791932509948499,0.0017288650166318806,0.010455664909416898,0.0027509662582392716,-1.718275440439017,0.95,976.7712243650294,0.0,3711.5837840085887,0.0
rs_future_7,price_onchain,gbr,regime_sym_conformal,8640.0,0.8596064814814814,-0.09039351851851851,0.09039351851851851,0.07777777777777778,0.06261574074074074,0.07777777777777778,0.06261574074074074,0.09853459912161529,0.0867486050650632,0.1809910617648816,0.0017561214245777118,0.010895889189368109,0.0027686551195442335,-1.7144568969206997,0.95,1019.4552007414595,0.0,3902.7546633545953,0.0
rs_future_7,full,har_ols,regime_cqr,8640.0,0.8583333333333333,-0.09166666666666667,0.09166666666666667,0.075,0.06666666666666667,0.075,0.06666666666666667,0.13224830629981738,0.1281759511968755,0.211432164382589,0.001414470917920032,0.011356032816400493,0.0038713331916445997,4695.141655069484,0.95,1044.4840524141364,0.0,3022.1442939543476,0.0
rs_future_7,full,gbr,regime_sym_conformal,8640.0,0.8557870370370371,-0.09421296296296289,0.09421296296296289,0.08055555555555556,0.06365740740740741,0.08055555555555556,0.06365740740740741,0.09945308297726135,0.0891201082499456,0.18278660397321214,0.0018865741447153953,0.011306472131519838,0.002683090954614813,-1.7102514612700155,0.95,1095.2310848775523,0.0,3612.848593689062,0.0
rs_future_7,price_onchain,har_ols,raw_quantile,8640.0,0.8173611111111111,-0.13263888888888886,0.13263888888888886,0.08333333333333333,0.09930555555555555,0.08333333333333333,0.09930555555555555,0.10219413463800457,0.09789846200419,0.20369195682907326,0.0013505318700679277,0.00919169397069636,0.0037417670506588105,-1.7057998223477304,0.95,1964.5787381529299,0.0,2116.4923855694215,0.0
rs_future_7,full,lstm,raw_quantile,8640.0,0.8020833333333334,-0.14791666666666659,0.14791666666666659,0.07037037037037037,0.1275462962962963,0.07037037037037037,0.1275462962962963,0.1097312146919446,0.10246405191719525,0.278415135260858,0.0018710977027735429,0.012941265311002217,0.005089280678747813,223331.6047961984,0.95,2359.517142843173,0.0,4463.660892104168,0.0
rs_future_7,full,rf,raw_quantile,8640.0,0.7598379629629629,-0.19016203703703705,0.19016203703703705,0.18564814814814815,0.05451388888888889,0.18564814814814815,0.05451388888888889,0.09379645194733648,0.08508996388670151,0.20740010416507262,0.0022036305867197442,0.011181156540142774,0.0029813720174069786,-1.7080324861199057,0.95,3579.882474100774,0.0,3989.7055502965204,0.0
rs_future_7,full,har_ols,raw_quantile,8640.0,0.6256944444444444,-0.3243055555555555,0.3243055555555555,0.19583333333333333,0.17847222222222223,0.19583333333333333,0.17847222222222223,0.09283719539247581,0.0945516229871057,0.33639083413606663,0.002264515915436025,0.011356032816400493,0.006145254937965547,4695.141655069484,0.95,8505.314378555744,0.0,4770.797456141238,0.0
rs_future_7,price_onchain,rf,raw_quantile,8640.0,0.6204861111111111,-0.3295138888888889,0.3295138888888889,0.2899305555555556,0.08958333333333333,0.2899305555555556,0.08958333333333333,0.0609066840889746,0.043441151752903195,0.2565848271700567,0.0029265516411311225,0.009488443455503997,0.0034880690381202044,-1.7251510616385275,0.95,8725.071717705254,0.0,3905.2314916219566,0.0
rs_future_7,price_only,rf,raw_quantile,8640.0,0.5648148148148148,-0.3851851851851852,0.3851851851851852,0.3209490740740741,0.11423611111111111,0.3209490740740741,0.11423611111111111,0.04779321678472159,0.03648253071848425,0.2855984415436344,0.003168344281424307,0.009570882376251024,0.003971616757166461,-1.72379686285105,0.95,11196.540524833137,0.0,3593.187589202749,0.0
rv_future_7,price_only,lstm,raw_quantile,8640.0,0.9480324074074075,-0.001967592592592493,0.001967592592592493,0.03877314814814815,0.013194444444444444,0.03877314814814815,0.013194444444444444,0.16890639569472923,0.16476929187774655,0.19746807355000784,0.0014824196274022176,0.013495114255554408,0.0034542822113478823,-1.6971450518701907,0.95,0.6956088342831208,0.404263135097948,1441.736862966599,0.0
rv_future_7,price_only,ridge,raw_quantile,8640.0,0.9462962962962963,-0.0037037037037036535,0.0037037037037036535,0.04849537037037037,0.005208333333333333,0.04849537037037037,0.005208333333333333,0.16121626570084233,0.1567862961884036,0.175804139428005,0.0012233433478596137,0.01236782641744946,0.0031717601378404166,-1.7107718850324432,0.95,2.4388373539813983,0.11836392605035584,807.1307641531744,0.0
rv_future_7,price_onchain,gru,regime_cqr,8640.0,0.9539351851851852,0.003935185185185208,0.003935185185185208,0.013541666666666667,0.03252314814814815,0.013541666666666667,0.03252314814814815,0.17878223143349847,0.17610545270144934,0.22389132868045578,0.001622294451232028,0.013736915419792306,0.00397498876577927,-1.615565390609509,0.95,2.889672107784918,0.08914906749542273,1406.9870909680917,0.0
rv_future_7,price_only,har_ols,cqr,8640.0,0.9541666666666667,0.004166666666666763,0.004166666666666763,0.035416666666666666,0.010416666666666666,0.035416666666666666,0.010416666666666666,0.17515741469312168,0.16946891540669573,0.19021647771839653,0.0013207459001728932,0.012544554316925544,0.0034346660427869258,-1.7096807909978595,0.95,3.2446538256976964,0.07165682628644232,754.2953959264682,0.0
rv_future_7,price_only,har_ols,regime_cqr,8640.0,0.9541666666666667,0.004166666666666763,0.004166666666666763,0.03611111111111111,0.009722222222222222,0.03611111111111111,0.009722222222222222,0.1755878404486647,0.16873817922876766,0.1891956067802298,0.0013306817341343373,0.012544554316925544,0.003399208435371314,-1.7096807909978595,0.95,3.2446538256976964,0.07165682628644232,754.2953959264682,0.0
rv_future_7,price_onchain,lstm,cqr,8640.0,0.9456018518518519,-0.0043981481481480955,0.0043981481481480955,0.020023148148148148,0.034375,0.020023148148148148,0.034375,0.14788806382372877,0.1425121503186704,0.19219720647977356,0.0015767911019302966,0.014262287538471363,0.0032281390600639465,3122.7685324980903,0.95,3.424878119148161,0.06422098349855954,1537.1915187932555,0.0
rv_future_7,price_onchain,lstm,regime_cqr,8640.0,0.9452546296296296,-0.004745370370370372,0.004745370370370372,0.021180555555555557,0.03356481481481482,0.021180555555555557,0.03356481481481482,0.14712015690196234,0.14090390687167043,0.19099516390391236,0.0015819917482635122,0.014262287538471363,0.0031928873493342015,3122.7685324980903,0.95,3.9787730845787337,0.04607711411279303,1580.3883721937023,0.0
rv_future_7,price_onchain,gru,cqr,8640.0,0.9550925925925926,0.0050925925925926485,0.0050925925925926485,0.013194444444444444,0.031712962962962964,0.013194444444444444,0.031712962962962964,0.1789476741041242,0.1762620522640645,0.22430824752589246,0.001625353079777813,0.013736915419792306,0.003982353108369402,-1.615565390609509,0.95,4.8773341771152445,0.027211614566475584,1392.870876881681,0.0
rv_future_7,price_onchain,gbr,raw_quantile,8640.0,0.9427083333333334,-0.007291666666666585,0.007291666666666585,0.04594907407407407,0.011342592592592593,0.04594907407407407,0.011342592592592593,0.14777090169503923,0.14141752463291085,0.16787667037102216,0.001172462706789494,0.012492654790961984,0.003024454052485967,-1.7030066012718588,0.95,9.25564714227221,0.0023477036053012323,941.6402304861008,0.0
rv_future_7,price_only,gbr,regime_cqr,8640.0,0.9586805555555555,0.00868055555555558,0.00868055555555558,0.03252314814814815,0.008796296296296297,0.03252314814814815,0.008796296296296297,0.16605070381503936,0.164347605740521,0.18519553158461804,0.001247987130044746,0.01293094171591007,0.0033819011595706107,-1.7072966661621907,0.95,14.530707372026427,0.0001378934648351704,979.0554619334316,0.0
rv_future_7,full,gru,cqr,8640.0,0.9412037037037037,-0.008796296296296302,0.008796296296296302,0.01898148148148148,0.03981481481481482,0.01898148148148148,0.03981481481481482,0.1867695756462738,0.17542385668333993,0.23661877133341935,0.001651134998987129,0.016007185689702566,0.004264334284348259,171805.57766169976,0.95,13.354638823854202,0.00025778418425237426,1565.385108778658,0.0
rv_future_7,price_only,ridge,regime_cqr,8640.0,0.959375,0.009375000000000022,0.009375000000000022,0.03599537037037037,0.004629629629629629,0.03599537037037037,0.004629629629629629,0.16853514542103903,0.16414944901727335,0.18065463686123157,0.0012559806770546693,0.01236782641744946,0.0032603852444760264,-1.7107718850324432,0.95,17.0338915138841,3.671854163045385e-05,692.7636019186066,0.0
rv_future_7,price_only,ridge,cqr,8640.0,0.9609953703703704,0.01099537037037046,0.01099537037037046,0.034375,0.004629629629629629,0.034375,0.004629629629629629,0.16879203029323717,0.1642863314259607,0.18084763040796328,0.0012566219826459079,0.01236782641744946,0.0032645687775530795,-1.7107718850324432,0.95,23.712367956635717,1.1186135338014935e-06,698.4453736484147,0.0
rv_future_7,full,gbr,raw_quantile,8640.0,0.9611111111111111,0.011111111111111183,0.011111111111111183,0.03194444444444444,0.006944444444444444,0.03194444444444444,0.006944444444444444,0.1703695117884055,0.1675037768254006,0.1794599358283563,0.0011923539037015695,0.012782528683725616,0.0032941444920072433,-1.7128855963001755,0.95,24.23515921816943,8.526152244225926e-07,1026.0841945517855,0.0
rv_future_7,price_only,lstm,regime_cqr,8640.0,0.9613425925925926,0.011342592592592626,0.011342592592592626,0.027430555555555555,0.011226851851851852,0.027430555555555555,0.011226851851851852,0.17932766040261286,0.17324879191134254,0.1966738218683008,0.0014351275398415899,0.013495114255554408,0.003481718006865834,-1.6971450518701907,0.95,25.299339193190008,4.908768875822034e-07,1165.4824742719743,0.0
rv_future_7,price_only,lstm,cqr,8640.0,0.9618055555555556,0.011805555555555625,0.011805555555555625,0.02662037037037037,0.011574074074074073,0.02662037037037037,0.011574074074074073,0.17914415152664692,0.1732249450208142,0.19665239370067825,0.0014230875625883938,0.013495114255554408,0.0034932222799284656,-1.6971450518701907,0.95,27.50258939806872,1.5688432042360034e-07,1104.652364634306,0.0
rv_future_7,full,gru,regime_cqr,8640.0,0.9378472222222223,-0.012152777777777679,0.012152777777777679,0.021296296296296296,0.04085648148148148,0.021296296296296296,0.04085648148148148,0.1861035580665342,0.17538224346935746,0.23976917727722238,0.0016919551985628892,0.016007185689702566,0.004302274233367575,171805.57766169976,0.95,25.021837991473603,5.66846479310712e-07,1630.006039037467,0.0
rv_future_7,price_onchain,rf,cqr,8640.0,0.9365740740740741,-0.013425925925925841,0.013425925925925841,0.04016203703703704,0.02326388888888889,0.04016203703703704,0.02326388888888889,0.16928324520950289,0.14697440414467094,0.19702809799738416,0.0014171374612666143,0.01856689798504876,0.003508564988667895,-1.6479615966552439,0.95,30.33042389422735,3.643657464635908e-08,1364.6918039546167,0.0
rv_future_7,price_only,gbr,cqr,8640.0,0.9637731481481482,0.013773148148148229,0.013773148148148229,0.027430555555555555,0.008796296296296297,0.027430555555555555,0.008796296296296297,0.16686051530369017,0.1646251724913363,0.18523572783508238,0.0012344532653654205,0.01293094171591007,0.0033964399305115448,-1.7072966661621907,0.95,38.005769313345354,7.053574391235884e-10,874.0574393139414,0.0
rv_future_7,price_only,gbr,raw_quantile,8640.0,0.9354166666666667,-0.014583333333333282,0.014583333333333282,0.05520833333333333,0.009375,0.05520833333333333,0.009375,0.1563814248176436,0.16205840838056015,0.17977513963675412,0.0012400831114073455,0.01293094171591007,0.0032542953795114127,-1.7072966661621907,0.95,35.565830012376864,2.4657508257419636e-09,1282.0139202470232,0.0
rv_future_7,price_onchain,gbr,regime_cqr,8640.0,0.9649305555555555,0.014930555555555558,0.014930555555555558,0.025231481481481483,0.009837962962962963,0.025231481481481483,0.009837962962962963,0.15821335729973496,0.1472318429513993,0.17239998094857675,0.0012127252208618193,0.012492654790961984,0.0030972743028525053,-1.7030066012718588,0.95,45.07304743779105,1.8982038163528614e-11,735.3963117406956,0.0
rv_future_7,full,ridge,raw_quantile,8640.0,0.9659722222222222,0.015972222222222276,0.015972222222222276,0.027777777777777776,0.00625,0.027777777777777776,0.00625,0.1746150017720641,0.1724681746162673,0.1844797455537884,0.0012572366133359997,0.012246887652059292,0.003354757025508616,-1.7175067304993359,0.95,52.01793803149758,5.500044863993026e-13,1025.3541534372912,0.0
rv_future_7,price_onchain,ridge,raw_quantile,8640.0,0.9659722222222222,0.015972222222222276,0.015972222222222276,0.027777777777777776,0.00625,0.027777777777777776,0.00625,0.1746150017720641,0.1724681746162673,0.1844797455537884,0.0012572366133359997,0.012492295804654286,0.003354757025508616,-1.7162304339508638,0.95,52.01793803149758,5.500044863993026e-13,1025.3541534372912,0.0
rv_future_7,price_onchain,gbr,cqr,8640.0,0.9662037037037037,0.01620370370370372,0.01620370370370372,0.024074074074074074,0.009722222222222222,0.024074074074074074,0.009722222222222222,0.15851555629518588,0.1472949187718428,0.17268266756023692,0.0012080247673352227,0.012492654790961984,0.003109041921670607,-1.7030066012718588,0.95,53.63812932219798,2.410294186461215e-13,725.6061070036178,0.0
rv_future_7,price_only,har_ols,raw_quantile,8640.0,0.9333333333333333,-0.016666666666666607,0.016666666666666607,0.05555555555555555,0.011111111111111112,0.05555555555555555,0.011111111111111112,0.16349730090932224,0.15762458800499013,0.18519805229349068,0.001291229468424787,0.012544554316925544,0.0033387218389123855,-1.7096807909978595,0.95,45.95096800531337,1.212496769653626e-11,1070.9684597469795,0.0
rv_future_7,price_onchain,har_ols,cqr,8640.0,0.9305555555555556,-0.019444444444444375,0.019444444444444375,0.022222222222222223,0.04722222222222222,0.022222222222222223,0.04722222222222222,0.17146387206789448,0.16446839200271102,0.2468611319316023,0.0015959488934965036,0.013683255209107847,0.00457557940479346,10395.8851023318,0.95,61.66718014682101,4.107825191113079e-15,1300.3307488626715,0.0
rv_future_7,price_only,gru,raw_quantile,8640.0,0.9729166666666667,0.022916666666666696,0.022916666666666696,0.015856481481481482,0.011226851851851852,0.015856481481481482,0.011226851851851852,0.18830666336364596,0.1848380453884601,0.20852545991597335,0.0014009542544785232,0.013057526780042714,0.0038121822434207145,-1.6914200632231524,0.95,113.80547306280369,0.0,833.0522115559734,0.0
rv_future_7,full,gbr,regime_cqr,8640.0,0.9746527777777778,0.024652777777777857,0.024652777777777857,0.01840277777777778,0.006944444444444444,0.01840277777777778,0.006944444444444444,0.17592155704442458,0.1697614288001012,0.18329937366113674,0.001216760492036088,0.012782528683725616,0.0033657238494922363,-1.7128855963001755,0.95,133.92322051533938,0.0,720.3895527886416,0.0
rv_future_7,full,rf,cqr,8640.0,0.9248842592592592,-0.025115740740740744,0.025115740740740744,0.05543981481481482,0.019675925925925927,0.05543981481481482,0.019675925925925927,0.16690186504401414,0.1478581927977728,0.1991437299432174,0.0015279287072160117,0.01521659984009124,0.0034506645413643297,-1.6872918849579073,0.95,100.08345300429482,0.0,1779.2737953411693,0.0
rv_future_7,price_onchain,har_ols,regime_cqr,8640.0,0.9243055555555556,-0.025694444444444353,0.025694444444444353,0.020833333333333332,0.05486111111111111,0.020833333333333332,0.05486111111111111,0.16802430481518701,0.1571135226485742,0.2535195893531465,0.0015572811003606503,0.013683255209107847,0.004780708633467919,10395.8851023318,0.95,104.46300951862031,0.0,1386.7001102754648,0.0
rv_future_7,full,ridge,regime_cqr,8640.0,0.9756944444444444,0.025694444444444464,0.025694444444444464,0.018055555555555554,0.00625,0.018055555555555554,0.00625,0.17890988353655873,0.17794261796869795,0.18611919528497595,0.0012445368345595053,0.012246887652059292,0.0034084430475647995,-1.7175067304993359,0.95,146.99738908781796,0.0,636.2700097064705,0.0
rv_future_7,price_onchain,ridge,regime_cqr,8640.0,0.9756944444444444,0.025694444444444464,0.025694444444444464,0.018055555555555554,0.00625,0.018055555555555554,0.00625,0.17890988353655873,0.17794261796869795,0.18611919528497595,0.0012445368345595053,0.012492295804654286,0.0034084430475647995,-1.7162304339508638,0.95,146.99738908781796,0.0,636.2700097064705,0.0
rv_future_7,full,gbr,cqr,8640.0,0.9768518518518519,0.026851851851851904,0.026851851851851904,0.016203703703703703,0.006944444444444444,0.016203703703703703,0.006944444444444444,0.17636897496407739,0.1697614288001012,0.18353443242040646,0.0012167114513893815,0.012782528683725616,0.0033716493591206863,-1.7128855963001755,0.95,162.453291950721,0.0,658.6545915957395,0.0
rv_future_7,full,ridge,cqr,8640.0,0.9770833333333333,0.027083333333333348,0.027083333333333348,0.016666666666666666,0.00625,0.016666666666666666,0.00625,0.17967503744849697,0.17794261796869795,0.18677207372960142,0.0012512943717759139,0.012246887652059292,0.0034180074714640274,-1.7175067304993359,0.95,165.66575781645474,0.0,617.3608570153726,0.0
rv_future_7,price_onchain,ridge,cqr,8640.0,0.9770833333333333,0.027083333333333348,0.027083333333333348,0.016666666666666666,0.00625,0.016666666666666666,0.00625,0.17967503744849697,0.17794261796869795,0.18677207372960142,0.0012512943717759139,0.012492295804654286,0.0034180074714640274,-1.7162304339508638,0.95,165.66575781645474,0.0,617.3608570153726,0.0
rv_future_7,price_onchain,rf,regime_cqr,8640.0,0.9226851851851852,-0.027314814814814792,0.027314814814814792,0.049305555555555554,0.028009259259259258,0.049305555555555554,0.028009259259259258,0.166320040126138,0.1456411475963621,0.2004678203188259,0.001478460967083195,0.01856689798504876,0.003533234540887357,-1.6479615966552439,0.95,117.16397432533995,0.0,1652.0679240079694,0.0
rv_future_7,price_only,gru,regime_cqr,8640.0,0.9787037037037037,0.028703703703703787,0.028703703703703787,0.013425925925925926,0.00787037037037037,0.013425925925925926,0.00787037037037037,0.19504649775411437,0.19122989795072814,0.20534200101743605,0.0014430720190630971,0.013057526780042714,0.0036904780063727076,-1.6914200632231524,0.95,189.3345722058839,0.0,633.5282376578307,0.0
rv_future_7,price_only,rf,cqr,8640.0,0.9209490740740741,-0.02905092592592584,0.02905092592592584,0.04918981481481482,0.029861111111111113,0.04918981481481482,0.029861111111111113,0.17771161949495215,0.14354195210956666,0.22695397350154037,0.0014447454669454917,0.01741988789342634,0.004229103870592922,-1.6640746665513255,0.95,131.47764309082777,0.0,1525.173507890905,0.0
rv_future_7,price_only,gru,cqr,8640.0,0.9790509259259259,0.029050925925925952,0.029050925925925952,0.013078703703703703,0.00787037037037037,0.013078703703703703,0.00787037037037037,0.19508875337871914,0.1909930408000946,0.20578615491604182,0.0014399051001441135,0.013057526780042714,0.003704748772756835,-1.6914200632231524,0.95,194.68435822148103,0.0,653.7847528740076,0.0
rv_future_7,price_onchain,gru,raw_quantile,8640.0,0.9202546296296297,-0.029745370370370283,0.029745370370370283,0.022337962962962962,0.05740740740740741,0.022337962962962962,0.05740740740740741,0.1639159581709464,0.16080636112019414,0.2493335920314928,0.001700550374494446,0.013736915419792306,0.004532789426292777,-1.615565390609509,0.95,137.40424169924881,0.0,2027.1938859925644,0.0
rv_future_7,full,lstm,cqr,8640.0,0.9160879629629629,-0.033912037037037046,0.033912037037037046,0.020717592592592593,0.06319444444444444,0.020717592592592593,0.06319444444444444,0.14382235452210496,0.13483378909456678,0.2273083364584127,0.0016631392730681108,0.016238509404088785,0.004019569138392111,153244.51049094452,0.95,175.3177062245295,0.0,2598.8119762404053,0.0
rv_future_7,full,har_ols,cqr,8640.0,0.9118055555555555,-0.03819444444444442,0.03819444444444442,0.04513888888888889,0.043055555555555555,0.04513888888888889,0.043055555555555555,0.2000889411273405,0.17599611119456865,0.2668989607922922,0.001847460528672252,0.013867498891197884,0.004825013491134959,62682.3677430884,0.95,218.35096693387732,0.0,2057.343968750525,0.0
rv_future_7,full,har_ols,regime_cqr,8640.0,0.9111111111111111,-0.03888888888888886,0.03888888888888886,0.04513888888888889,0.04375,0.04513888888888889,0.04375,0.19818086824269876,0.17479514636794602,0.25853424333988834,0.001801701824456909,0.013867498891197884,0.004661654259040205,62682.3677430884,0.95,225.70533265817267,0.0,1835.3690269779968,0.0
rv_future_7,price_only,rf,regime_cqr,8640.0,0.9106481481481481,-0.03935185185185186,0.03935185185185186,0.05787037037037037,0.03148148148148148,0.05787037037037037,0.03148148148148148,0.17538321765364606,0.1412273744430425,0.22856851904194028,0.0014924963310072796,0.01741988789342634,0.004221716645041133,-1.6640746665513255,0.95,230.66545296975255,0.0,1741.832351265878,0.0
rv_future_7,full,lstm,regime_cqr,8640.0,0.9098379629629629,-0.040162037037037024,0.040162037037037024,0.024652777777777777,0.06550925925925925,0.024652777777777777,0.06550925925925925,0.14205696891940772,0.13316056161208395,0.2268814065769882,0.0016769973287081765,0.016238509404088785,0.003995037835716432,153244.51049094452,0.95,239.45506399906117,0.0,2598.0549124215077,0.0
rv_future_7,full,rf,regime_cqr,8640.0,0.9085648148148148,-0.041435185185185186,0.041435185185185186,0.0707175925925926,0.020717592592592593,0.0707175925925926,0.020717592592592593,0.16395501331399615,0.14650240764064687,0.2022798626930105,0.0016278048388388162,0.01521659984009124,0.0034291917284863522,-1.6872918849579073,0.95,253.54624524747305,0.0,2125.4402013024815,0.0
rv_future_7,price_onchain,lstm,raw_quantile,8640.0,0.9078703703703703,-0.04212962962962963,0.04212962962962963,0.038425925925925926,0.053703703703703705,0.038425925925925926,0.053703703703703705,0.12810856399028794,0.12604530528187746,0.2031264430803758,0.0016693957892188634,0.014262287538471363,0.003408765287790435,3122.7685324980903,0.95,261.3747244600372,0.0,2252.2397467292703,0.0
rv_future_7,price_only,har_ols,sym_conformal,8640.0,0.9006944444444445,-0.04930555555555549,0.04930555555555549,0.04791666666666667,0.05138888888888889,0.04791666666666667,0.05138888888888889,0.1239022682138084,0.11511630345449295,0.18361258279630835,0.0015633103547334974,0.01456681932564463,0.0030270042151741166,-1.6974846543052298,0.95,347.9847218832165,0.0,2127.7019178820174,0.0
rv_future_7,price_onchain,har_ols,regime_sym_conformal,8640.0,0.9,-0.04999999999999993,0.04999999999999993,0.02361111111111111,0.0763888888888889,0.02361111111111111,0.0763888888888889,0.11844881499148958,0.109176560911562,0.21277527457830758,0.001570073681894019,0.01491310256488516,0.0037493081825635756,10395.925447170426,0.95,356.9049028122563,0.0,2299.002654787945,0.0
rv_future_7,price_onchain,har_ols,sym_conformal,8640.0,0.9,-0.04999999999999993,0.04999999999999993,0.024305555555555556,0.07569444444444444,0.024305555555555556,0.07569444444444444,0.1200467595724042,0.1077025773547265,0.21367454498504432,0.00162399920026899,0.01491310256488516,0.0037178644243570217,10395.925447170426,0.95,356.9049028122563,0.0,2248.6333808199142,0.0
rv_future_7,full,gru,sym_conformal,8640.0,0.8991898148148149,-0.0508101851851851,0.0508101851851851,0.03935185185185185,0.06145833333333333,0.03935185185185185,0.06145833333333333,0.13763919891983575,0.1286235898733139,0.2202117262763269,0.00193524969716535,0.017976452264567885,0.0035700434597427263,286331.4619306652,0.95,367.4287681903188,0.0,2325.2300880795456,0.0
rv_future_7,price_only,ridge,sym_conformal,8640.0,0.8964120370370371,-0.053587962962962865,0.053587962962962865,0.04780092592592593,0.05578703703703704,0.04780092592592593,0.05578703703703704,0.1225149539595466,0.1153002615409333,0.18400392991464268,0.0015640264154353487,0.01436831058686809,0.003036071832430621,-1.7006226365540131,0.95,404.45514522711073,0.0,2152.7612460418245,0.0
rv_future_7,full,har_ols,sym_conformal,8640.0,0.8958333333333334,-0.054166666666666585,0.054166666666666585,0.05486111111111111,0.049305555555555554,0.05486111111111111,0.049305555555555554,0.13305884998863787,0.12088999233677895,0.20137394610549195,0.0021524736909829083,0.016361921204880864,0.002881874961654294,132063.85092949338,0.95,412.3508543458365,0.0,2282.0340163688165,0.0
rv_future_7,price_onchain,lstm,sym_conformal,8640.0,0.893287037037037,-0.05671296296296291,0.05671296296296291,0.033680555555555554,0.07303240740740741,0.033680555555555554,0.07303240740740741,0.12532523458530362,0.11980448663234705,0.21007024641295025,0.0016848441593291027,0.014847860978890624,0.003566912000994558,25551.471027560274,0.95,447.8246727849555,0.0,2708.2497755018044,0.0
rv_future_7,full,ridge,sym_conformal,8640.0,0.8916666666666667,-0.05833333333333324,0.05833333333333324,0.06041666666666667,0.04791666666666667,0.06041666666666667,0.04791666666666667,0.12402279263806348,0.11664523864296486,0.2123738739104683,0.0021499603460153616,0.01488368456683738,0.0031593865017462493,-1.6107864097775966,0.95,471.01245929974175,0.0,2565.0769586760466,0.0
rv_future_7,price_onchain,gru,sym_conformal,8640.0,0.8888888888888888,-0.061111111111111116,0.061111111111111116,0.044097222222222225,0.06701388888888889,0.044097222222222225,0.06701388888888889,0.12386344516567915,0.1187593042850494,0.21797229832958845,0.0018757700100417304,0.015242249688875917,0.003573537448197885,37321.250017074286,0.95,511.8523508488461,0.0,2261.7923015606575,0.0
rv_future_7,price_onchain,lstm,regime_sym_conformal,8640.0,0.8875,-0.0625,0.0625,0.040625,0.071875,0.040625,0.071875,0.12438892661013189,0.1194997320172719,0.2106100278762455,0.001737215909335816,0.014847860978890624,0.0035280347875702254,25551.471027560274,0.95,532.7804279989823,0.0,2810.403050449348,0.0
rv_future_7,price_only,gbr,sym_conformal,8640.0,0.8863425925925926,-0.06365740740740733,0.06365740740740733,0.06435185185185185,0.049305555555555554,0.06435185185185185,0.049305555555555554,0.12371693238288309,0.1181737087013322,0.1974678271569724,0.001793802443062444,0.015208064625792385,0.00314289323586177,-1.6877957517636253,0.95,550.4756781191072,0.0,2356.1388535392207,0.0
rv_future_7,full,gru,regime_sym_conformal,8640.0,0.8820601851851851,-0.06793981481481481,0.06793981481481481,0.05127314814814815,0.06666666666666667,0.05127314814814815,0.06666666666666667,0.13444842034231747,0.1246857311622178,0.2294735491114471,0.002128031039145495,0.017976452264567885,0.0036088076886405863,286331.4619306652,0.95,617.9304288137628,0.0,2696.5021823397988,0.0
rv_future_7,full,gbr,sym_conformal,8640.0,0.8818287037037037,-0.06817129629629626,0.06817129629629626,0.07037037037037037,0.04780092592592593,0.07037037037037037,0.04780092592592593,0.12099217393225115,0.11562910254305844,0.1825308817999861,0.001629686342286956,0.014955598024767848,0.002933585702712603,-1.6923513989550514,0.95,621.6642891315205,0.0,2569.133934311185,0.0
rv_future_7,price_only,har_ols,regime_sym_conformal,8640.0,0.8798611111111111,-0.07013888888888886,0.07013888888888886,0.06527777777777778,0.05486111111111111,0.06527777777777778,0.05486111111111111,0.12143989728908654,0.1170745946992591,0.19678591434355283,0.0017360893258015783,0.01456681932564463,0.003183558532787148,-1.6974846543052298,0.95,653.7593439359889,0.0,2569.4005664339475,0.0
rv_future_7,full,har_ols,regime_sym_conformal,8640.0,0.8798611111111111,-0.07013888888888886,0.07013888888888886,0.06458333333333334,0.05555555555555555,0.06458333333333334,0.05555555555555555,0.1307521041539692,0.1232348603203347,0.20630464196471401,0.002262076837328728,0.016361921204880864,0.0028955392117890263,132063.85092949338,0.95,653.7593439359889,0.0,2424.6884321783273,0.0
rv_future_7,full,lstm,sym_conformal,8640.0,0.8792824074074074,-0.07071759259259258,0.07071759259259258,0.0505787037037037,0.07013888888888889,0.0505787037037037,0.07013888888888889,0.13099432566841301,0.1206696555018425,0.238187962848575,0.0020914920639073533,0.01806962717068343,0.0038632070073069255,370568.37033719814,0.95,663.3199133984363,0.0,3127.6245152634738,0.0
rv_future_7,full,ridge,regime_sym_conformal,8640.0,0.8791666666666667,-0.0708333333333333,0.0708333333333333,0.07013888888888889,0.050694444444444445,0.07013888888888889,0.050694444444444445,0.12210545072265104,0.1156275217222945,0.21427737138852918,0.0021394054656147317,0.01488368456683738,0.0032175288190984027,-1.6107864097775966,0.95,665.2385769469493,0.0,2639.1450388818093,0.0
rv_future_7,price_only,gru,sym_conformal,8640.0,0.878125,-0.07187499999999991,0.07187499999999991,0.06516203703703703,0.056712962962962965,0.06516203703703703,0.056712962962962965,0.12453515107907283,0.1203516274690628,0.20462615889398916,0.0020033979071938045,0.0145419066470542,0.0031122560651558277,1211.9918414402405,0.95,682.6043890443043,0.0,2548.9891586003014,0.0
rv_future_7,price_only,lstm,sym_conformal,8640.0,0.8753472222222223,-0.07465277777777768,0.07465277777777768,0.07083333333333333,0.05381944444444445,0.07083333333333333,0.05381944444444445,0.1253381300665852,0.1216849498450756,0.23777470977419002,0.002867983863103529,0.015310563492064382,0.0030763838812511266,-1.6914802595816243,0.95,729.766293903358,0.0,2766.904678471446,0.0
rv_future_7,full,gru,raw_quantile,8640.0,0.8747685185185186,-0.0752314814814814,0.0752314814814814,0.03935185185185185,0.08587962962962963,0.03935185185185185,0.08587962962962963,0.1645548592939012,0.15665375441312784,0.28948308606546863,0.0019008184611334245,0.016007185689702566,0.005336258690503195,171805.57766169976,0.95,739.7462813923748,0.0,2683.759506168668,0.0
rv_future_7,price_onchain,ridge,sym_conformal,8640.0,0.8729166666666667,-0.07708333333333328,0.07708333333333328,0.03958333333333333,0.0875,0.03958333333333333,0.0875,0.11357545215079154,0.101093572649457,0.2088092800519354,0.0015983026673128647,0.012859887257768033,0.003621929333985424,-1.7021580640160798,0.95,772.0362116710285,0.0,3136.9166423296006,0.0
rv_future_7,price_onchain,gru,regime_sym_conformal,8640.0,0.872800925925926,-0.077199074074074,0.077199074074074,0.05555555555555555,0.07164351851851852,0.05555555555555555,0.07164351851851852,0.12109358349834615,0.11534040789935521,0.22487000156319506,0.002008327871070139,0.015242249688875917,0.0036134221680096425,37321.250017074286,0.95,774.0721385850011,0.0,2585.6786992073285,0.0
rv_future_7,price_only,gru,regime_sym_conformal,8640.0,0.8721064814814815,-0.07789351851851845,0.07789351851851845,0.07025462962962963,0.05763888888888889,0.07025462962962963,0.05763888888888889,0.1229072078106164,0.1191367387496412,0.20715558841034307,0.0020670443805029556,0.0145419066470542,0.0031118453297555265,1211.9918414402405,0.95,786.3314296202898,0.0,2575.6649969166992,0.0
rv_future_7,price_only,ridge,regime_sym_conformal,8640.0,0.8717592592592592,-0.07824074074074072,0.07824074074074072,0.06828703703703703,0.059953703703703703,0.06828703703703703,0.059953703703703703,0.11992829024341325,0.1167329542132298,0.19685120431178393,0.0017383189702413885,0.01436831058686809,0.003182961137553113,-1.7006226365540131,0.95,792.4891145327101,0.0,2889.4828591426995,0.0
rv_future_7,price_only,gbr,regime_sym_conformal,8640.0,0.8711805555555555,-0.07881944444444444,0.07881944444444444,0.07442129629629629,0.05439814814814815,0.07442129629629629,0.05439814814814815,0.12054437795351555,0.116759819365771,0.2040583881873967,0.001880323891798698,0.015208064625792385,0.003221135812886123,-1.6877957517636253,0.95,802.7933133193847,0.0,2689.7491987764515,0.0
rv_future_7,price_only,lstm,regime_sym_conformal,8640.0,0.8657407407407407,-0.08425925925925926,0.08425925925925926,0.07800925925925926,0.05625,0.07800925925925926,0.05625,0.1233115288781333,0.1176421239499355,0.2404094987837369,0.0029262210352274587,0.015310563492064382,0.0030840164343658694,-1.6914802595816243,0.95,902.1469076138783,0.0,2862.8290386775566,0.0
rv_future_7,price_onchain,ridge,regime_sym_conformal,8640.0,0.8645833333333334,-0.08541666666666659,0.08541666666666659,0.04583333333333333,0.08958333333333333,0.04583333333333333,0.08958333333333333,0.11224999984394125,0.0966922375616321,0.2110342173885562,0.001686584463380976,0.012859887257768033,0.003589270971332835,-1.7021580640160798,0.95,923.8587666433014,0.0,3377.049368818322,0.0
rv_future_7,full,lstm,regime_sym_conformal,8640.0,0.8641203703703704,-0.08587962962962958,0.08587962962962958,0.062037037037037036,0.0738425925925926,0.062037037037037036,0.0738425925925926,0.1282962462146967,0.11750816061913566,0.24740847226609644,0.002290777350035415,0.01806962717068343,0.0038944344566168997,370568.37033719814,0.95,932.598950413274,0.0,3405.623141459602,0.0
rv_future_7,full,gbr,regime_sym_conformal,8640.0,0.8607638888888889,-0.08923611111111107,0.08923611111111107,0.084375,0.05486111111111111,0.084375,0.05486111111111111,0.11733163429060095,0.1103875353290475,0.19215158810341637,0.0017564867193372072,0.014955598024767848,0.0030473029832481075,-1.6923513989550514,0.95,996.9030547961002,0.0,3057.2539452121346,0.0
rv_future_7,full,rf,sym_conformal,8640.0,0.852662037037037,-0.09733796296296293,0.09733796296296293,0.11053240740740741,0.03680555555555556,0.11053240740740741,0.03680555555555556,0.13108202873647853,0.11836728099257075,0.2358460456495659,0.0030027983720870986,0.016553419858814252,0.002893352769151954,-1.6780351990505025,0.95,1158.7509510551718,0.0,3155.1520924992615,0.0
rv_future_7,full,rf,regime_sym_conformal,8640.0,0.8435185185185186,-0.1064814814814814,0.1064814814814814,0.11840277777777777,0.038078703703703705,0.11840277777777777,0.038078703703703705,0.13158703846794476,0.1179022486233912,0.2363792832274227,0.0029201709782750943,0.016553419858814252,0.0029893111024103776,-1.6780351990505025,0.95,1352.2365106524448,0.0,3297.0983848190626,0.0
rv_future_7,price_onchain,gbr,sym_conformal,8640.0,0.8416666666666667,-0.10833333333333328,0.10833333333333328,0.09733796296296296,0.06099537037037037,0.09733796296296296,0.06099537037037037,0.1223598197378777,0.1142233346007175,0.24079918469517048,0.0029753107643814697,0.015178487482423397,0.0030446688529976963,-1.6897938156881824,0.95,1392.7737026811583,0.0,3464.7760944182046,0.0
rv_future_7,price_onchain,har_ols,raw_quantile,8640.0,0.8375,-0.11249999999999993,0.11249999999999993,0.05486111111111111,0.1076388888888889,0.05486111111111111,0.1076388888888889,0.1352065144451555,0.12270002829820895,0.29683564735421936,0.0015382934331868983,0.013683255209107847,0.0058825977506684925,10395.8851023318,0.95,1485.6019169296187,0.0,2293.6623031294666,0.0
rv_future_7,price_only,rf,sym_conformal,8640.0,0.8318287037037037,-0.1181712962962963,0.1181712962962963,0.12361111111111112,0.04456018518518518,0.12361111111111112,0.04456018518518518,0.1434930588244274,0.1305144426952521,0.336016911698634,0.004736746573340847,0.01938045612526307,0.0036636762191249086,-1.6464462304016076,0.95,1615.4852214299917,0.0,3672.3192836732524,0.0
rv_future_7,price_onchain,gbr,regime_sym_conformal,8640.0,0.8311342592592592,-0.11886574074074074,0.11886574074074074,0.10844907407407407,0.06041666666666667,0.10844907407407407,0.06041666666666667,0.11995097809747458,0.1120674866228878,0.24145449281772746,0.002980668900562116,0.015178487482423397,0.003055693419880977,-1.6897938156881824,0.95,1631.6645204632223,0.0,3654.509652244812,0.0
rv_future_7,price_onchain,rf,sym_conformal,8640.0,0.8256944444444444,-0.12430555555555556,0.12430555555555556,0.12175925925925926,0.0525462962962963,0.12175925925925926,0.0525462962962963,0.13908655124349734,0.1205863484552212,0.29098266699129893,0.004028219222142072,0.019026519773468947,0.0032463474526403086,-1.6493145350942247,0.95,1760.441511304798,0.0,3850.465756699974,0.0
rv_future_7,price_only,rf,regime_sym_conformal,8640.0,0.819212962962963,-0.13078703703703698,0.13078703703703698,0.13472222222222222,0.046064814814814815,0.13472222222222222,0.046064814814814815,0.1392112543615935,0.1257911982257107,0.34713415583242196,0.005026865845415982,0.01938045612526307,0.0036514880503944742,-1.6464462304016076,0.95,1918.5099380070542,0.0,3770.336112410315,0.0
rv_future_7,price_onchain,rf,regime_sym_conformal,8640.0,0.8109953703703704,-0.13900462962962956,0.13900462962962956,0.13402777777777777,0.05497685185185185,0.13402777777777777,0.05497685185185185,0.13687858312027992,0.120476833555207,0.3048813174834649,0.0043108580121277145,0.019026519773468947,0.0033111749249588123,-1.6493145350942247,0.95,2125.948874929474,0.0,4019.715014673836,0.0
rv_future_7,price_only,rf,raw_quantile,8640.0,0.8033564814814815,-0.14664351851851842,0.14664351851851842,0.14907407407407408,0.04756944444444444,0.14907407407407408,0.04756944444444444,0.14212237962177002,0.11036986674196439,0.2562564366795083,0.0020151776811470784,0.01741988789342634,0.004391233235840537,-1.6640746665513255,0.95,2325.6139105785714,0.0,2544.0081260822853,0.0
rv_future_7,price_onchain,rf,raw_quantile,8640.0,0.7887731481481481,-0.16122685185185182,0.16122685185185182,0.16724537037037038,0.04398148148148148,0.16724537037037038,0.04398148148148148,0.1314773167814338,0.1114708820225267,0.24374005095408044,0.0024366949456075698,0.01856689798504876,0.003656806328244347,-1.6479615966552439,0.95,2724.368990564275,0.0,3457.6618914441597,0.0
rv_future_7,full,lstm,raw_quantile,8640.0,0.7797453703703704,-0.17025462962962956,0.17025462962962956,0.07002314814814815,0.1502314814814815,0.07002314814814815,0.1502314814814815,0.10704171702268968,0.1008469937369227,0.32141163242389303,0.002143071091585417,0.016238509404088785,0.0058922197190118125,153244.51049094452,0.95,2982.3476397262293,0.0,4300.829793563219,0.0
rv_future_7,full,rf,raw_quantile,8640.0,0.7290509259259259,-0.22094907407407405,0.22094907407407405,0.21805555555555556,0.05289351851851852,0.21805555555555556,0.05289351851851852,0.12238849736475249,0.10772254863340225,0.2859504412687666,0.0034345860744184704,0.01521659984009124,0.0037141749573006027,-1.6872918849579073,0.95,4577.226315292459,0.0,4279.41291892999,0.0
rv_future_7,full,har_ols,raw_quantile,8640.0,0.7229166666666667,-0.2270833333333333,0.2270833333333333,0.17152777777777778,0.10555555555555556,0.17152777777777778,0.10555555555555556,0.1585919655910915,0.14356002278608854,0.36334621315180193,0.0032328952508827815,0.013867498891197884,0.005850760077912175,62682.3677430884,0.95,4786.054860862243,0.0,3353.728200693622,0.0
